arm,allele,protein_name,model,seq_idx,n_all,n_forward,n_inverted,n_published
deployed,HLA-DPA10201-DPB10101,1y9l_A,base,0,0,0,0,0
deployed,HLA-DPA10103-DPB10401,1y9l_A,base,0,4,4,0,4
deployed,HLA-DPA10103-DPB10201,1y9l_A,base,0,2,2,0,2
deployed,HLA-DPA10201-DPB10101,1y9l_A,base,1,0,0,0,0
deployed,HLA-DPA10103-DPB10401,1y9l_A,base,1,0,0,0,0
deployed,HLA-DPA10103-DPB10201,1y9l_A,base,1,0,0,0,0
deployed,HLA-DPA10201-DPB10101,1y9l_A,base,2,10,10,0,10
deployed,HLA-DPA10103-DPB10401,1y9l_A,base,2,4,4,0,4
deployed,HLA-DPA10103-DPB10201,1y9l_A,base,2,0,0,0,0
deployed,HLA-DPA10201-DPB10101,1y9l_A,base,3,2,2,0,2
deployed,HLA-DPA10103-DPB10401,1y9l_A,base,3,0,0,0,0
deployed,HLA-DPA10103-DPB10201,1y9l_A,base,3,4,4,0,4
deployed,HLA-DPA10201-DPB10101,1y9l_A,finetuned,0,1,1,0,1
deployed,HLA-DPA10103-DPB10401,1y9l_A,finetuned,0,3,3,0,3
deployed,HLA-DPA10103-DPB10201,1y9l_A,finetuned,0,3,3,0,3
deployed,HLA-DPA10201-DPB10101,1y9l_A,finetuned,1,9,5,4,9
deployed,HLA-DPA10103-DPB10401,1y9l_A,finetuned,1,4,4,0,4
deployed,HLA-DPA10103-DPB10201,1y9l_A,finetuned,1,0,0,0,0
deployed,HLA-DPA10201-DPB10101,1y9l_A,finetuned,2,11,7,4,11
deployed,HLA-DPA10103-DPB10401,1y9l_A,finetuned,2,0,0,0,0
deployed,HLA-DPA10103-DPB10201,1y9l_A,finetuned,2,2,2,0,2
deployed,HLA-DPA10201-DPB10101,1y9l_A,finetuned,3,10,6,4,10
deployed,HLA-DPA10103-DPB10401,1y9l_A,finetuned,3,1,1,0,1
deployed,HLA-DPA10103-DPB10201,1y9l_A,finetuned,3,4,4,0,4
deployed,HLA-DPA10201-DPB10101,1zx4_C,base,0,11,10,1,11
deployed,HLA-DPA10103-DPB10401,1zx4_C,base,0,2,2,0,2
deployed,HLA-DPA10103-DPB10201,1zx4_C,base,0,9,9,0,9
deployed,HLA-DPA10201-DPB10101,1zx4_C,base,1,19,13,6,19
deployed,HLA-DPA10103-DPB10401,1zx4_C,base,1,8,8,0,8
deployed,HLA-DPA10103-DPB10201,1zx4_C,base,1,14,14,0,14
deployed,HLA-DPA10201-DPB10101,1zx4_C,base,2,19,14,5,19
deployed,HLA-DPA10103-DPB10401,1zx4_C,base,2,8,8,0,8
deployed,HLA-DPA10103-DPB10201,1zx4_C,base,2,7,7,0,7
deployed,HLA-DPA10201-DPB10101,1zx4_C,base,3,20,12,8,20
deployed,HLA-DPA10103-DPB10401,1zx4_C,base,3,12,12,0,12
deployed,HLA-DPA10103-DPB10201,1zx4_C,base,3,12,12,0,12
deployed,HLA-DPA10201-DPB10101,1zx4_C,finetuned,0,26,22,4,26
deployed,HLA-DPA10103-DPB10401,1zx4_C,finetuned,0,12,12,0,12
deployed,HLA-DPA10103-DPB10201,1zx4_C,finetuned,0,11,11,0,11
deployed,HLA-DPA10201-DPB10101,1zx4_C,finetuned,1,33,26,7,33
deployed,HLA-DPA10103-DPB10401,1zx4_C,finetuned,1,6,6,0,6
deployed,HLA-DPA10103-DPB10201,1zx4_C,finetuned,1,14,14,0,14
deployed,HLA-DPA10201-DPB10101,1zx4_C,finetuned,2,29,24,5,29
deployed,HLA-DPA10103-DPB10401,1zx4_C,finetuned,2,11,11,0,11
deployed,HLA-DPA10103-DPB10201,1zx4_C,finetuned,2,14,14,0,14
deployed,HLA-DPA10201-DPB10101,1zx4_C,finetuned,3,21,17,4,21
deployed,HLA-DPA10103-DPB10401,1zx4_C,finetuned,3,7,7,0,7
deployed,HLA-DPA10103-DPB10201,1zx4_C,finetuned,3,2,2,0,2
deployed,HLA-DPA10201-DPB10101,2gj8_B,base,0,7,7,0,7
deployed,HLA-DPA10103-DPB10401,2gj8_B,base,0,2,2,0,2
deployed,HLA-DPA10103-DPB10201,2gj8_B,base,0,14,13,1,14
deployed,HLA-DPA10201-DPB10101,2gj8_B,base,1,10,6,4,10
deployed,HLA-DPA10103-DPB10401,2gj8_B,base,1,2,2,0,2
deployed,HLA-DPA10103-DPB10201,2gj8_B,base,1,13,13,0,13
deployed,HLA-DPA10201-DPB10101,2gj8_B,base,2,2,2,0,2
deployed,HLA-DPA10103-DPB10401,2gj8_B,base,2,2,2,0,2
deployed,HLA-DPA10103-DPB10201,2gj8_B,base,2,9,9,0,9
deployed,HLA-DPA10201-DPB10101,2gj8_B,base,3,11,7,4,11
deployed,HLA-DPA10103-DPB10401,2gj8_B,base,3,5,5,0,5
deployed,HLA-DPA10103-DPB10201,2gj8_B,base,3,10,10,0,10
deployed,HLA-DPA10201-DPB10101,2gj8_B,finetuned,0,11,7,4,11
deployed,HLA-DPA10103-DPB10401,2gj8_B,finetuned,0,3,3,0,3
deployed,HLA-DPA10103-DPB10201,2gj8_B,finetuned,0,11,11,0,11
deployed,HLA-DPA10201-DPB10101,2gj8_B,finetuned,1,0,0,0,0
deployed,HLA-DPA10103-DPB10401,2gj8_B,finetuned,1,1,1,0,1
deployed,HLA-DPA10103-DPB10201,2gj8_B,finetuned,1,10,10,0,10
deployed,HLA-DPA10201-DPB10101,2gj8_B,finetuned,2,8,1,7,8
deployed,HLA-DPA10103-DPB10401,2gj8_B,finetuned,2,8,8,0,8
deployed,HLA-DPA10103-DPB10201,2gj8_B,finetuned,2,13,13,0,13
deployed,HLA-DPA10201-DPB10101,2gj8_B,finetuned,3,2,2,0,2
deployed,HLA-DPA10103-DPB10401,2gj8_B,finetuned,3,6,6,0,6
deployed,HLA-DPA10103-DPB10201,2gj8_B,finetuned,3,12,12,0,12
deployed,HLA-DPA10201-DPB10101,2rfr_A,base,0,5,3,2,5
deployed,HLA-DPA10103-DPB10401,2rfr_A,base,0,9,9,0,9
deployed,HLA-DPA10103-DPB10201,2rfr_A,base,0,9,9,0,9
deployed,HLA-DPA10201-DPB10101,2rfr_A,base,1,9,3,6,9
deployed,HLA-DPA10103-DPB10401,2rfr_A,base,1,8,8,0,8
deployed,HLA-DPA10103-DPB10201,2rfr_A,base,1,0,0,0,0
deployed,HLA-DPA10201-DPB10101,2rfr_A,base,2,7,4,3,7
deployed,HLA-DPA10103-DPB10401,2rfr_A,base,2,18,18,0,18
deployed,HLA-DPA10103-DPB10201,2rfr_A,base,2,11,11,0,11
deployed,HLA-DPA10201-DPB10101,2rfr_A,base,3,8,8,0,8
deployed,HLA-DPA10103-DPB10401,2rfr_A,base,3,3,3,0,3
deployed,HLA-DPA10103-DPB10201,2rfr_A,base,3,0,0,0,0
deployed,HLA-DPA10201-DPB10101,2rfr_A,finetuned,0,7,4,3,7
deployed,HLA-DPA10103-DPB10401,2rfr_A,finetuned,0,13,13,0,13
deployed,HLA-DPA10103-DPB10201,2rfr_A,finetuned,0,4,4,0,4
deployed,HLA-DPA10201-DPB10101,2rfr_A,finetuned,1,8,6,2,8
deployed,HLA-DPA10103-DPB10401,2rfr_A,finetuned,1,0,0,0,0
deployed,HLA-DPA10103-DPB10201,2rfr_A,finetuned,1,0,0,0,0
deployed,HLA-DPA10201-DPB10101,2rfr_A,finetuned,2,3,1,2,3
deployed,HLA-DPA10103-DPB10401,2rfr_A,finetuned,2,3,3,0,3
deployed,HLA-DPA10103-DPB10201,2rfr_A,finetuned,2,17,17,0,17
deployed,HLA-DPA10201-DPB10101,2rfr_A,finetuned,3,8,8,0,8
deployed,HLA-DPA10103-DPB10401,2rfr_A,finetuned,3,3,3,0,3
deployed,HLA-DPA10103-DPB10201,2rfr_A,finetuned,3,0,0,0,0
deployed,HLA-DPA10201-DPB10101,3fnr_A,base,0,17,11,6,17
deployed,HLA-DPA10103-DPB10401,3fnr_A,base,0,18,18,0,18
deployed,HLA-DPA10103-DPB10201,3fnr_A,base,0,3,3,0,3
deployed,HLA-DPA10201-DPB10101,3fnr_A,base,1,17,13,4,17
deployed,HLA-DPA10103-DPB10401,3fnr_A,base,1,10,10,0,10
deployed,HLA-DPA10103-DPB10201,3fnr_A,base,1,4,4,0,4
deployed,HLA-DPA10201-DPB10101,3fnr_A,base,2,32,24,8,32
deployed,HLA-DPA10103-DPB10401,3fnr_A,base,2,27,27,0,27
deployed,HLA-DPA10103-DPB10201,3fnr_A,base,2,14,14,0,14
deployed,HLA-DPA10201-DPB10101,3fnr_A,base,3,30,30,0,30
deployed,HLA-DPA10103-DPB10401,3fnr_A,base,3,33,33,0,33
deployed,HLA-DPA10103-DPB10201,3fnr_A,base,3,11,11,0,11
deployed,HLA-DPA10201-DPB10101,3fnr_A,finetuned,0,24,20,4,24
deployed,HLA-DPA10103-DPB10401,3fnr_A,finetuned,0,4,4,0,4
deployed,HLA-DPA10103-DPB10201,3fnr_A,finetuned,0,2,0,2,2
deployed,HLA-DPA10201-DPB10101,3fnr_A,finetuned,1,25,25,0,25
deployed,HLA-DPA10103-DPB10401,3fnr_A,finetuned,1,13,13,0,13
deployed,HLA-DPA10103-DPB10201,3fnr_A,finetuned,1,11,11,0,11
deployed,HLA-DPA10201-DPB10101,3fnr_A,finetuned,2,27,24,3,27
deployed,HLA-DPA10103-DPB10401,3fnr_A,finetuned,2,16,16,0,16
deployed,HLA-DPA10103-DPB10201,3fnr_A,finetuned,2,10,10,0,10
deployed,HLA-DPA10201-DPB10101,3fnr_A,finetuned,3,22,20,2,22
deployed,HLA-DPA10103-DPB10401,3fnr_A,finetuned,3,8,8,0,8
deployed,HLA-DPA10103-DPB10201,3fnr_A,finetuned,3,2,2,0,2
deployed,HLA-DPA10201-DPB10101,3g73_B,base,0,5,5,0,5
deployed,HLA-DPA10103-DPB10401,3g73_B,base,0,3,3,0,3
deployed,HLA-DPA10103-DPB10201,3g73_B,base,0,0,0,0,0
deployed,HLA-DPA10201-DPB10101,3g73_B,base,1,12,12,0,12
deployed,HLA-DPA10103-DPB10401,3g73_B,base,1,7,7,0,7
deployed,HLA-DPA10103-DPB10201,3g73_B,base,1,5,5,0,5
deployed,HLA-DPA10201-DPB10101,3g73_B,base,2,6,6,0,6
deployed,HLA-DPA10103-DPB10401,3g73_B,base,2,5,5,0,5
deployed,HLA-DPA10103-DPB10201,3g73_B,base,2,0,0,0,0
deployed,HLA-DPA10201-DPB10101,3g73_B,base,3,8,4,4,8
deployed,HLA-DPA10103-DPB10401,3g73_B,base,3,6,6,0,6
deployed,HLA-DPA10103-DPB10201,3g73_B,base,3,4,4,0,4
deployed,HLA-DPA10201-DPB10101,3g73_B,finetuned,0,11,10,1,11
deployed,HLA-DPA10103-DPB10401,3g73_B,finetuned,0,1,1,0,1
deployed,HLA-DPA10103-DPB10201,3g73_B,finetuned,0,0,0,0,0
deployed,HLA-DPA10201-DPB10101,3g73_B,finetuned,1,19,17,2,19
deployed,HLA-DPA10103-DPB10401,3g73_B,finetuned,1,3,3,0,3
deployed,HLA-DPA10103-DPB10201,3g73_B,finetuned,1,3,3,0,3
deployed,HLA-DPA10201-DPB10101,3g73_B,finetuned,2,13,13,0,13
deployed,HLA-DPA10103-DPB10401,3g73_B,finetuned,2,1,1,0,1
deployed,HLA-DPA10103-DPB10201,3g73_B,finetuned,2,2,2,0,2
deployed,HLA-DPA10201-DPB10101,3g73_B,finetuned,3,3,3,0,3
deployed,HLA-DPA10103-DPB10401,3g73_B,finetuned,3,2,2,0,2
deployed,HLA-DPA10103-DPB10201,3g73_B,finetuned,3,4,4,0,4
deployed,HLA-DPA10201-DPB10101,3hj7_A,base,0,6,6,0,6
deployed,HLA-DPA10103-DPB10401,3hj7_A,base,0,7,7,0,7
deployed,HLA-DPA10103-DPB10201,3hj7_A,base,0,5,5,0,5
deployed,HLA-DPA10201-DPB10101,3hj7_A,base,1,4,4,0,4
deployed,HLA-DPA10103-DPB10401,3hj7_A,base,1,4,4,0,4
deployed,HLA-DPA10103-DPB10201,3hj7_A,base,1,5,5,0,5
deployed,HLA-DPA10201-DPB10101,3hj7_A,base,2,1,1,0,1
deployed,HLA-DPA10103-DPB10401,3hj7_A,base,2,4,4,0,4
deployed,HLA-DPA10103-DPB10201,3hj7_A,base,2,5,5,0,5
deployed,HLA-DPA10201-DPB10101,3hj7_A,base,3,7,7,0,7
deployed,HLA-DPA10103-DPB10401,3hj7_A,base,3,3,3,0,3
deployed,HLA-DPA10103-DPB10201,3hj7_A,base,3,4,4,0,4
deployed,HLA-DPA10201-DPB10101,3hj7_A,finetuned,0,7,7,0,7
deployed,HLA-DPA10103-DPB10401,3hj7_A,finetuned,0,0,0,0,0
deployed,HLA-DPA10103-DPB10201,3hj7_A,finetuned,0,1,1,0,1
deployed,HLA-DPA10201-DPB10101,3hj7_A,finetuned,1,9,8,1,9
deployed,HLA-DPA10103-DPB10401,3hj7_A,finetuned,1,3,0,3,3
deployed,HLA-DPA10103-DPB10201,3hj7_A,finetuned,1,4,3,1,4
deployed,HLA-DPA10201-DPB10101,3hj7_A,finetuned,2,9,4,5,9
deployed,HLA-DPA10103-DPB10401,3hj7_A,finetuned,2,6,6,0,6
deployed,HLA-DPA10103-DPB10201,3hj7_A,finetuned,2,7,7,0,7
deployed,HLA-DPA10201-DPB10101,3hj7_A,finetuned,3,7,6,1,7
deployed,HLA-DPA10103-DPB10401,3hj7_A,finetuned,3,5,4,1,5
deployed,HLA-DPA10103-DPB10201,3hj7_A,finetuned,3,2,2,0,2
deployed,HLA-DPA10201-DPB10101,3qp3_B,base,0,0,0,0,0
deployed,HLA-DPA10103-DPB10401,3qp3_B,base,0,0,0,0,0
deployed,HLA-DPA10103-DPB10201,3qp3_B,base,0,0,0,0,0
deployed,HLA-DPA10201-DPB10101,3qp3_B,base,1,2,0,2,2
deployed,HLA-DPA10103-DPB10401,3qp3_B,base,1,0,0,0,0
deployed,HLA-DPA10103-DPB10201,3qp3_B,base,1,0,0,0,0
deployed,HLA-DPA10201-DPB10101,3qp3_B,base,2,4,4,0,4
deployed,HLA-DPA10103-DPB10401,3qp3_B,base,2,0,0,0,0
deployed,HLA-DPA10103-DPB10201,3qp3_B,base,2,0,0,0,0
deployed,HLA-DPA10201-DPB10101,3qp3_B,base,3,0,0,0,0
deployed,HLA-DPA10103-DPB10401,3qp3_B,base,3,0,0,0,0
deployed,HLA-DPA10103-DPB10201,3qp3_B,base,3,0,0,0,0
deployed,HLA-DPA10201-DPB10101,3qp3_B,finetuned,0,0,0,0,0
deployed,HLA-DPA10103-DPB10401,3qp3_B,finetuned,0,0,0,0,0
deployed,HLA-DPA10103-DPB10201,3qp3_B,finetuned,0,0,0,0,0
deployed,HLA-DPA10201-DPB10101,3qp3_B,finetuned,1,0,0,0,0
deployed,HLA-DPA10103-DPB10401,3qp3_B,finetuned,1,0,0,0,0
deployed,HLA-DPA10103-DPB10201,3qp3_B,finetuned,1,0,0,0,0
deployed,HLA-DPA10201-DPB10101,3qp3_B,finetuned,2,0,0,0,0
deployed,HLA-DPA10103-DPB10401,3qp3_B,finetuned,2,0,0,0,0
deployed,HLA-DPA10103-DPB10201,3qp3_B,finetuned,2,0,0,0,0
deployed,HLA-DPA10201-DPB10101,3qp3_B,finetuned,3,0,0,0,0
deployed,HLA-DPA10103-DPB10401,3qp3_B,finetuned,3,0,0,0,0
deployed,HLA-DPA10103-DPB10201,3qp3_B,finetuned,3,0,0,0,0
deployed,HLA-DPA10201-DPB10101,3tvz_A,base,0,9,9,0,9
deployed,HLA-DPA10103-DPB10401,3tvz_A,base,0,7,7,0,7
deployed,HLA-DPA10103-DPB10201,3tvz_A,base,0,6,6,0,6
deployed,HLA-DPA10201-DPB10101,3tvz_A,base,1,18,14,4,18
deployed,HLA-DPA10103-DPB10401,3tvz_A,base,1,10,10,0,10
deployed,HLA-DPA10103-DPB10201,3tvz_A,base,1,13,13,0,13
deployed,HLA-DPA10201-DPB10101,3tvz_A,base,2,8,8,0,8
deployed,HLA-DPA10103-DPB10401,3tvz_A,base,2,0,0,0,0
deployed,HLA-DPA10103-DPB10201,3tvz_A,base,2,0,0,0,0
deployed,HLA-DPA10201-DPB10101,3tvz_A,base,3,11,11,0,11
deployed,HLA-DPA10103-DPB10401,3tvz_A,base,3,5,5,0,5
deployed,HLA-DPA10103-DPB10201,3tvz_A,base,3,5,5,0,5
deployed,HLA-DPA10201-DPB10101,3tvz_A,finetuned,0,11,6,5,11
deployed,HLA-DPA10103-DPB10401,3tvz_A,finetuned,0,2,2,0,2
deployed,HLA-DPA10103-DPB10201,3tvz_A,finetuned,0,2,2,0,2
deployed,HLA-DPA10201-DPB10101,3tvz_A,finetuned,1,15,11,4,15
deployed,HLA-DPA10103-DPB10401,3tvz_A,finetuned,1,3,3,0,3
deployed,HLA-DPA10103-DPB10201,3tvz_A,finetuned,1,0,0,0,0
deployed,HLA-DPA10201-DPB10101,3tvz_A,finetuned,2,12,8,4,12
deployed,HLA-DPA10103-DPB10401,3tvz_A,finetuned,2,5,5,0,5
deployed,HLA-DPA10103-DPB10201,3tvz_A,finetuned,2,4,4,0,4
deployed,HLA-DPA10201-DPB10101,3tvz_A,finetuned,3,12,12,0,12
deployed,HLA-DPA10103-DPB10401,3tvz_A,finetuned,3,0,0,0,0
deployed,HLA-DPA10103-DPB10201,3tvz_A,finetuned,3,1,1,0,1
deployed,HLA-DPA10201-DPB10101,4kqd_A,base,0,11,9,2,11
deployed,HLA-DPA10103-DPB10401,4kqd_A,base,0,8,8,0,8
deployed,HLA-DPA10103-DPB10201,4kqd_A,base,0,16,15,1,16
deployed,HLA-DPA10201-DPB10101,4kqd_A,base,1,13,13,0,13
deployed,HLA-DPA10103-DPB10401,4kqd_A,base,1,12,12,0,12
deployed,HLA-DPA10103-DPB10201,4kqd_A,base,1,18,18,0,18
deployed,HLA-DPA10201-DPB10101,4kqd_A,base,2,14,9,5,14
deployed,HLA-DPA10103-DPB10401,4kqd_A,base,2,7,7,0,7
deployed,HLA-DPA10103-DPB10201,4kqd_A,base,2,12,8,4,12
deployed,HLA-DPA10201-DPB10101,4kqd_A,base,3,9,9,0,9
deployed,HLA-DPA10103-DPB10401,4kqd_A,base,3,6,6,0,6
deployed,HLA-DPA10103-DPB10201,4kqd_A,base,3,22,20,2,22
deployed,HLA-DPA10201-DPB10101,4kqd_A,finetuned,0,1,1,0,1
deployed,HLA-DPA10103-DPB10401,4kqd_A,finetuned,0,5,5,0,5
deployed,HLA-DPA10103-DPB10201,4kqd_A,finetuned,0,3,3,0,3
deployed,HLA-DPA10201-DPB10101,4kqd_A,finetuned,1,1,1,0,1
deployed,HLA-DPA10103-DPB10401,4kqd_A,finetuned,1,0,0,0,0
deployed,HLA-DPA10103-DPB10201,4kqd_A,finetuned,1,12,12,0,12
deployed,HLA-DPA10201-DPB10101,4kqd_A,finetuned,2,14,14,0,14
deployed,HLA-DPA10103-DPB10401,4kqd_A,finetuned,2,9,9,0,9
deployed,HLA-DPA10103-DPB10201,4kqd_A,finetuned,2,13,13,0,13
deployed,HLA-DPA10201-DPB10101,4kqd_A,finetuned,3,4,4,0,4
deployed,HLA-DPA10103-DPB10401,4kqd_A,finetuned,3,9,9,0,9
deployed,HLA-DPA10103-DPB10201,4kqd_A,finetuned,3,15,15,0,15
deployed,HLA-DPA10201-DPB10101,4lor_A,base,0,0,0,0,0
deployed,HLA-DPA10103-DPB10401,4lor_A,base,0,3,3,0,3
deployed,HLA-DPA10103-DPB10201,4lor_A,base,0,1,1,0,1
deployed,HLA-DPA10201-DPB10101,4lor_A,base,1,7,7,0,7
deployed,HLA-DPA10103-DPB10401,4lor_A,base,1,3,3,0,3
deployed,HLA-DPA10103-DPB10201,4lor_A,base,1,0,0,0,0
deployed,HLA-DPA10201-DPB10101,4lor_A,base,2,5,5,0,5
deployed,HLA-DPA10103-DPB10401,4lor_A,base,2,0,0,0,0
deployed,HLA-DPA10103-DPB10201,4lor_A,base,2,0,0,0,0
deployed,HLA-DPA10201-DPB10101,4lor_A,base,3,8,8,0,8
deployed,HLA-DPA10103-DPB10401,4lor_A,base,3,0,0,0,0
deployed,HLA-DPA10103-DPB10201,4lor_A,base,3,0,0,0,0
deployed,HLA-DPA10201-DPB10101,4lor_A,finetuned,0,5,5,0,5
deployed,HLA-DPA10103-DPB10401,4lor_A,finetuned,0,0,0,0,0
deployed,HLA-DPA10103-DPB10201,4lor_A,finetuned,0,3,3,0,3
deployed,HLA-DPA10201-DPB10101,4lor_A,finetuned,1,7,7,0,7
deployed,HLA-DPA10103-DPB10401,4lor_A,finetuned,1,0,0,0,0
deployed,HLA-DPA10103-DPB10201,4lor_A,finetuned,1,0,0,0,0
deployed,HLA-DPA10201-DPB10101,4lor_A,finetuned,2,2,2,0,2
deployed,HLA-DPA10103-DPB10401,4lor_A,finetuned,2,4,4,0,4
deployed,HLA-DPA10103-DPB10201,4lor_A,finetuned,2,1,1,0,1
deployed,HLA-DPA10201-DPB10101,4lor_A,finetuned,3,10,7,3,10
deployed,HLA-DPA10103-DPB10401,4lor_A,finetuned,3,0,0,0,0
deployed,HLA-DPA10103-DPB10201,4lor_A,finetuned,3,0,0,0,0
deployed,HLA-DPA10201-DPB10101,4n4u_A,base,0,9,9,0,9
deployed,HLA-DPA10103-DPB10401,4n4u_A,base,0,7,7,0,7
deployed,HLA-DPA10103-DPB10201,4n4u_A,base,0,9,9,0,9
deployed,HLA-DPA10201-DPB10101,4n4u_A,base,1,28,19,9,28
deployed,HLA-DPA10103-DPB10401,4n4u_A,base,1,4,4,0,4
deployed,HLA-DPA10103-DPB10201,4n4u_A,base,1,6,6,0,6
deployed,HLA-DPA10201-DPB10101,4n4u_A,base,2,15,14,1,15
deployed,HLA-DPA10103-DPB10401,4n4u_A,base,2,4,4,0,4
deployed,HLA-DPA10103-DPB10201,4n4u_A,base,2,7,7,0,7
deployed,HLA-DPA10201-DPB10101,4n4u_A,base,3,21,21,0,21
deployed,HLA-DPA10103-DPB10401,4n4u_A,base,3,3,3,0,3
deployed,HLA-DPA10103-DPB10201,4n4u_A,base,3,0,0,0,0
deployed,HLA-DPA10201-DPB10101,4n4u_A,finetuned,0,10,8,2,10
deployed,HLA-DPA10103-DPB10401,4n4u_A,finetuned,0,1,1,0,1
deployed,HLA-DPA10103-DPB10201,4n4u_A,finetuned,0,11,11,0,11
deployed,HLA-DPA10201-DPB10101,4n4u_A,finetuned,1,4,4,0,4
deployed,HLA-DPA10103-DPB10401,4n4u_A,finetuned,1,1,1,0,1
deployed,HLA-DPA10103-DPB10201,4n4u_A,finetuned,1,2,2,0,2
deployed,HLA-DPA10201-DPB10101,4n4u_A,finetuned,2,26,25,1,26
deployed,HLA-DPA10103-DPB10401,4n4u_A,finetuned,2,3,3,0,3
deployed,HLA-DPA10103-DPB10201,4n4u_A,finetuned,2,2,2,0,2
deployed,HLA-DPA10201-DPB10101,4n4u_A,finetuned,3,17,15,2,17
deployed,HLA-DPA10103-DPB10401,4n4u_A,finetuned,3,4,4,0,4
deployed,HLA-DPA10103-DPB10201,4n4u_A,finetuned,3,2,2,0,2
deployed,HLA-DPA10201-DPB10101,4oyu_A,base,0,13,11,2,13
deployed,HLA-DPA10103-DPB10401,4oyu_A,base,0,26,26,0,26
deployed,HLA-DPA10103-DPB10201,4oyu_A,base,0,12,9,3,12
deployed,HLA-DPA10201-DPB10101,4oyu_A,base,1,16,14,2,16
deployed,HLA-DPA10103-DPB10401,4oyu_A,base,1,25,25,0,25
deployed,HLA-DPA10103-DPB10201,4oyu_A,base,1,18,18,0,18
deployed,HLA-DPA10201-DPB10101,4oyu_A,base,2,19,18,1,19
deployed,HLA-DPA10103-DPB10401,4oyu_A,base,2,21,21,0,21
deployed,HLA-DPA10103-DPB10201,4oyu_A,base,2,17,17,0,17
deployed,HLA-DPA10201-DPB10101,4oyu_A,base,3,10,5,5,10
deployed,HLA-DPA10103-DPB10401,4oyu_A,base,3,11,11,0,11
deployed,HLA-DPA10103-DPB10201,4oyu_A,base,3,5,4,1,5
deployed,HLA-DPA10201-DPB10101,4oyu_A,finetuned,0,3,2,1,3
deployed,HLA-DPA10103-DPB10401,4oyu_A,finetuned,0,9,9,0,9
deployed,HLA-DPA10103-DPB10201,4oyu_A,finetuned,0,14,14,0,14
deployed,HLA-DPA10201-DPB10101,4oyu_A,finetuned,1,21,18,3,21
deployed,HLA-DPA10103-DPB10401,4oyu_A,finetuned,1,12,12,0,12
deployed,HLA-DPA10103-DPB10201,4oyu_A,finetuned,1,8,8,0,8
deployed,HLA-DPA10201-DPB10101,4oyu_A,finetuned,2,23,10,13,23
deployed,HLA-DPA10103-DPB10401,4oyu_A,finetuned,2,17,17,0,17
deployed,HLA-DPA10103-DPB10201,4oyu_A,finetuned,2,15,12,3,15
deployed,HLA-DPA10201-DPB10101,4oyu_A,finetuned,3,18,14,4,18
deployed,HLA-DPA10103-DPB10401,4oyu_A,finetuned,3,14,14,0,14
deployed,HLA-DPA10103-DPB10201,4oyu_A,finetuned,3,13,13,0,13
deployed,HLA-DPA10201-DPB10101,4pyr_A,base,0,14,14,0,14
deployed,HLA-DPA10103-DPB10401,4pyr_A,base,0,3,3,0,3
deployed,HLA-DPA10103-DPB10201,4pyr_A,base,0,4,4,0,4
deployed,HLA-DPA10201-DPB10101,4pyr_A,base,1,14,14,0,14
deployed,HLA-DPA10103-DPB10401,4pyr_A,base,1,5,5,0,5
deployed,HLA-DPA10103-DPB10201,4pyr_A,base,1,4,4,0,4
deployed,HLA-DPA10201-DPB10101,4pyr_A,base,2,13,13,0,13
deployed,HLA-DPA10103-DPB10401,4pyr_A,base,2,6,6,0,6
deployed,HLA-DPA10103-DPB10201,4pyr_A,base,2,4,4,0,4
deployed,HLA-DPA10201-DPB10101,4pyr_A,base,3,6,6,0,6
deployed,HLA-DPA10103-DPB10401,4pyr_A,base,3,7,7,0,7
deployed,HLA-DPA10103-DPB10201,4pyr_A,base,3,1,1,0,1
deployed,HLA-DPA10201-DPB10101,4pyr_A,finetuned,0,6,6,0,6
deployed,HLA-DPA10103-DPB10401,4pyr_A,finetuned,0,5,5,0,5
deployed,HLA-DPA10103-DPB10201,4pyr_A,finetuned,0,4,4,0,4
deployed,HLA-DPA10201-DPB10101,4pyr_A,finetuned,1,21,17,4,21
deployed,HLA-DPA10103-DPB10401,4pyr_A,finetuned,1,0,0,0,0
deployed,HLA-DPA10103-DPB10201,4pyr_A,finetuned,1,1,1,0,1
deployed,HLA-DPA10201-DPB10101,4pyr_A,finetuned,2,14,14,0,14
deployed,HLA-DPA10103-DPB10401,4pyr_A,finetuned,2,6,6,0,6
deployed,HLA-DPA10103-DPB10201,4pyr_A,finetuned,2,6,6,0,6
deployed,HLA-DPA10201-DPB10101,4pyr_A,finetuned,3,21,17,4,21
deployed,HLA-DPA10103-DPB10401,4pyr_A,finetuned,3,9,9,0,9
deployed,HLA-DPA10103-DPB10201,4pyr_A,finetuned,3,16,16,0,16
deployed,HLA-DPA10201-DPB10101,4qpm_A,base,0,19,17,2,19
deployed,HLA-DPA10103-DPB10401,4qpm_A,base,0,15,15,0,15
deployed,HLA-DPA10103-DPB10201,4qpm_A,base,0,12,12,0,12
deployed,HLA-DPA10201-DPB10101,4qpm_A,base,1,19,17,2,19
deployed,HLA-DPA10103-DPB10401,4qpm_A,base,1,6,6,0,6
deployed,HLA-DPA10103-DPB10201,4qpm_A,base,1,6,6,0,6
deployed,HLA-DPA10201-DPB10101,4qpm_A,base,2,9,9,0,9
deployed,HLA-DPA10103-DPB10401,4qpm_A,base,2,16,16,0,16
deployed,HLA-DPA10103-DPB10201,4qpm_A,base,2,15,15,0,15
deployed,HLA-DPA10201-DPB10101,4qpm_A,base,3,7,7,0,7
deployed,HLA-DPA10103-DPB10401,4qpm_A,base,3,8,8,0,8
deployed,HLA-DPA10103-DPB10201,4qpm_A,base,3,15,15,0,15
deployed,HLA-DPA10201-DPB10101,4qpm_A,finetuned,0,11,11,0,11
deployed,HLA-DPA10103-DPB10401,4qpm_A,finetuned,0,15,15,0,15
deployed,HLA-DPA10103-DPB10201,4qpm_A,finetuned,0,10,10,0,10
deployed,HLA-DPA10201-DPB10101,4qpm_A,finetuned,1,17,17,0,17
deployed,HLA-DPA10103-DPB10401,4qpm_A,finetuned,1,11,11,0,11
deployed,HLA-DPA10103-DPB10201,4qpm_A,finetuned,1,6,6,0,6
deployed,HLA-DPA10201-DPB10101,4qpm_A,finetuned,2,17,10,7,17
deployed,HLA-DPA10103-DPB10401,4qpm_A,finetuned,2,14,14,0,14
deployed,HLA-DPA10103-DPB10201,4qpm_A,finetuned,2,16,16,0,16
deployed,HLA-DPA10201-DPB10101,4qpm_A,finetuned,3,9,9,0,9
deployed,HLA-DPA10103-DPB10401,4qpm_A,finetuned,3,6,6,0,6
deployed,HLA-DPA10103-DPB10201,4qpm_A,finetuned,3,16,16,0,16
deployed,HLA-DPA10201-DPB10101,4tql_B,base,0,70,50,20,70
deployed,HLA-DPA10103-DPB10401,4tql_B,base,0,0,0,0,0
deployed,HLA-DPA10103-DPB10201,4tql_B,base,0,5,5,0,5
deployed,HLA-DPA10201-DPB10101,4tql_B,base,1,78,66,12,78
deployed,HLA-DPA10103-DPB10401,4tql_B,base,1,0,0,0,0
deployed,HLA-DPA10103-DPB10201,4tql_B,base,1,2,2,0,2
deployed,HLA-DPA10201-DPB10101,4tql_B,base,2,48,33,15,48
deployed,HLA-DPA10103-DPB10401,4tql_B,base,2,0,0,0,0
deployed,HLA-DPA10103-DPB10201,4tql_B,base,2,4,4,0,4
deployed,HLA-DPA10201-DPB10101,4tql_B,base,3,26,16,10,26
deployed,HLA-DPA10103-DPB10401,4tql_B,base,3,0,0,0,0
deployed,HLA-DPA10103-DPB10201,4tql_B,base,3,0,0,0,0
deployed,HLA-DPA10201-DPB10101,4tql_B,finetuned,0,44,31,13,44
deployed,HLA-DPA10103-DPB10401,4tql_B,finetuned,0,0,0,0,0
deployed,HLA-DPA10103-DPB10201,4tql_B,finetuned,0,1,1,0,1
deployed,HLA-DPA10201-DPB10101,4tql_B,finetuned,1,74,50,24,74
deployed,HLA-DPA10103-DPB10401,4tql_B,finetuned,1,0,0,0,0
deployed,HLA-DPA10103-DPB10201,4tql_B,finetuned,1,3,3,0,3
deployed,HLA-DPA10201-DPB10101,4tql_B,finetuned,2,69,50,19,69
deployed,HLA-DPA10103-DPB10401,4tql_B,finetuned,2,0,0,0,0
deployed,HLA-DPA10103-DPB10201,4tql_B,finetuned,2,1,1,0,1
deployed,HLA-DPA10201-DPB10101,4tql_B,finetuned,3,38,25,13,38
deployed,HLA-DPA10103-DPB10401,4tql_B,finetuned,3,0,0,0,0
deployed,HLA-DPA10103-DPB10201,4tql_B,finetuned,3,4,4,0,4
deployed,HLA-DPA10201-DPB10101,4wyi_A,base,0,22,22,0,22
deployed,HLA-DPA10103-DPB10401,4wyi_A,base,0,10,10,0,10
deployed,HLA-DPA10103-DPB10201,4wyi_A,base,0,4,4,0,4
deployed,HLA-DPA10201-DPB10101,4wyi_A,base,1,11,11,0,11
deployed,HLA-DPA10103-DPB10401,4wyi_A,base,1,11,11,0,11
deployed,HLA-DPA10103-DPB10201,4wyi_A,base,1,7,7,0,7
deployed,HLA-DPA10201-DPB10101,4wyi_A,base,2,16,16,0,16
deployed,HLA-DPA10103-DPB10401,4wyi_A,base,2,8,8,0,8
deployed,HLA-DPA10103-DPB10201,4wyi_A,base,2,4,4,0,4
deployed,HLA-DPA10201-DPB10101,4wyi_A,base,3,23,22,1,23
deployed,HLA-DPA10103-DPB10401,4wyi_A,base,3,6,6,0,6
deployed,HLA-DPA10103-DPB10201,4wyi_A,base,3,5,5,0,5
deployed,HLA-DPA10201-DPB10101,4wyi_A,finetuned,0,8,8,0,8
deployed,HLA-DPA10103-DPB10401,4wyi_A,finetuned,0,8,8,0,8
deployed,HLA-DPA10103-DPB10201,4wyi_A,finetuned,0,7,7,0,7
deployed,HLA-DPA10201-DPB10101,4wyi_A,finetuned,1,13,9,4,13
deployed,HLA-DPA10103-DPB10401,4wyi_A,finetuned,1,6,6,0,6
deployed,HLA-DPA10103-DPB10201,4wyi_A,finetuned,1,7,7,0,7
deployed,HLA-DPA10201-DPB10101,4wyi_A,finetuned,2,0,0,0,0
deployed,HLA-DPA10103-DPB10401,4wyi_A,finetuned,2,10,10,0,10
deployed,HLA-DPA10103-DPB10201,4wyi_A,finetuned,2,5,5,0,5
deployed,HLA-DPA10201-DPB10101,4wyi_A,finetuned,3,9,9,0,9
deployed,HLA-DPA10103-DPB10401,4wyi_A,finetuned,3,4,4,0,4
deployed,HLA-DPA10103-DPB10201,4wyi_A,finetuned,3,6,6,0,6
deployed,HLA-DPA10201-DPB10101,5els_A,base,0,8,5,3,8
deployed,HLA-DPA10103-DPB10401,5els_A,base,0,0,0,0,0
deployed,HLA-DPA10103-DPB10201,5els_A,base,0,2,2,0,2
deployed,HLA-DPA10201-DPB10101,5els_A,base,1,4,4,0,4
deployed,HLA-DPA10103-DPB10401,5els_A,base,1,0,0,0,0
deployed,HLA-DPA10103-DPB10201,5els_A,base,1,0,0,0,0
deployed,HLA-DPA10201-DPB10101,5els_A,base,2,8,3,5,8
deployed,HLA-DPA10103-DPB10401,5els_A,base,2,3,3,0,3
deployed,HLA-DPA10103-DPB10201,5els_A,base,2,4,4,0,4
deployed,HLA-DPA10201-DPB10101,5els_A,base,3,17,7,10,17
deployed,HLA-DPA10103-DPB10401,5els_A,base,3,3,3,0,3
deployed,HLA-DPA10103-DPB10201,5els_A,base,3,9,9,0,9
deployed,HLA-DPA10201-DPB10101,5els_A,finetuned,0,5,4,1,5
deployed,HLA-DPA10103-DPB10401,5els_A,finetuned,0,0,0,0,0
deployed,HLA-DPA10103-DPB10201,5els_A,finetuned,0,0,0,0,0
deployed,HLA-DPA10201-DPB10101,5els_A,finetuned,1,10,7,3,10
deployed,HLA-DPA10103-DPB10401,5els_A,finetuned,1,0,0,0,0
deployed,HLA-DPA10103-DPB10201,5els_A,finetuned,1,0,0,0,0
deployed,HLA-DPA10201-DPB10101,5els_A,finetuned,2,5,4,1,5
deployed,HLA-DPA10103-DPB10401,5els_A,finetuned,2,0,0,0,0
deployed,HLA-DPA10103-DPB10201,5els_A,finetuned,2,0,0,0,0
deployed,HLA-DPA10201-DPB10101,5els_A,finetuned,3,7,6,1,7
deployed,HLA-DPA10103-DPB10401,5els_A,finetuned,3,0,0,0,0
deployed,HLA-DPA10103-DPB10201,5els_A,finetuned,3,0,0,0,0
deployed,HLA-DPA10201-DPB10101,5htx_A,base,0,4,4,0,4
deployed,HLA-DPA10103-DPB10401,5htx_A,base,0,9,9,0,9
deployed,HLA-DPA10103-DPB10201,5htx_A,base,0,8,8,0,8
deployed,HLA-DPA10201-DPB10101,5htx_A,base,1,20,20,0,20
deployed,HLA-DPA10103-DPB10401,5htx_A,base,1,9,9,0,9
deployed,HLA-DPA10103-DPB10201,5htx_A,base,1,10,10,0,10
deployed,HLA-DPA10201-DPB10101,5htx_A,base,2,3,3,0,3
deployed,HLA-DPA10103-DPB10401,5htx_A,base,2,9,9,0,9
deployed,HLA-DPA10103-DPB10201,5htx_A,base,2,5,5,0,5
deployed,HLA-DPA10201-DPB10101,5htx_A,base,3,6,4,2,6
deployed,HLA-DPA10103-DPB10401,5htx_A,base,3,13,13,0,13
deployed,HLA-DPA10103-DPB10201,5htx_A,base,3,12,12,0,12
deployed,HLA-DPA10201-DPB10101,5htx_A,finetuned,0,7,4,3,7
deployed,HLA-DPA10103-DPB10401,5htx_A,finetuned,0,11,11,0,11
deployed,HLA-DPA10103-DPB10201,5htx_A,finetuned,0,12,12,0,12
deployed,HLA-DPA10201-DPB10101,5htx_A,finetuned,1,7,7,0,7
deployed,HLA-DPA10103-DPB10401,5htx_A,finetuned,1,12,12,0,12
deployed,HLA-DPA10103-DPB10201,5htx_A,finetuned,1,4,4,0,4
deployed,HLA-DPA10201-DPB10101,5htx_A,finetuned,2,9,3,6,9
deployed,HLA-DPA10103-DPB10401,5htx_A,finetuned,2,1,1,0,1
deployed,HLA-DPA10103-DPB10201,5htx_A,finetuned,2,4,4,0,4
deployed,HLA-DPA10201-DPB10101,5htx_A,finetuned,3,4,4,0,4
deployed,HLA-DPA10103-DPB10401,5htx_A,finetuned,3,6,6,0,6
deployed,HLA-DPA10103-DPB10201,5htx_A,finetuned,3,5,5,0,5
deployed,HLA-DPA10201-DPB10101,5o75_A,base,0,0,0,0,0
deployed,HLA-DPA10103-DPB10401,5o75_A,base,0,0,0,0,0
deployed,HLA-DPA10103-DPB10201,5o75_A,base,0,0,0,0,0
deployed,HLA-DPA10201-DPB10101,5o75_A,base,1,6,2,4,6
deployed,HLA-DPA10103-DPB10401,5o75_A,base,1,0,0,0,0
deployed,HLA-DPA10103-DPB10201,5o75_A,base,1,3,3,0,3
deployed,HLA-DPA10201-DPB10101,5o75_A,base,2,3,1,2,3
deployed,HLA-DPA10103-DPB10401,5o75_A,base,2,0,0,0,0
deployed,HLA-DPA10103-DPB10201,5o75_A,base,2,0,0,0,0
deployed,HLA-DPA10201-DPB10101,5o75_A,base,3,0,0,0,0
deployed,HLA-DPA10103-DPB10401,5o75_A,base,3,0,0,0,0
deployed,HLA-DPA10103-DPB10201,5o75_A,base,3,0,0,0,0
deployed,HLA-DPA10201-DPB10101,5o75_A,finetuned,0,9,4,5,9
deployed,HLA-DPA10103-DPB10401,5o75_A,finetuned,0,0,0,0,0
deployed,HLA-DPA10103-DPB10201,5o75_A,finetuned,0,0,0,0,0
deployed,HLA-DPA10201-DPB10101,5o75_A,finetuned,1,0,0,0,0
deployed,HLA-DPA10103-DPB10401,5o75_A,finetuned,1,4,4,0,4
deployed,HLA-DPA10103-DPB10201,5o75_A,finetuned,1,6,6,0,6
deployed,HLA-DPA10201-DPB10101,5o75_A,finetuned,2,4,4,0,4
deployed,HLA-DPA10103-DPB10401,5o75_A,finetuned,2,0,0,0,0
deployed,HLA-DPA10103-DPB10201,5o75_A,finetuned,2,0,0,0,0
deployed,HLA-DPA10201-DPB10101,5o75_A,finetuned,3,0,0,0,0
deployed,HLA-DPA10103-DPB10401,5o75_A,finetuned,3,0,0,0,0
deployed,HLA-DPA10103-DPB10201,5o75_A,finetuned,3,0,0,0,0
deployed,HLA-DPA10201-DPB10101,6i9s_B,base,0,0,0,0,0
deployed,HLA-DPA10103-DPB10401,6i9s_B,base,0,8,8,0,8
deployed,HLA-DPA10103-DPB10201,6i9s_B,base,0,10,10,0,10
deployed,HLA-DPA10201-DPB10101,6i9s_B,base,1,3,0,3,3
deployed,HLA-DPA10103-DPB10401,6i9s_B,base,1,8,8,0,8
deployed,HLA-DPA10103-DPB10201,6i9s_B,base,1,8,8,0,8
deployed,HLA-DPA10201-DPB10101,6i9s_B,base,2,4,4,0,4
deployed,HLA-DPA10103-DPB10401,6i9s_B,base,2,6,6,0,6
deployed,HLA-DPA10103-DPB10201,6i9s_B,base,2,8,8,0,8
deployed,HLA-DPA10201-DPB10101,6i9s_B,base,3,10,10,0,10
deployed,HLA-DPA10103-DPB10401,6i9s_B,base,3,6,6,0,6
deployed,HLA-DPA10103-DPB10201,6i9s_B,base,3,6,6,0,6
deployed,HLA-DPA10201-DPB10101,6i9s_B,finetuned,0,3,2,1,3
deployed,HLA-DPA10103-DPB10401,6i9s_B,finetuned,0,11,11,0,11
deployed,HLA-DPA10103-DPB10201,6i9s_B,finetuned,0,10,10,0,10
deployed,HLA-DPA10201-DPB10101,6i9s_B,finetuned,1,10,10,0,10
deployed,HLA-DPA10103-DPB10401,6i9s_B,finetuned,1,9,9,0,9
deployed,HLA-DPA10103-DPB10201,6i9s_B,finetuned,1,7,7,0,7
deployed,HLA-DPA10201-DPB10101,6i9s_B,finetuned,2,7,6,1,7
deployed,HLA-DPA10103-DPB10401,6i9s_B,finetuned,2,8,8,0,8
deployed,HLA-DPA10103-DPB10201,6i9s_B,finetuned,2,8,8,0,8
deployed,HLA-DPA10201-DPB10101,6i9s_B,finetuned,3,6,4,2,6
deployed,HLA-DPA10103-DPB10401,6i9s_B,finetuned,3,6,6,0,6
deployed,HLA-DPA10103-DPB10201,6i9s_B,finetuned,3,5,5,0,5
deployed,HLA-DPA10201-DPB10101,6r1g_B,base,0,16,10,6,16
deployed,HLA-DPA10103-DPB10401,6r1g_B,base,0,0,0,0,0
deployed,HLA-DPA10103-DPB10201,6r1g_B,base,0,5,5,0,5
deployed,HLA-DPA10201-DPB10101,6r1g_B,base,1,16,11,5,16
deployed,HLA-DPA10103-DPB10401,6r1g_B,base,1,4,4,0,4
deployed,HLA-DPA10103-DPB10201,6r1g_B,base,1,5,5,0,5
deployed,HLA-DPA10201-DPB10101,6r1g_B,base,2,19,16,3,19
deployed,HLA-DPA10103-DPB10401,6r1g_B,base,2,3,3,0,3
deployed,HLA-DPA10103-DPB10201,6r1g_B,base,2,4,4,0,4
deployed,HLA-DPA10201-DPB10101,6r1g_B,base,3,22,18,4,22
deployed,HLA-DPA10103-DPB10401,6r1g_B,base,3,7,6,1,7
deployed,HLA-DPA10103-DPB10201,6r1g_B,base,3,4,3,1,4
deployed,HLA-DPA10201-DPB10101,6r1g_B,finetuned,0,2,0,2,2
deployed,HLA-DPA10103-DPB10401,6r1g_B,finetuned,0,0,0,0,0
deployed,HLA-DPA10103-DPB10201,6r1g_B,finetuned,0,1,1,0,1
deployed,HLA-DPA10201-DPB10101,6r1g_B,finetuned,1,9,9,0,9
deployed,HLA-DPA10103-DPB10401,6r1g_B,finetuned,1,0,0,0,0
deployed,HLA-DPA10103-DPB10201,6r1g_B,finetuned,1,0,0,0,0
deployed,HLA-DPA10201-DPB10101,6r1g_B,finetuned,2,5,5,0,5
deployed,HLA-DPA10103-DPB10401,6r1g_B,finetuned,2,0,0,0,0
deployed,HLA-DPA10103-DPB10201,6r1g_B,finetuned,2,1,1,0,1
deployed,HLA-DPA10201-DPB10101,6r1g_B,finetuned,3,8,8,0,8
deployed,HLA-DPA10103-DPB10401,6r1g_B,finetuned,3,0,0,0,0
deployed,HLA-DPA10103-DPB10201,6r1g_B,finetuned,3,2,2,0,2
deployed,HLA-DPA10201-DPB10101,6y93_A,base,0,17,16,1,17
deployed,HLA-DPA10103-DPB10401,6y93_A,base,0,0,0,0,0
deployed,HLA-DPA10103-DPB10201,6y93_A,base,0,0,0,0,0
deployed,HLA-DPA10201-DPB10101,6y93_A,base,1,10,5,5,10
deployed,HLA-DPA10103-DPB10401,6y93_A,base,1,0,0,0,0
deployed,HLA-DPA10103-DPB10201,6y93_A,base,1,4,4,0,4
deployed,HLA-DPA10201-DPB10101,6y93_A,base,2,11,11,0,11
deployed,HLA-DPA10103-DPB10401,6y93_A,base,2,1,1,0,1
deployed,HLA-DPA10103-DPB10201,6y93_A,base,2,0,0,0,0
deployed,HLA-DPA10201-DPB10101,6y93_A,base,3,12,12,0,12
deployed,HLA-DPA10103-DPB10401,6y93_A,base,3,3,3,0,3
deployed,HLA-DPA10103-DPB10201,6y93_A,base,3,2,2,0,2
deployed,HLA-DPA10201-DPB10101,6y93_A,finetuned,0,10,10,0,10
deployed,HLA-DPA10103-DPB10401,6y93_A,finetuned,0,0,0,0,0
deployed,HLA-DPA10103-DPB10201,6y93_A,finetuned,0,6,6,0,6
deployed,HLA-DPA10201-DPB10101,6y93_A,finetuned,1,12,8,4,12
deployed,HLA-DPA10103-DPB10401,6y93_A,finetuned,1,3,3,0,3
deployed,HLA-DPA10103-DPB10201,6y93_A,finetuned,1,0,0,0,0
deployed,HLA-DPA10201-DPB10101,6y93_A,finetuned,2,13,10,3,13
deployed,HLA-DPA10103-DPB10401,6y93_A,finetuned,2,2,2,0,2
deployed,HLA-DPA10103-DPB10201,6y93_A,finetuned,2,0,0,0,0
deployed,HLA-DPA10201-DPB10101,6y93_A,finetuned,3,12,8,4,12
deployed,HLA-DPA10103-DPB10401,6y93_A,finetuned,3,1,1,0,1
deployed,HLA-DPA10103-DPB10201,6y93_A,finetuned,3,1,1,0,1
deployed,HLA-DPA10201-DPB10101,6zul_E,base,0,0,0,0,0
deployed,HLA-DPA10103-DPB10401,6zul_E,base,0,10,10,0,10
deployed,HLA-DPA10103-DPB10201,6zul_E,base,0,1,1,0,1
deployed,HLA-DPA10201-DPB10101,6zul_E,base,1,0,0,0,0
deployed,HLA-DPA10103-DPB10401,6zul_E,base,1,10,10,0,10
deployed,HLA-DPA10103-DPB10201,6zul_E,base,1,4,4,0,4
deployed,HLA-DPA10201-DPB10101,6zul_E,base,2,1,1,0,1
deployed,HLA-DPA10103-DPB10401,6zul_E,base,2,6,6,0,6
deployed,HLA-DPA10103-DPB10201,6zul_E,base,2,7,7,0,7
deployed,HLA-DPA10201-DPB10101,6zul_E,base,3,0,0,0,0
deployed,HLA-DPA10103-DPB10401,6zul_E,base,3,11,11,0,11
deployed,HLA-DPA10103-DPB10201,6zul_E,base,3,7,7,0,7
deployed,HLA-DPA10201-DPB10101,6zul_E,finetuned,0,0,0,0,0
deployed,HLA-DPA10103-DPB10401,6zul_E,finetuned,0,0,0,0,0
deployed,HLA-DPA10103-DPB10201,6zul_E,finetuned,0,0,0,0,0
deployed,HLA-DPA10201-DPB10101,6zul_E,finetuned,1,0,0,0,0
deployed,HLA-DPA10103-DPB10401,6zul_E,finetuned,1,11,11,0,11
deployed,HLA-DPA10103-DPB10201,6zul_E,finetuned,1,0,0,0,0
deployed,HLA-DPA10201-DPB10101,6zul_E,finetuned,2,0,0,0,0
deployed,HLA-DPA10103-DPB10401,6zul_E,finetuned,2,5,5,0,5
deployed,HLA-DPA10103-DPB10201,6zul_E,finetuned,2,5,5,0,5
deployed,HLA-DPA10201-DPB10101,6zul_E,finetuned,3,0,0,0,0
deployed,HLA-DPA10103-DPB10401,6zul_E,finetuned,3,0,0,0,0
deployed,HLA-DPA10103-DPB10201,6zul_E,finetuned,3,0,0,0,0
mhc2only,HLA-DPA10201-DPB10101,1y9l_A,base,0,0,0,0,0
mhc2only,HLA-DPA10103-DPB10401,1y9l_A,base,0,4,4,0,4
mhc2only,HLA-DPA10103-DPB10201,1y9l_A,base,0,2,2,0,2
mhc2only,HLA-DPA10201-DPB10101,1y9l_A,base,1,0,0,0,0
mhc2only,HLA-DPA10103-DPB10401,1y9l_A,base,1,0,0,0,0
mhc2only,HLA-DPA10103-DPB10201,1y9l_A,base,1,0,0,0,0
mhc2only,HLA-DPA10201-DPB10101,1y9l_A,base,2,10,10,0,10
mhc2only,HLA-DPA10103-DPB10401,1y9l_A,base,2,4,4,0,4
mhc2only,HLA-DPA10103-DPB10201,1y9l_A,base,2,0,0,0,0
mhc2only,HLA-DPA10201-DPB10101,1y9l_A,base,3,2,2,0,2
mhc2only,HLA-DPA10103-DPB10401,1y9l_A,base,3,0,0,0,0
mhc2only,HLA-DPA10103-DPB10201,1y9l_A,base,3,4,4,0,4
mhc2only,HLA-DPA10201-DPB10101,1y9l_A,finetuned,0,0,0,0,0
mhc2only,HLA-DPA10103-DPB10401,1y9l_A,finetuned,0,0,0,0,0
mhc2only,HLA-DPA10103-DPB10201,1y9l_A,finetuned,0,3,3,0,3
mhc2only,HLA-DPA10201-DPB10101,1y9l_A,finetuned,1,1,1,0,1
mhc2only,HLA-DPA10103-DPB10401,1y9l_A,finetuned,1,2,2,0,2
mhc2only,HLA-DPA10103-DPB10201,1y9l_A,finetuned,1,1,1,0,1
mhc2only,HLA-DPA10201-DPB10101,1y9l_A,finetuned,2,0,0,0,0
mhc2only,HLA-DPA10103-DPB10401,1y9l_A,finetuned,2,1,1,0,1
mhc2only,HLA-DPA10103-DPB10201,1y9l_A,finetuned,2,0,0,0,0
mhc2only,HLA-DPA10201-DPB10101,1y9l_A,finetuned,3,0,0,0,0
mhc2only,HLA-DPA10103-DPB10401,1y9l_A,finetuned,3,4,4,0,4
mhc2only,HLA-DPA10103-DPB10201,1y9l_A,finetuned,3,1,1,0,1
mhc2only,HLA-DPA10201-DPB10101,1zx4_C,base,0,11,10,1,11
mhc2only,HLA-DPA10103-DPB10401,1zx4_C,base,0,2,2,0,2
mhc2only,HLA-DPA10103-DPB10201,1zx4_C,base,0,9,9,0,9
mhc2only,HLA-DPA10201-DPB10101,1zx4_C,base,1,19,13,6,19
mhc2only,HLA-DPA10103-DPB10401,1zx4_C,base,1,8,8,0,8
mhc2only,HLA-DPA10103-DPB10201,1zx4_C,base,1,14,14,0,14
mhc2only,HLA-DPA10201-DPB10101,1zx4_C,base,2,19,14,5,19
mhc2only,HLA-DPA10103-DPB10401,1zx4_C,base,2,8,8,0,8
mhc2only,HLA-DPA10103-DPB10201,1zx4_C,base,2,7,7,0,7
mhc2only,HLA-DPA10201-DPB10101,1zx4_C,base,3,20,12,8,20
mhc2only,HLA-DPA10103-DPB10401,1zx4_C,base,3,12,12,0,12
mhc2only,HLA-DPA10103-DPB10201,1zx4_C,base,3,12,12,0,12
mhc2only,HLA-DPA10201-DPB10101,1zx4_C,finetuned,0,2,1,1,2
mhc2only,HLA-DPA10103-DPB10401,1zx4_C,finetuned,0,6,6,0,6
mhc2only,HLA-DPA10103-DPB10201,1zx4_C,finetuned,0,4,4,0,4
mhc2only,HLA-DPA10201-DPB10101,1zx4_C,finetuned,1,2,2,0,2
mhc2only,HLA-DPA10103-DPB10401,1zx4_C,finetuned,1,17,17,0,17
mhc2only,HLA-DPA10103-DPB10201,1zx4_C,finetuned,1,13,13,0,13
mhc2only,HLA-DPA10201-DPB10101,1zx4_C,finetuned,2,5,2,3,5
mhc2only,HLA-DPA10103-DPB10401,1zx4_C,finetuned,2,11,11,0,11
mhc2only,HLA-DPA10103-DPB10201,1zx4_C,finetuned,2,8,8,0,8
mhc2only,HLA-DPA10201-DPB10101,1zx4_C,finetuned,3,14,11,3,14
mhc2only,HLA-DPA10103-DPB10401,1zx4_C,finetuned,3,0,0,0,0
mhc2only,HLA-DPA10103-DPB10201,1zx4_C,finetuned,3,5,5,0,5
mhc2only,HLA-DPA10201-DPB10101,2gj8_B,base,0,7,7,0,7
mhc2only,HLA-DPA10103-DPB10401,2gj8_B,base,0,2,2,0,2
mhc2only,HLA-DPA10103-DPB10201,2gj8_B,base,0,14,13,1,14
mhc2only,HLA-DPA10201-DPB10101,2gj8_B,base,1,10,6,4,10
mhc2only,HLA-DPA10103-DPB10401,2gj8_B,base,1,2,2,0,2
mhc2only,HLA-DPA10103-DPB10201,2gj8_B,base,1,13,13,0,13
mhc2only,HLA-DPA10201-DPB10101,2gj8_B,base,2,2,2,0,2
mhc2only,HLA-DPA10103-DPB10401,2gj8_B,base,2,2,2,0,2
mhc2only,HLA-DPA10103-DPB10201,2gj8_B,base,2,9,9,0,9
mhc2only,HLA-DPA10201-DPB10101,2gj8_B,base,3,11,7,4,11
mhc2only,HLA-DPA10103-DPB10401,2gj8_B,base,3,5,5,0,5
mhc2only,HLA-DPA10103-DPB10201,2gj8_B,base,3,10,10,0,10
mhc2only,HLA-DPA10201-DPB10101,2gj8_B,finetuned,0,0,0,0,0
mhc2only,HLA-DPA10103-DPB10401,2gj8_B,finetuned,0,4,4,0,4
mhc2only,HLA-DPA10103-DPB10201,2gj8_B,finetuned,0,8,8,0,8
mhc2only,HLA-DPA10201-DPB10101,2gj8_B,finetuned,1,4,0,4,4
mhc2only,HLA-DPA10103-DPB10401,2gj8_B,finetuned,1,5,5,0,5
mhc2only,HLA-DPA10103-DPB10201,2gj8_B,finetuned,1,12,12,0,12
mhc2only,HLA-DPA10201-DPB10101,2gj8_B,finetuned,2,3,0,3,3
mhc2only,HLA-DPA10103-DPB10401,2gj8_B,finetuned,2,7,7,0,7
mhc2only,HLA-DPA10103-DPB10201,2gj8_B,finetuned,2,11,11,0,11
mhc2only,HLA-DPA10201-DPB10101,2gj8_B,finetuned,3,2,2,0,2
mhc2only,HLA-DPA10103-DPB10401,2gj8_B,finetuned,3,2,2,0,2
mhc2only,HLA-DPA10103-DPB10201,2gj8_B,finetuned,3,15,15,0,15
mhc2only,HLA-DPA10201-DPB10101,2rfr_A,base,0,5,3,2,5
mhc2only,HLA-DPA10103-DPB10401,2rfr_A,base,0,9,9,0,9
mhc2only,HLA-DPA10103-DPB10201,2rfr_A,base,0,9,9,0,9
mhc2only,HLA-DPA10201-DPB10101,2rfr_A,base,1,9,3,6,9
mhc2only,HLA-DPA10103-DPB10401,2rfr_A,base,1,8,8,0,8
mhc2only,HLA-DPA10103-DPB10201,2rfr_A,base,1,0,0,0,0
mhc2only,HLA-DPA10201-DPB10101,2rfr_A,base,2,7,4,3,7
mhc2only,HLA-DPA10103-DPB10401,2rfr_A,base,2,18,18,0,18
mhc2only,HLA-DPA10103-DPB10201,2rfr_A,base,2,11,11,0,11
mhc2only,HLA-DPA10201-DPB10101,2rfr_A,base,3,8,8,0,8
mhc2only,HLA-DPA10103-DPB10401,2rfr_A,base,3,3,3,0,3
mhc2only,HLA-DPA10103-DPB10201,2rfr_A,base,3,0,0,0,0
mhc2only,HLA-DPA10201-DPB10101,2rfr_A,finetuned,0,3,3,0,3
mhc2only,HLA-DPA10103-DPB10401,2rfr_A,finetuned,0,0,0,0,0
mhc2only,HLA-DPA10103-DPB10201,2rfr_A,finetuned,0,0,0,0,0
mhc2only,HLA-DPA10201-DPB10101,2rfr_A,finetuned,1,4,4,0,4
mhc2only,HLA-DPA10103-DPB10401,2rfr_A,finetuned,1,2,2,0,2
mhc2only,HLA-DPA10103-DPB10201,2rfr_A,finetuned,1,1,1,0,1
mhc2only,HLA-DPA10201-DPB10101,2rfr_A,finetuned,2,2,2,0,2
mhc2only,HLA-DPA10103-DPB10401,2rfr_A,finetuned,2,4,4,0,4
mhc2only,HLA-DPA10103-DPB10201,2rfr_A,finetuned,2,2,2,0,2
mhc2only,HLA-DPA10201-DPB10101,2rfr_A,finetuned,3,6,6,0,6
mhc2only,HLA-DPA10103-DPB10401,2rfr_A,finetuned,3,3,3,0,3
mhc2only,HLA-DPA10103-DPB10201,2rfr_A,finetuned,3,4,4,0,4
mhc2only,HLA-DPA10201-DPB10101,3fnr_A,base,0,17,11,6,17
mhc2only,HLA-DPA10103-DPB10401,3fnr_A,base,0,18,18,0,18
mhc2only,HLA-DPA10103-DPB10201,3fnr_A,base,0,3,3,0,3
mhc2only,HLA-DPA10201-DPB10101,3fnr_A,base,1,17,13,4,17
mhc2only,HLA-DPA10103-DPB10401,3fnr_A,base,1,10,10,0,10
mhc2only,HLA-DPA10103-DPB10201,3fnr_A,base,1,4,4,0,4
mhc2only,HLA-DPA10201-DPB10101,3fnr_A,base,2,32,24,8,32
mhc2only,HLA-DPA10103-DPB10401,3fnr_A,base,2,27,27,0,27
mhc2only,HLA-DPA10103-DPB10201,3fnr_A,base,2,14,14,0,14
mhc2only,HLA-DPA10201-DPB10101,3fnr_A,base,3,30,30,0,30
mhc2only,HLA-DPA10103-DPB10401,3fnr_A,base,3,33,33,0,33
mhc2only,HLA-DPA10103-DPB10201,3fnr_A,base,3,11,11,0,11
mhc2only,HLA-DPA10201-DPB10101,3fnr_A,finetuned,0,7,7,0,7
mhc2only,HLA-DPA10103-DPB10401,3fnr_A,finetuned,0,6,6,0,6
mhc2only,HLA-DPA10103-DPB10201,3fnr_A,finetuned,0,6,6,0,6
mhc2only,HLA-DPA10201-DPB10101,3fnr_A,finetuned,1,12,8,4,12
mhc2only,HLA-DPA10103-DPB10401,3fnr_A,finetuned,1,9,9,0,9
mhc2only,HLA-DPA10103-DPB10201,3fnr_A,finetuned,1,6,6,0,6
mhc2only,HLA-DPA10201-DPB10101,3fnr_A,finetuned,2,19,12,7,19
mhc2only,HLA-DPA10103-DPB10401,3fnr_A,finetuned,2,19,19,0,19
mhc2only,HLA-DPA10103-DPB10201,3fnr_A,finetuned,2,5,5,0,5
mhc2only,HLA-DPA10201-DPB10101,3fnr_A,finetuned,3,12,12,0,12
mhc2only,HLA-DPA10103-DPB10401,3fnr_A,finetuned,3,21,21,0,21
mhc2only,HLA-DPA10103-DPB10201,3fnr_A,finetuned,3,11,11,0,11
mhc2only,HLA-DPA10201-DPB10101,3g73_B,base,0,5,5,0,5
mhc2only,HLA-DPA10103-DPB10401,3g73_B,base,0,3,3,0,3
mhc2only,HLA-DPA10103-DPB10201,3g73_B,base,0,0,0,0,0
mhc2only,HLA-DPA10201-DPB10101,3g73_B,base,1,12,12,0,12
mhc2only,HLA-DPA10103-DPB10401,3g73_B,base,1,7,7,0,7
mhc2only,HLA-DPA10103-DPB10201,3g73_B,base,1,5,5,0,5
mhc2only,HLA-DPA10201-DPB10101,3g73_B,base,2,6,6,0,6
mhc2only,HLA-DPA10103-DPB10401,3g73_B,base,2,5,5,0,5
mhc2only,HLA-DPA10103-DPB10201,3g73_B,base,2,0,0,0,0
mhc2only,HLA-DPA10201-DPB10101,3g73_B,base,3,8,4,4,8
mhc2only,HLA-DPA10103-DPB10401,3g73_B,base,3,6,6,0,6
mhc2only,HLA-DPA10103-DPB10201,3g73_B,base,3,4,4,0,4
mhc2only,HLA-DPA10201-DPB10101,3g73_B,finetuned,0,6,6,0,6
mhc2only,HLA-DPA10103-DPB10401,3g73_B,finetuned,0,4,4,0,4
mhc2only,HLA-DPA10103-DPB10201,3g73_B,finetuned,0,0,0,0,0
mhc2only,HLA-DPA10201-DPB10101,3g73_B,finetuned,1,1,1,0,1
mhc2only,HLA-DPA10103-DPB10401,3g73_B,finetuned,1,6,6,0,6
mhc2only,HLA-DPA10103-DPB10201,3g73_B,finetuned,1,1,1,0,1
mhc2only,HLA-DPA10201-DPB10101,3g73_B,finetuned,2,18,18,0,18
mhc2only,HLA-DPA10103-DPB10401,3g73_B,finetuned,2,0,0,0,0
mhc2only,HLA-DPA10103-DPB10201,3g73_B,finetuned,2,2,2,0,2
mhc2only,HLA-DPA10201-DPB10101,3g73_B,finetuned,3,1,1,0,1
mhc2only,HLA-DPA10103-DPB10401,3g73_B,finetuned,3,3,3,0,3
mhc2only,HLA-DPA10103-DPB10201,3g73_B,finetuned,3,4,4,0,4
mhc2only,HLA-DPA10201-DPB10101,3hj7_A,base,0,6,6,0,6
mhc2only,HLA-DPA10103-DPB10401,3hj7_A,base,0,7,7,0,7
mhc2only,HLA-DPA10103-DPB10201,3hj7_A,base,0,5,5,0,5
mhc2only,HLA-DPA10201-DPB10101,3hj7_A,base,1,4,4,0,4
mhc2only,HLA-DPA10103-DPB10401,3hj7_A,base,1,4,4,0,4
mhc2only,HLA-DPA10103-DPB10201,3hj7_A,base,1,5,5,0,5
mhc2only,HLA-DPA10201-DPB10101,3hj7_A,base,2,1,1,0,1
mhc2only,HLA-DPA10103-DPB10401,3hj7_A,base,2,4,4,0,4
mhc2only,HLA-DPA10103-DPB10201,3hj7_A,base,2,5,5,0,5
mhc2only,HLA-DPA10201-DPB10101,3hj7_A,base,3,7,7,0,7
mhc2only,HLA-DPA10103-DPB10401,3hj7_A,base,3,3,3,0,3
mhc2only,HLA-DPA10103-DPB10201,3hj7_A,base,3,4,4,0,4
mhc2only,HLA-DPA10201-DPB10101,3hj7_A,finetuned,0,0,0,0,0
mhc2only,HLA-DPA10103-DPB10401,3hj7_A,finetuned,0,0,0,0,0
mhc2only,HLA-DPA10103-DPB10201,3hj7_A,finetuned,0,0,0,0,0
mhc2only,HLA-DPA10201-DPB10101,3hj7_A,finetuned,1,0,0,0,0
mhc2only,HLA-DPA10103-DPB10401,3hj7_A,finetuned,1,3,3,0,3
mhc2only,HLA-DPA10103-DPB10201,3hj7_A,finetuned,1,0,0,0,0
mhc2only,HLA-DPA10201-DPB10101,3hj7_A,finetuned,2,5,5,0,5
mhc2only,HLA-DPA10103-DPB10401,3hj7_A,finetuned,2,4,4,0,4
mhc2only,HLA-DPA10103-DPB10201,3hj7_A,finetuned,2,4,4,0,4
mhc2only,HLA-DPA10201-DPB10101,3hj7_A,finetuned,3,0,0,0,0
mhc2only,HLA-DPA10103-DPB10401,3hj7_A,finetuned,3,4,4,0,4
mhc2only,HLA-DPA10103-DPB10201,3hj7_A,finetuned,3,4,4,0,4
mhc2only,HLA-DPA10201-DPB10101,3qp3_B,base,0,0,0,0,0
mhc2only,HLA-DPA10103-DPB10401,3qp3_B,base,0,0,0,0,0
mhc2only,HLA-DPA10103-DPB10201,3qp3_B,base,0,0,0,0,0
mhc2only,HLA-DPA10201-DPB10101,3qp3_B,base,1,2,0,2,2
mhc2only,HLA-DPA10103-DPB10401,3qp3_B,base,1,0,0,0,0
mhc2only,HLA-DPA10103-DPB10201,3qp3_B,base,1,0,0,0,0
mhc2only,HLA-DPA10201-DPB10101,3qp3_B,base,2,4,4,0,4
mhc2only,HLA-DPA10103-DPB10401,3qp3_B,base,2,0,0,0,0
mhc2only,HLA-DPA10103-DPB10201,3qp3_B,base,2,0,0,0,0
mhc2only,HLA-DPA10201-DPB10101,3qp3_B,base,3,0,0,0,0
mhc2only,HLA-DPA10103-DPB10401,3qp3_B,base,3,0,0,0,0
mhc2only,HLA-DPA10103-DPB10201,3qp3_B,base,3,0,0,0,0
mhc2only,HLA-DPA10201-DPB10101,3qp3_B,finetuned,0,0,0,0,0
mhc2only,HLA-DPA10103-DPB10401,3qp3_B,finetuned,0,0,0,0,0
mhc2only,HLA-DPA10103-DPB10201,3qp3_B,finetuned,0,0,0,0,0
mhc2only,HLA-DPA10201-DPB10101,3qp3_B,finetuned,1,0,0,0,0
mhc2only,HLA-DPA10103-DPB10401,3qp3_B,finetuned,1,0,0,0,0
mhc2only,HLA-DPA10103-DPB10201,3qp3_B,finetuned,1,0,0,0,0
mhc2only,HLA-DPA10201-DPB10101,3qp3_B,finetuned,2,0,0,0,0
mhc2only,HLA-DPA10103-DPB10401,3qp3_B,finetuned,2,0,0,0,0
mhc2only,HLA-DPA10103-DPB10201,3qp3_B,finetuned,2,0,0,0,0
mhc2only,HLA-DPA10201-DPB10101,3qp3_B,finetuned,3,0,0,0,0
mhc2only,HLA-DPA10103-DPB10401,3qp3_B,finetuned,3,0,0,0,0
mhc2only,HLA-DPA10103-DPB10201,3qp3_B,finetuned,3,0,0,0,0
mhc2only,HLA-DPA10201-DPB10101,3tvz_A,base,0,9,9,0,9
mhc2only,HLA-DPA10103-DPB10401,3tvz_A,base,0,7,7,0,7
mhc2only,HLA-DPA10103-DPB10201,3tvz_A,base,0,6,6,0,6
mhc2only,HLA-DPA10201-DPB10101,3tvz_A,base,1,18,14,4,18
mhc2only,HLA-DPA10103-DPB10401,3tvz_A,base,1,10,10,0,10
mhc2only,HLA-DPA10103-DPB10201,3tvz_A,base,1,13,13,0,13
mhc2only,HLA-DPA10201-DPB10101,3tvz_A,base,2,8,8,0,8
mhc2only,HLA-DPA10103-DPB10401,3tvz_A,base,2,0,0,0,0
mhc2only,HLA-DPA10103-DPB10201,3tvz_A,base,2,0,0,0,0
mhc2only,HLA-DPA10201-DPB10101,3tvz_A,base,3,11,11,0,11
mhc2only,HLA-DPA10103-DPB10401,3tvz_A,base,3,5,5,0,5
mhc2only,HLA-DPA10103-DPB10201,3tvz_A,base,3,5,5,0,5
mhc2only,HLA-DPA10201-DPB10101,3tvz_A,finetuned,0,8,8,0,8
mhc2only,HLA-DPA10103-DPB10401,3tvz_A,finetuned,0,1,1,0,1
mhc2only,HLA-DPA10103-DPB10201,3tvz_A,finetuned,0,4,4,0,4
mhc2only,HLA-DPA10201-DPB10101,3tvz_A,finetuned,1,12,7,5,12
mhc2only,HLA-DPA10103-DPB10401,3tvz_A,finetuned,1,6,6,0,6
mhc2only,HLA-DPA10103-DPB10201,3tvz_A,finetuned,1,5,5,0,5
mhc2only,HLA-DPA10201-DPB10101,3tvz_A,finetuned,2,9,9,0,9
mhc2only,HLA-DPA10103-DPB10401,3tvz_A,finetuned,2,10,10,0,10
mhc2only,HLA-DPA10103-DPB10201,3tvz_A,finetuned,2,8,8,0,8
mhc2only,HLA-DPA10201-DPB10101,3tvz_A,finetuned,3,7,7,0,7
mhc2only,HLA-DPA10103-DPB10401,3tvz_A,finetuned,3,8,8,0,8
mhc2only,HLA-DPA10103-DPB10201,3tvz_A,finetuned,3,4,4,0,4
mhc2only,HLA-DPA10201-DPB10101,4kqd_A,base,0,11,9,2,11
mhc2only,HLA-DPA10103-DPB10401,4kqd_A,base,0,8,8,0,8
mhc2only,HLA-DPA10103-DPB10201,4kqd_A,base,0,16,15,1,16
mhc2only,HLA-DPA10201-DPB10101,4kqd_A,base,1,13,13,0,13
mhc2only,HLA-DPA10103-DPB10401,4kqd_A,base,1,12,12,0,12
mhc2only,HLA-DPA10103-DPB10201,4kqd_A,base,1,18,18,0,18
mhc2only,HLA-DPA10201-DPB10101,4kqd_A,base,2,14,9,5,14
mhc2only,HLA-DPA10103-DPB10401,4kqd_A,base,2,7,7,0,7
mhc2only,HLA-DPA10103-DPB10201,4kqd_A,base,2,12,8,4,12
mhc2only,HLA-DPA10201-DPB10101,4kqd_A,base,3,9,9,0,9
mhc2only,HLA-DPA10103-DPB10401,4kqd_A,base,3,6,6,0,6
mhc2only,HLA-DPA10103-DPB10201,4kqd_A,base,3,22,20,2,22
mhc2only,HLA-DPA10201-DPB10101,4kqd_A,finetuned,0,1,1,0,1
mhc2only,HLA-DPA10103-DPB10401,4kqd_A,finetuned,0,7,7,0,7
mhc2only,HLA-DPA10103-DPB10201,4kqd_A,finetuned,0,6,6,0,6
mhc2only,HLA-DPA10201-DPB10101,4kqd_A,finetuned,1,6,6,0,6
mhc2only,HLA-DPA10103-DPB10401,4kqd_A,finetuned,1,14,14,0,14
mhc2only,HLA-DPA10103-DPB10201,4kqd_A,finetuned,1,9,9,0,9
mhc2only,HLA-DPA10201-DPB10101,4kqd_A,finetuned,2,4,4,0,4
mhc2only,HLA-DPA10103-DPB10401,4kqd_A,finetuned,2,13,13,0,13
mhc2only,HLA-DPA10103-DPB10201,4kqd_A,finetuned,2,15,15,0,15
mhc2only,HLA-DPA10201-DPB10101,4kqd_A,finetuned,3,1,1,0,1
mhc2only,HLA-DPA10103-DPB10401,4kqd_A,finetuned,3,8,8,0,8
mhc2only,HLA-DPA10103-DPB10201,4kqd_A,finetuned,3,12,12,0,12
mhc2only,HLA-DPA10201-DPB10101,4lor_A,base,0,0,0,0,0
mhc2only,HLA-DPA10103-DPB10401,4lor_A,base,0,3,3,0,3
mhc2only,HLA-DPA10103-DPB10201,4lor_A,base,0,1,1,0,1
mhc2only,HLA-DPA10201-DPB10101,4lor_A,base,1,7,7,0,7
mhc2only,HLA-DPA10103-DPB10401,4lor_A,base,1,3,3,0,3
mhc2only,HLA-DPA10103-DPB10201,4lor_A,base,1,0,0,0,0
mhc2only,HLA-DPA10201-DPB10101,4lor_A,base,2,5,5,0,5
mhc2only,HLA-DPA10103-DPB10401,4lor_A,base,2,0,0,0,0
mhc2only,HLA-DPA10103-DPB10201,4lor_A,base,2,0,0,0,0
mhc2only,HLA-DPA10201-DPB10101,4lor_A,base,3,8,8,0,8
mhc2only,HLA-DPA10103-DPB10401,4lor_A,base,3,0,0,0,0
mhc2only,HLA-DPA10103-DPB10201,4lor_A,base,3,0,0,0,0
mhc2only,HLA-DPA10201-DPB10101,4lor_A,finetuned,0,2,1,1,2
mhc2only,HLA-DPA10103-DPB10401,4lor_A,finetuned,0,1,1,0,1
mhc2only,HLA-DPA10103-DPB10201,4lor_A,finetuned,0,0,0,0,0
mhc2only,HLA-DPA10201-DPB10101,4lor_A,finetuned,1,0,0,0,0
mhc2only,HLA-DPA10103-DPB10401,4lor_A,finetuned,1,0,0,0,0
mhc2only,HLA-DPA10103-DPB10201,4lor_A,finetuned,1,0,0,0,0
mhc2only,HLA-DPA10201-DPB10101,4lor_A,finetuned,2,0,0,0,0
mhc2only,HLA-DPA10103-DPB10401,4lor_A,finetuned,2,0,0,0,0
mhc2only,HLA-DPA10103-DPB10201,4lor_A,finetuned,2,1,1,0,1
mhc2only,HLA-DPA10201-DPB10101,4lor_A,finetuned,3,5,5,0,5
mhc2only,HLA-DPA10103-DPB10401,4lor_A,finetuned,3,0,0,0,0
mhc2only,HLA-DPA10103-DPB10201,4lor_A,finetuned,3,0,0,0,0
mhc2only,HLA-DPA10201-DPB10101,4n4u_A,base,0,9,9,0,9
mhc2only,HLA-DPA10103-DPB10401,4n4u_A,base,0,7,7,0,7
mhc2only,HLA-DPA10103-DPB10201,4n4u_A,base,0,9,9,0,9
mhc2only,HLA-DPA10201-DPB10101,4n4u_A,base,1,28,19,9,28
mhc2only,HLA-DPA10103-DPB10401,4n4u_A,base,1,4,4,0,4
mhc2only,HLA-DPA10103-DPB10201,4n4u_A,base,1,6,6,0,6
mhc2only,HLA-DPA10201-DPB10101,4n4u_A,base,2,15,14,1,15
mhc2only,HLA-DPA10103-DPB10401,4n4u_A,base,2,4,4,0,4
mhc2only,HLA-DPA10103-DPB10201,4n4u_A,base,2,7,7,0,7
mhc2only,HLA-DPA10201-DPB10101,4n4u_A,base,3,21,21,0,21
mhc2only,HLA-DPA10103-DPB10401,4n4u_A,base,3,3,3,0,3
mhc2only,HLA-DPA10103-DPB10201,4n4u_A,base,3,0,0,0,0
mhc2only,HLA-DPA10201-DPB10101,4n4u_A,finetuned,0,0,0,0,0
mhc2only,HLA-DPA10103-DPB10401,4n4u_A,finetuned,0,5,5,0,5
mhc2only,HLA-DPA10103-DPB10201,4n4u_A,finetuned,0,5,5,0,5
mhc2only,HLA-DPA10201-DPB10101,4n4u_A,finetuned,1,19,15,4,19
mhc2only,HLA-DPA10103-DPB10401,4n4u_A,finetuned,1,8,8,0,8
mhc2only,HLA-DPA10103-DPB10201,4n4u_A,finetuned,1,1,1,0,1
mhc2only,HLA-DPA10201-DPB10101,4n4u_A,finetuned,2,11,11,0,11
mhc2only,HLA-DPA10103-DPB10401,4n4u_A,finetuned,2,5,5,0,5
mhc2only,HLA-DPA10103-DPB10201,4n4u_A,finetuned,2,1,1,0,1
mhc2only,HLA-DPA10201-DPB10101,4n4u_A,finetuned,3,1,1,0,1
mhc2only,HLA-DPA10103-DPB10401,4n4u_A,finetuned,3,0,0,0,0
mhc2only,HLA-DPA10103-DPB10201,4n4u_A,finetuned,3,4,4,0,4
mhc2only,HLA-DPA10201-DPB10101,4oyu_A,base,0,13,11,2,13
mhc2only,HLA-DPA10103-DPB10401,4oyu_A,base,0,26,26,0,26
mhc2only,HLA-DPA10103-DPB10201,4oyu_A,base,0,12,9,3,12
mhc2only,HLA-DPA10201-DPB10101,4oyu_A,base,1,16,14,2,16
mhc2only,HLA-DPA10103-DPB10401,4oyu_A,base,1,25,25,0,25
mhc2only,HLA-DPA10103-DPB10201,4oyu_A,base,1,18,18,0,18
mhc2only,HLA-DPA10201-DPB10101,4oyu_A,base,2,19,18,1,19
mhc2only,HLA-DPA10103-DPB10401,4oyu_A,base,2,21,21,0,21
mhc2only,HLA-DPA10103-DPB10201,4oyu_A,base,2,17,17,0,17
mhc2only,HLA-DPA10201-DPB10101,4oyu_A,base,3,10,5,5,10
mhc2only,HLA-DPA10103-DPB10401,4oyu_A,base,3,11,11,0,11
mhc2only,HLA-DPA10103-DPB10201,4oyu_A,base,3,5,4,1,5
mhc2only,HLA-DPA10201-DPB10101,4oyu_A,finetuned,0,5,5,0,5
mhc2only,HLA-DPA10103-DPB10401,4oyu_A,finetuned,0,12,12,0,12
mhc2only,HLA-DPA10103-DPB10201,4oyu_A,finetuned,0,17,13,4,17
mhc2only,HLA-DPA10201-DPB10101,4oyu_A,finetuned,1,6,5,1,6
mhc2only,HLA-DPA10103-DPB10401,4oyu_A,finetuned,1,15,15,0,15
mhc2only,HLA-DPA10103-DPB10201,4oyu_A,finetuned,1,4,0,4,4
mhc2only,HLA-DPA10201-DPB10101,4oyu_A,finetuned,2,7,5,2,7
mhc2only,HLA-DPA10103-DPB10401,4oyu_A,finetuned,2,20,20,0,20
mhc2only,HLA-DPA10103-DPB10201,4oyu_A,finetuned,2,7,7,0,7
mhc2only,HLA-DPA10201-DPB10101,4oyu_A,finetuned,3,9,1,8,9
mhc2only,HLA-DPA10103-DPB10401,4oyu_A,finetuned,3,14,14,0,14
mhc2only,HLA-DPA10103-DPB10201,4oyu_A,finetuned,3,13,7,6,13
mhc2only,HLA-DPA10201-DPB10101,4pyr_A,base,0,14,14,0,14
mhc2only,HLA-DPA10103-DPB10401,4pyr_A,base,0,3,3,0,3
mhc2only,HLA-DPA10103-DPB10201,4pyr_A,base,0,4,4,0,4
mhc2only,HLA-DPA10201-DPB10101,4pyr_A,base,1,14,14,0,14
mhc2only,HLA-DPA10103-DPB10401,4pyr_A,base,1,5,5,0,5
mhc2only,HLA-DPA10103-DPB10201,4pyr_A,base,1,4,4,0,4
mhc2only,HLA-DPA10201-DPB10101,4pyr_A,base,2,13,13,0,13
mhc2only,HLA-DPA10103-DPB10401,4pyr_A,base,2,6,6,0,6
mhc2only,HLA-DPA10103-DPB10201,4pyr_A,base,2,4,4,0,4
mhc2only,HLA-DPA10201-DPB10101,4pyr_A,base,3,6,6,0,6
mhc2only,HLA-DPA10103-DPB10401,4pyr_A,base,3,7,7,0,7
mhc2only,HLA-DPA10103-DPB10201,4pyr_A,base,3,1,1,0,1
mhc2only,HLA-DPA10201-DPB10101,4pyr_A,finetuned,0,4,0,4,4
mhc2only,HLA-DPA10103-DPB10401,4pyr_A,finetuned,0,2,2,0,2
mhc2only,HLA-DPA10103-DPB10201,4pyr_A,finetuned,0,1,1,0,1
mhc2only,HLA-DPA10201-DPB10101,4pyr_A,finetuned,1,11,11,0,11
mhc2only,HLA-DPA10103-DPB10401,4pyr_A,finetuned,1,11,11,0,11
mhc2only,HLA-DPA10103-DPB10201,4pyr_A,finetuned,1,3,3,0,3
mhc2only,HLA-DPA10201-DPB10101,4pyr_A,finetuned,2,16,16,0,16
mhc2only,HLA-DPA10103-DPB10401,4pyr_A,finetuned,2,5,5,0,5
mhc2only,HLA-DPA10103-DPB10201,4pyr_A,finetuned,2,3,3,0,3
mhc2only,HLA-DPA10201-DPB10101,4pyr_A,finetuned,3,3,3,0,3
mhc2only,HLA-DPA10103-DPB10401,4pyr_A,finetuned,3,0,0,0,0
mhc2only,HLA-DPA10103-DPB10201,4pyr_A,finetuned,3,0,0,0,0
mhc2only,HLA-DPA10201-DPB10101,4qpm_A,base,0,19,17,2,19
mhc2only,HLA-DPA10103-DPB10401,4qpm_A,base,0,15,15,0,15
mhc2only,HLA-DPA10103-DPB10201,4qpm_A,base,0,12,12,0,12
mhc2only,HLA-DPA10201-DPB10101,4qpm_A,base,1,19,17,2,19
mhc2only,HLA-DPA10103-DPB10401,4qpm_A,base,1,6,6,0,6
mhc2only,HLA-DPA10103-DPB10201,4qpm_A,base,1,6,6,0,6
mhc2only,HLA-DPA10201-DPB10101,4qpm_A,base,2,9,9,0,9
mhc2only,HLA-DPA10103-DPB10401,4qpm_A,base,2,16,16,0,16
mhc2only,HLA-DPA10103-DPB10201,4qpm_A,base,2,15,15,0,15
mhc2only,HLA-DPA10201-DPB10101,4qpm_A,base,3,7,7,0,7
mhc2only,HLA-DPA10103-DPB10401,4qpm_A,base,3,8,8,0,8
mhc2only,HLA-DPA10103-DPB10201,4qpm_A,base,3,15,15,0,15
mhc2only,HLA-DPA10201-DPB10101,4qpm_A,finetuned,0,9,9,0,9
mhc2only,HLA-DPA10103-DPB10401,4qpm_A,finetuned,0,14,14,0,14
mhc2only,HLA-DPA10103-DPB10201,4qpm_A,finetuned,0,12,12,0,12
mhc2only,HLA-DPA10201-DPB10101,4qpm_A,finetuned,1,8,8,0,8
mhc2only,HLA-DPA10103-DPB10401,4qpm_A,finetuned,1,7,7,0,7
mhc2only,HLA-DPA10103-DPB10201,4qpm_A,finetuned,1,13,13,0,13
mhc2only,HLA-DPA10201-DPB10101,4qpm_A,finetuned,2,4,4,0,4
mhc2only,HLA-DPA10103-DPB10401,4qpm_A,finetuned,2,16,16,0,16
mhc2only,HLA-DPA10103-DPB10201,4qpm_A,finetuned,2,17,17,0,17
mhc2only,HLA-DPA10201-DPB10101,4qpm_A,finetuned,3,8,8,0,8
mhc2only,HLA-DPA10103-DPB10401,4qpm_A,finetuned,3,13,13,0,13
mhc2only,HLA-DPA10103-DPB10201,4qpm_A,finetuned,3,13,13,0,13
mhc2only,HLA-DPA10201-DPB10101,4tql_B,base,0,70,50,20,70
mhc2only,HLA-DPA10103-DPB10401,4tql_B,base,0,0,0,0,0
mhc2only,HLA-DPA10103-DPB10201,4tql_B,base,0,5,5,0,5
mhc2only,HLA-DPA10201-DPB10101,4tql_B,base,1,78,66,12,78
mhc2only,HLA-DPA10103-DPB10401,4tql_B,base,1,0,0,0,0
mhc2only,HLA-DPA10103-DPB10201,4tql_B,base,1,2,2,0,2
mhc2only,HLA-DPA10201-DPB10101,4tql_B,base,2,48,33,15,48
mhc2only,HLA-DPA10103-DPB10401,4tql_B,base,2,0,0,0,0
mhc2only,HLA-DPA10103-DPB10201,4tql_B,base,2,4,4,0,4
mhc2only,HLA-DPA10201-DPB10101,4tql_B,base,3,26,16,10,26
mhc2only,HLA-DPA10103-DPB10401,4tql_B,base,3,0,0,0,0
mhc2only,HLA-DPA10103-DPB10201,4tql_B,base,3,0,0,0,0
mhc2only,HLA-DPA10201-DPB10101,4tql_B,finetuned,0,30,27,3,30
mhc2only,HLA-DPA10103-DPB10401,4tql_B,finetuned,0,0,0,0,0
mhc2only,HLA-DPA10103-DPB10201,4tql_B,finetuned,0,4,4,0,4
mhc2only,HLA-DPA10201-DPB10101,4tql_B,finetuned,1,55,47,8,55
mhc2only,HLA-DPA10103-DPB10401,4tql_B,finetuned,1,0,0,0,0
mhc2only,HLA-DPA10103-DPB10201,4tql_B,finetuned,1,0,0,0,0
mhc2only,HLA-DPA10201-DPB10101,4tql_B,finetuned,2,24,22,2,24
mhc2only,HLA-DPA10103-DPB10401,4tql_B,finetuned,2,0,0,0,0
mhc2only,HLA-DPA10103-DPB10201,4tql_B,finetuned,2,2,2,0,2
mhc2only,HLA-DPA10201-DPB10101,4tql_B,finetuned,3,42,22,20,42
mhc2only,HLA-DPA10103-DPB10401,4tql_B,finetuned,3,0,0,0,0
mhc2only,HLA-DPA10103-DPB10201,4tql_B,finetuned,3,3,3,0,3
mhc2only,HLA-DPA10201-DPB10101,4wyi_A,base,0,22,22,0,22
mhc2only,HLA-DPA10103-DPB10401,4wyi_A,base,0,10,10,0,10
mhc2only,HLA-DPA10103-DPB10201,4wyi_A,base,0,4,4,0,4
mhc2only,HLA-DPA10201-DPB10101,4wyi_A,base,1,11,11,0,11
mhc2only,HLA-DPA10103-DPB10401,4wyi_A,base,1,11,11,0,11
mhc2only,HLA-DPA10103-DPB10201,4wyi_A,base,1,7,7,0,7
mhc2only,HLA-DPA10201-DPB10101,4wyi_A,base,2,16,16,0,16
mhc2only,HLA-DPA10103-DPB10401,4wyi_A,base,2,8,8,0,8
mhc2only,HLA-DPA10103-DPB10201,4wyi_A,base,2,4,4,0,4
mhc2only,HLA-DPA10201-DPB10101,4wyi_A,base,3,23,22,1,23
mhc2only,HLA-DPA10103-DPB10401,4wyi_A,base,3,6,6,0,6
mhc2only,HLA-DPA10103-DPB10201,4wyi_A,base,3,5,5,0,5
mhc2only,HLA-DPA10201-DPB10101,4wyi_A,finetuned,0,0,0,0,0
mhc2only,HLA-DPA10103-DPB10401,4wyi_A,finetuned,0,6,6,0,6
mhc2only,HLA-DPA10103-DPB10201,4wyi_A,finetuned,0,6,6,0,6
mhc2only,HLA-DPA10201-DPB10101,4wyi_A,finetuned,1,0,0,0,0
mhc2only,HLA-DPA10103-DPB10401,4wyi_A,finetuned,1,6,6,0,6
mhc2only,HLA-DPA10103-DPB10201,4wyi_A,finetuned,1,6,6,0,6
mhc2only,HLA-DPA10201-DPB10101,4wyi_A,finetuned,2,6,6,0,6
mhc2only,HLA-DPA10103-DPB10401,4wyi_A,finetuned,2,5,5,0,5
mhc2only,HLA-DPA10103-DPB10201,4wyi_A,finetuned,2,7,7,0,7
mhc2only,HLA-DPA10201-DPB10101,4wyi_A,finetuned,3,1,1,0,1
mhc2only,HLA-DPA10103-DPB10401,4wyi_A,finetuned,3,8,8,0,8
mhc2only,HLA-DPA10103-DPB10201,4wyi_A,finetuned,3,5,5,0,5
mhc2only,HLA-DPA10201-DPB10101,5els_A,base,0,8,5,3,8
mhc2only,HLA-DPA10103-DPB10401,5els_A,base,0,0,0,0,0
mhc2only,HLA-DPA10103-DPB10201,5els_A,base,0,2,2,0,2
mhc2only,HLA-DPA10201-DPB10101,5els_A,base,1,4,4,0,4
mhc2only,HLA-DPA10103-DPB10401,5els_A,base,1,0,0,0,0
mhc2only,HLA-DPA10103-DPB10201,5els_A,base,1,0,0,0,0
mhc2only,HLA-DPA10201-DPB10101,5els_A,base,2,8,3,5,8
mhc2only,HLA-DPA10103-DPB10401,5els_A,base,2,3,3,0,3
mhc2only,HLA-DPA10103-DPB10201,5els_A,base,2,4,4,0,4
mhc2only,HLA-DPA10201-DPB10101,5els_A,base,3,17,7,10,17
mhc2only,HLA-DPA10103-DPB10401,5els_A,base,3,3,3,0,3
mhc2only,HLA-DPA10103-DPB10201,5els_A,base,3,9,9,0,9
mhc2only,HLA-DPA10201-DPB10101,5els_A,finetuned,0,4,4,0,4
mhc2only,HLA-DPA10103-DPB10401,5els_A,finetuned,0,1,1,0,1
mhc2only,HLA-DPA10103-DPB10201,5els_A,finetuned,0,6,6,0,6
mhc2only,HLA-DPA10201-DPB10101,5els_A,finetuned,1,2,2,0,2
mhc2only,HLA-DPA10103-DPB10401,5els_A,finetuned,1,3,3,0,3
mhc2only,HLA-DPA10103-DPB10201,5els_A,finetuned,1,0,0,0,0
mhc2only,HLA-DPA10201-DPB10101,5els_A,finetuned,2,7,7,0,7
mhc2only,HLA-DPA10103-DPB10401,5els_A,finetuned,2,0,0,0,0
mhc2only,HLA-DPA10103-DPB10201,5els_A,finetuned,2,0,0,0,0
mhc2only,HLA-DPA10201-DPB10101,5els_A,finetuned,3,6,6,0,6
mhc2only,HLA-DPA10103-DPB10401,5els_A,finetuned,3,0,0,0,0
mhc2only,HLA-DPA10103-DPB10201,5els_A,finetuned,3,0,0,0,0
mhc2only,HLA-DPA10201-DPB10101,5htx_A,base,0,4,4,0,4
mhc2only,HLA-DPA10103-DPB10401,5htx_A,base,0,9,9,0,9
mhc2only,HLA-DPA10103-DPB10201,5htx_A,base,0,8,8,0,8
mhc2only,HLA-DPA10201-DPB10101,5htx_A,base,1,20,20,0,20
mhc2only,HLA-DPA10103-DPB10401,5htx_A,base,1,9,9,0,9
mhc2only,HLA-DPA10103-DPB10201,5htx_A,base,1,10,10,0,10
mhc2only,HLA-DPA10201-DPB10101,5htx_A,base,2,3,3,0,3
mhc2only,HLA-DPA10103-DPB10401,5htx_A,base,2,9,9,0,9
mhc2only,HLA-DPA10103-DPB10201,5htx_A,base,2,5,5,0,5
mhc2only,HLA-DPA10201-DPB10101,5htx_A,base,3,6,4,2,6
mhc2only,HLA-DPA10103-DPB10401,5htx_A,base,3,13,13,0,13
mhc2only,HLA-DPA10103-DPB10201,5htx_A,base,3,12,12,0,12
mhc2only,HLA-DPA10201-DPB10101,5htx_A,finetuned,0,1,1,0,1
mhc2only,HLA-DPA10103-DPB10401,5htx_A,finetuned,0,11,11,0,11
mhc2only,HLA-DPA10103-DPB10201,5htx_A,finetuned,0,4,4,0,4
mhc2only,HLA-DPA10201-DPB10101,5htx_A,finetuned,1,9,7,2,9
mhc2only,HLA-DPA10103-DPB10401,5htx_A,finetuned,1,2,2,0,2
mhc2only,HLA-DPA10103-DPB10201,5htx_A,finetuned,1,1,1,0,1
mhc2only,HLA-DPA10201-DPB10101,5htx_A,finetuned,2,5,5,0,5
mhc2only,HLA-DPA10103-DPB10401,5htx_A,finetuned,2,8,8,0,8
mhc2only,HLA-DPA10103-DPB10201,5htx_A,finetuned,2,5,5,0,5
mhc2only,HLA-DPA10201-DPB10101,5htx_A,finetuned,3,4,0,4,4
mhc2only,HLA-DPA10103-DPB10401,5htx_A,finetuned,3,14,14,0,14
mhc2only,HLA-DPA10103-DPB10201,5htx_A,finetuned,3,6,6,0,6
mhc2only,HLA-DPA10201-DPB10101,5o75_A,base,0,0,0,0,0
mhc2only,HLA-DPA10103-DPB10401,5o75_A,base,0,0,0,0,0
mhc2only,HLA-DPA10103-DPB10201,5o75_A,base,0,0,0,0,0
mhc2only,HLA-DPA10201-DPB10101,5o75_A,base,1,6,2,4,6
mhc2only,HLA-DPA10103-DPB10401,5o75_A,base,1,0,0,0,0
mhc2only,HLA-DPA10103-DPB10201,5o75_A,base,1,3,3,0,3
mhc2only,HLA-DPA10201-DPB10101,5o75_A,base,2,3,1,2,3
mhc2only,HLA-DPA10103-DPB10401,5o75_A,base,2,0,0,0,0
mhc2only,HLA-DPA10103-DPB10201,5o75_A,base,2,0,0,0,0
mhc2only,HLA-DPA10201-DPB10101,5o75_A,base,3,0,0,0,0
mhc2only,HLA-DPA10103-DPB10401,5o75_A,base,3,0,0,0,0
mhc2only,HLA-DPA10103-DPB10201,5o75_A,base,3,0,0,0,0
mhc2only,HLA-DPA10201-DPB10101,5o75_A,finetuned,0,0,0,0,0
mhc2only,HLA-DPA10103-DPB10401,5o75_A,finetuned,0,0,0,0,0
mhc2only,HLA-DPA10103-DPB10201,5o75_A,finetuned,0,0,0,0,0
mhc2only,HLA-DPA10201-DPB10101,5o75_A,finetuned,1,0,0,0,0
mhc2only,HLA-DPA10103-DPB10401,5o75_A,finetuned,1,1,1,0,1
mhc2only,HLA-DPA10103-DPB10201,5o75_A,finetuned,1,0,0,0,0
mhc2only,HLA-DPA10201-DPB10101,5o75_A,finetuned,2,4,0,4,4
mhc2only,HLA-DPA10103-DPB10401,5o75_A,finetuned,2,0,0,0,0
mhc2only,HLA-DPA10103-DPB10201,5o75_A,finetuned,2,0,0,0,0
mhc2only,HLA-DPA10201-DPB10101,5o75_A,finetuned,3,4,4,0,4
mhc2only,HLA-DPA10103-DPB10401,5o75_A,finetuned,3,0,0,0,0
mhc2only,HLA-DPA10103-DPB10201,5o75_A,finetuned,3,0,0,0,0
mhc2only,HLA-DPA10201-DPB10101,6i9s_B,base,0,0,0,0,0
mhc2only,HLA-DPA10103-DPB10401,6i9s_B,base,0,8,8,0,8
mhc2only,HLA-DPA10103-DPB10201,6i9s_B,base,0,10,10,0,10
mhc2only,HLA-DPA10201-DPB10101,6i9s_B,base,1,3,0,3,3
mhc2only,HLA-DPA10103-DPB10401,6i9s_B,base,1,8,8,0,8
mhc2only,HLA-DPA10103-DPB10201,6i9s_B,base,1,8,8,0,8
mhc2only,HLA-DPA10201-DPB10101,6i9s_B,base,2,4,4,0,4
mhc2only,HLA-DPA10103-DPB10401,6i9s_B,base,2,6,6,0,6
mhc2only,HLA-DPA10103-DPB10201,6i9s_B,base,2,8,8,0,8
mhc2only,HLA-DPA10201-DPB10101,6i9s_B,base,3,10,10,0,10
mhc2only,HLA-DPA10103-DPB10401,6i9s_B,base,3,6,6,0,6
mhc2only,HLA-DPA10103-DPB10201,6i9s_B,base,3,6,6,0,6
mhc2only,HLA-DPA10201-DPB10101,6i9s_B,finetuned,0,0,0,0,0
mhc2only,HLA-DPA10103-DPB10401,6i9s_B,finetuned,0,8,8,0,8
mhc2only,HLA-DPA10103-DPB10201,6i9s_B,finetuned,0,12,10,2,12
mhc2only,HLA-DPA10201-DPB10101,6i9s_B,finetuned,1,1,1,0,1
mhc2only,HLA-DPA10103-DPB10401,6i9s_B,finetuned,1,6,6,0,6
mhc2only,HLA-DPA10103-DPB10201,6i9s_B,finetuned,1,5,5,0,5
mhc2only,HLA-DPA10201-DPB10101,6i9s_B,finetuned,2,4,4,0,4
mhc2only,HLA-DPA10103-DPB10401,6i9s_B,finetuned,2,6,6,0,6
mhc2only,HLA-DPA10103-DPB10201,6i9s_B,finetuned,2,5,5,0,5
mhc2only,HLA-DPA10201-DPB10101,6i9s_B,finetuned,3,1,1,0,1
mhc2only,HLA-DPA10103-DPB10401,6i9s_B,finetuned,3,6,6,0,6
mhc2only,HLA-DPA10103-DPB10201,6i9s_B,finetuned,3,5,5,0,5
mhc2only,HLA-DPA10201-DPB10101,6r1g_B,base,0,16,10,6,16
mhc2only,HLA-DPA10103-DPB10401,6r1g_B,base,0,0,0,0,0
mhc2only,HLA-DPA10103-DPB10201,6r1g_B,base,0,5,5,0,5
mhc2only,HLA-DPA10201-DPB10101,6r1g_B,base,1,16,11,5,16
mhc2only,HLA-DPA10103-DPB10401,6r1g_B,base,1,4,4,0,4
mhc2only,HLA-DPA10103-DPB10201,6r1g_B,base,1,5,5,0,5
mhc2only,HLA-DPA10201-DPB10101,6r1g_B,base,2,19,16,3,19
mhc2only,HLA-DPA10103-DPB10401,6r1g_B,base,2,3,3,0,3
mhc2only,HLA-DPA10103-DPB10201,6r1g_B,base,2,4,4,0,4
mhc2only,HLA-DPA10201-DPB10101,6r1g_B,base,3,22,18,4,22
mhc2only,HLA-DPA10103-DPB10401,6r1g_B,base,3,7,6,1,7
mhc2only,HLA-DPA10103-DPB10201,6r1g_B,base,3,4,3,1,4
mhc2only,HLA-DPA10201-DPB10101,6r1g_B,finetuned,0,5,5,0,5
mhc2only,HLA-DPA10103-DPB10401,6r1g_B,finetuned,0,0,0,0,0
mhc2only,HLA-DPA10103-DPB10201,6r1g_B,finetuned,0,0,0,0,0
mhc2only,HLA-DPA10201-DPB10101,6r1g_B,finetuned,1,2,2,0,2
mhc2only,HLA-DPA10103-DPB10401,6r1g_B,finetuned,1,2,2,0,2
mhc2only,HLA-DPA10103-DPB10201,6r1g_B,finetuned,1,4,4,0,4
mhc2only,HLA-DPA10201-DPB10101,6r1g_B,finetuned,2,0,0,0,0
mhc2only,HLA-DPA10103-DPB10401,6r1g_B,finetuned,2,0,0,0,0
mhc2only,HLA-DPA10103-DPB10201,6r1g_B,finetuned,2,4,4,0,4
mhc2only,HLA-DPA10201-DPB10101,6r1g_B,finetuned,3,15,12,3,15
mhc2only,HLA-DPA10103-DPB10401,6r1g_B,finetuned,3,4,4,0,4
mhc2only,HLA-DPA10103-DPB10201,6r1g_B,finetuned,3,0,0,0,0
mhc2only,HLA-DPA10201-DPB10101,6y93_A,base,0,17,16,1,17
mhc2only,HLA-DPA10103-DPB10401,6y93_A,base,0,0,0,0,0
mhc2only,HLA-DPA10103-DPB10201,6y93_A,base,0,0,0,0,0
mhc2only,HLA-DPA10201-DPB10101,6y93_A,base,1,10,5,5,10
mhc2only,HLA-DPA10103-DPB10401,6y93_A,base,1,0,0,0,0
mhc2only,HLA-DPA10103-DPB10201,6y93_A,base,1,4,4,0,4
mhc2only,HLA-DPA10201-DPB10101,6y93_A,base,2,11,11,0,11
mhc2only,HLA-DPA10103-DPB10401,6y93_A,base,2,1,1,0,1
mhc2only,HLA-DPA10103-DPB10201,6y93_A,base,2,0,0,0,0
mhc2only,HLA-DPA10201-DPB10101,6y93_A,base,3,12,12,0,12
mhc2only,HLA-DPA10103-DPB10401,6y93_A,base,3,3,3,0,3
mhc2only,HLA-DPA10103-DPB10201,6y93_A,base,3,2,2,0,2
mhc2only,HLA-DPA10201-DPB10101,6y93_A,finetuned,0,6,6,0,6
mhc2only,HLA-DPA10103-DPB10401,6y93_A,finetuned,0,1,1,0,1
mhc2only,HLA-DPA10103-DPB10201,6y93_A,finetuned,0,1,1,0,1
mhc2only,HLA-DPA10201-DPB10101,6y93_A,finetuned,1,0,0,0,0
mhc2only,HLA-DPA10103-DPB10401,6y93_A,finetuned,1,2,2,0,2
mhc2only,HLA-DPA10103-DPB10201,6y93_A,finetuned,1,0,0,0,0
mhc2only,HLA-DPA10201-DPB10101,6y93_A,finetuned,2,4,4,0,4
mhc2only,HLA-DPA10103-DPB10401,6y93_A,finetuned,2,2,2,0,2
mhc2only,HLA-DPA10103-DPB10201,6y93_A,finetuned,2,0,0,0,0
mhc2only,HLA-DPA10201-DPB10101,6y93_A,finetuned,3,3,3,0,3
mhc2only,HLA-DPA10103-DPB10401,6y93_A,finetuned,3,2,2,0,2
mhc2only,HLA-DPA10103-DPB10201,6y93_A,finetuned,3,1,1,0,1
mhc2only,HLA-DPA10201-DPB10101,6zul_E,base,0,0,0,0,0
mhc2only,HLA-DPA10103-DPB10401,6zul_E,base,0,10,10,0,10
mhc2only,HLA-DPA10103-DPB10201,6zul_E,base,0,1,1,0,1
mhc2only,HLA-DPA10201-DPB10101,6zul_E,base,1,0,0,0,0
mhc2only,HLA-DPA10103-DPB10401,6zul_E,base,1,10,10,0,10
mhc2only,HLA-DPA10103-DPB10201,6zul_E,base,1,4,4,0,4
mhc2only,HLA-DPA10201-DPB10101,6zul_E,base,2,1,1,0,1
mhc2only,HLA-DPA10103-DPB10401,6zul_E,base,2,6,6,0,6
mhc2only,HLA-DPA10103-DPB10201,6zul_E,base,2,7,7,0,7
mhc2only,HLA-DPA10201-DPB10101,6zul_E,base,3,0,0,0,0
mhc2only,HLA-DPA10103-DPB10401,6zul_E,base,3,11,11,0,11
mhc2only,HLA-DPA10103-DPB10201,6zul_E,base,3,7,7,0,7
mhc2only,HLA-DPA10201-DPB10101,6zul_E,finetuned,0,3,0,3,3
mhc2only,HLA-DPA10103-DPB10401,6zul_E,finetuned,0,8,8,0,8
mhc2only,HLA-DPA10103-DPB10201,6zul_E,finetuned,0,1,1,0,1
mhc2only,HLA-DPA10201-DPB10101,6zul_E,finetuned,1,0,0,0,0
mhc2only,HLA-DPA10103-DPB10401,6zul_E,finetuned,1,13,13,0,13
mhc2only,HLA-DPA10103-DPB10201,6zul_E,finetuned,1,1,1,0,1
mhc2only,HLA-DPA10201-DPB10101,6zul_E,finetuned,2,0,0,0,0
mhc2only,HLA-DPA10103-DPB10401,6zul_E,finetuned,2,15,15,0,15
mhc2only,HLA-DPA10103-DPB10201,6zul_E,finetuned,2,6,6,0,6
mhc2only,HLA-DPA10201-DPB10101,6zul_E,finetuned,3,3,0,3,3
mhc2only,HLA-DPA10103-DPB10401,6zul_E,finetuned,3,6,6,0,6
mhc2only,HLA-DPA10103-DPB10201,6zul_E,finetuned,3,7,7,0,7
