pdb,target,binder_len,burden_reduction_pct,iptm_native,iptm_base,iptm_cape,iptm_delta,boltz_base_pass,boltz_cape_pass,boltz_n,af2ig_native_pae,af2ig_base_pass_pct,af2ig_cape_pass_pct
7jzl,SARS-CoV-2 RBD,55,24.6,0.966,0.927,0.939,0.012,23,24,24,16.52,29.2,33.3
5vli,influenza HA,40,62.3,0.963,0.953,0.953,0.0,24,24,24,27.37,0.0,0.0
8upa,gp130,56,24.7,0.933,0.893,0.899,0.006,24,24,24,6.05,75.0,79.2
4oyd,EBV,117,30.5,0.952,0.961,0.96,-0.001,24,24,24,26.52,33.3,70.8
9ju1,VEGF-A,43,34.8,0.837,0.599,0.546,-0.053,19,13,24,27.75,0.0,0.0
9kku,VEGF-A,43,48.1,0.824,0.675,0.673,-0.001,19,21,24,25.04,0.0,0.0
8t5e,bioactive peptide,134,65.6,0.955,0.919,0.92,0.001,24,24,24,4.0,95.8,95.8
9cc5,bioactive peptide,132,58.3,0.931,0.924,0.923,-0.002,24,24,24,9.83,100.0,95.8
9nzh,amylin,135,19.6,0.947,0.939,0.939,-0.0,24,24,24,5.94,100.0,95.8
9cce,peptide (dyna_1b7),197,27.6,0.745,0.842,0.834,-0.008,24,24,24,18.27,12.5,0.0
9nds,HLA-Tax/TCR,248,41.1,0.93,0.898,0.899,0.001,24,24,24,28.17,0.0,0.0
