accession,gene,length,n_windows,stratum,netmhc_total,per_100_residues,epitope_fraction,netmhc_DRB1_0101,netmhc_DRB1_0301,netmhc_DRB1_0401,netmhc_DRB1_0701,netmhc_DRB1_1101,netmhc_DRB1_1501
A0A075B6S2,IGKV2D-29,120,106,length_matched,21,17.5,0.0330188679245283,1,4,5,2,8,1
A0A075B6T6,TRAV12-2,113,99,proteome_wide,5,4.424778761061947,0.008417508417508417,0,0,3,2,0,0
A0A075B734,AQP7B,346,332,length_matched,19,5.491329479768786,0.009538152610441768,2,2,1,4,8,2
A0A0A0MRZ8,IGKV3D-11,115,101,length_matched,19,16.52173913043478,0.03135313531353135,0,4,5,2,3,5
A0A0B4J248,TRAV1-1,108,94,proteome_wide,3,2.7777777777777777,0.005319148936170213,2,0,0,0,0,1
A0A0B4J279,TRAV21,112,98,length_matched,7,6.25,0.011904761904761904,1,0,4,1,0,1
A0A1B0GTQ4,MYMX,84,70,length_matched,7,8.333333333333334,0.016666666666666666,0,0,0,0,7,0
A0A1B0GX49,TRBV6-4,114,100,length_matched,13,11.403508771929825,0.021666666666666667,1,0,2,5,0,5
A0A1W2PPE2,TAF11L4,198,184,length_matched,6,3.0303030303030303,0.005434782608695652,2,0,2,1,1,0
A0PK11,CLRN2,232,218,length_matched,15,6.4655172413793105,0.011467889908256881,5,0,1,0,7,2
A1A519,FAM170A,330,316,length_matched,21,6.363636363636363,0.011075949367088608,0,5,9,2,0,5
A1L3X0,ELOVL7,281,267,proteome_wide,19,6.761565836298932,0.011860174781523096,2,0,5,0,6,6
A2A2V5,SERTM1,107,93,length_matched,4,3.7383177570093458,0.007168458781362007,2,0,0,0,0,2
A2A2Z9,ANKRD18B,1011,997,proteome_wide,126,12.462908011869436,0.02106318956870612,16,31,16,7,27,29
A2RU48,SMCO3,225,211,proteome_wide,26,11.555555555555555,0.020537124802527645,2,1,5,5,7,6
A2RUU4,CLPSL1,121,107,length_matched,0,0.0,0.0,0,0,0,0,0,0
A3QJZ7,PRAMEF27,478,464,length_matched,31,6.485355648535565,0.011135057471264368,8,6,0,4,4,9
A5D8V6,VPS37C,355,341,length_matched,35,9.859154929577464,0.01710654936461388,2,4,8,10,4,7
A6NEH6,TMEM247,219,205,length_matched,15,6.8493150684931505,0.012195121951219513,3,0,6,1,5,0
A6NGB7,TMEM221,291,277,proteome_wide,28,9.621993127147766,0.01684717208182912,18,2,5,3,0,0
A6NGH8,ANKRD61,418,404,length_matched,46,11.004784688995215,0.018976897689768978,10,10,4,10,7,5
A6NGN4,PRAMEF25,478,464,proteome_wide,25,5.2301255230125525,0.008979885057471264,8,5,0,4,0,8
A6NI72,NCF1B,391,377,length_matched,56,14.322250639386189,0.02475685234305924,11,6,6,11,14,8
A6NIE9,PRSS29P,313,299,proteome_wide,37,11.821086261980831,0.020624303232998884,10,1,4,6,4,12
A6NJZ3,OR6C65,312,298,length_matched,30,9.615384615384615,0.016778523489932886,4,0,4,8,9,5
A6NM66,LINC01548,108,94,length_matched,6,5.555555555555555,0.010638297872340425,0,0,0,3,0,3
A6NNV3,SPDYE16,352,338,length_matched,21,5.965909090909091,0.010355029585798817,4,11,2,0,1,3
A8K8V0,ZNF785,405,391,length_matched,13,3.2098765432098766,0.005541346973572037,1,2,1,5,4,0
A8MQ27,NEURL1B,555,541,proteome_wide,63,11.35135135135135,0.019408502772643253,9,18,4,12,11,9
A8MV81,HIGD1C,97,83,length_matched,2,2.0618556701030926,0.004016064257028112,0,0,2,0,0,0
A8MVA2,KRTAP9-6,160,146,length_matched,0,0.0,0.0,0,0,0,0,0,0
A8MW95,BECN2,431,417,length_matched,32,7.424593967517401,0.012789768185451638,10,5,1,4,8,4
B2RUY7,VWC2L,222,208,length_matched,2,0.9009009009009009,0.0016025641025641025,0,2,0,0,0,0
B2RV13,CFAP97D1,164,150,length_matched,11,6.7073170731707314,0.012222222222222223,0,3,1,0,7,0
B4DJY2,TMEM233,109,95,length_matched,6,5.504587155963303,0.010526315789473684,0,0,1,2,3,0
C9J7I0,UMAD1,137,123,length_matched,7,5.109489051094891,0.009485094850948509,0,0,3,0,2,2
E5RIL1,UPK3BL2,263,249,length_matched,37,14.068441064638783,0.024765729585006693,11,7,3,5,2,9
E9PB15,PTGES3L,166,152,length_matched,15,9.036144578313253,0.01644736842105263,0,4,0,5,4,2
O00231,PSMD11,422,408,length_matched,71,16.824644549763033,0.02900326797385621,15,11,11,11,11,12
O14618,CCS,274,260,length_matched,17,6.204379562043796,0.010897435897435897,6,1,7,0,1,2
O14874,BCKDK,412,398,length_matched,77,18.689320388349515,0.032244556113902846,21,3,13,12,10,18
O14880,MGST3,152,138,proteome_wide,12,7.894736842105263,0.014492753623188406,3,0,2,0,4,3
O14905,WNT9B,357,343,proteome_wide,37,10.364145658263306,0.017978620019436346,9,4,6,4,10,4
O14920,IKBKB,756,742,proteome_wide,92,12.16931216931217,0.020664869721473494,8,20,20,11,17,16
O14931,NCR3,201,187,length_matched,13,6.467661691542289,0.011586452762923352,5,0,4,0,0,4
O15079,SNPH,494,480,length_matched,40,8.097165991902834,0.013888888888888888,2,7,19,6,2,4
O15116,LSM1,133,119,length_matched,26,19.548872180451127,0.036414565826330535,3,6,0,3,5,9
O15244,SLC22A2,555,541,proteome_wide,39,7.027027027027027,0.012014787430683918,6,7,8,3,12,3
O15479,MAGEB2,319,305,length_matched,19,5.956112852664577,0.010382513661202186,7,0,1,0,11,0
O15492,RGS16,202,188,length_matched,19,9.405940594059405,0.016843971631205674,4,3,4,2,4,2
O15529,GPR42,346,332,proteome_wide,14,4.046242774566474,0.007028112449799197,8,0,2,0,1,3
O43687,AKAP7,104,90,length_matched,4,3.8461538461538463,0.007407407407407408,0,0,0,2,2,0
O43709,BUD23,281,267,length_matched,38,13.523131672597865,0.02372034956304619,0,15,5,5,8,5
O43813,LANCL1,399,385,proteome_wide,42,10.526315789473685,0.01818181818181818,10,4,10,2,13,3
O43827,ANGPTL7,346,332,length_matched,47,13.583815028901734,0.02359437751004016,10,0,4,7,12,14
O43829,ZBTB14,449,435,proteome_wide,28,6.23608017817372,0.010727969348659003,3,7,6,2,8,2
O43889,CREB3,371,357,length_matched,24,6.46900269541779,0.011204481792717087,6,1,5,5,0,7
O43929,ORC4,436,422,length_matched,51,11.697247706422019,0.02014218009478673,6,7,9,0,16,13
O60290,ZNF862,1169,1155,proteome_wide,118,10.094097519247219,0.017027417027417027,11,17,17,17,33,23
O60422,ONECUT3,494,480,length_matched,61,12.348178137651821,0.021180555555555557,22,4,5,12,11,7
O60512,B4GALT3,393,379,length_matched,52,13.231552162849873,0.022867194371152155,12,9,6,7,18,0
O60565,GREM1,184,170,length_matched,0,0.0,0.0,0,0,0,0,0,0
O60936,NOL3,208,194,length_matched,22,10.576923076923077,0.018900343642611683,6,5,5,4,2,0
O75409,H2AP,117,103,length_matched,8,6.837606837606837,0.012944983818770227,0,6,2,0,0,0
O75462,CRLF1,422,408,length_matched,25,5.924170616113744,0.010212418300653595,5,0,7,1,4,8
O75477,ERLIN1,348,334,length_matched,78,22.413793103448278,0.038922155688622756,11,12,11,2,27,15
O75489,NDUFS3,264,250,length_matched,55,20.833333333333332,0.03666666666666667,8,11,20,5,4,7
O75563,SKAP2,359,345,length_matched,24,6.685236768802229,0.011594202898550725,0,3,2,8,3,8
O75884,RBBP9,186,172,length_matched,19,10.21505376344086,0.018410852713178296,2,4,0,5,4,4
O75947,ATP5PD,161,147,length_matched,33,20.496894409937887,0.03741496598639456,5,0,9,11,4,4
O94760,DDAH1,285,271,length_matched,29,10.175438596491228,0.01783517835178352,7,0,10,7,4,1
O94826,TOMM70,608,594,proteome_wide,73,12.006578947368421,0.02048260381593715,10,19,15,4,19,6
O95057,DIRAS1,198,184,length_matched,15,7.575757575757576,0.01358695652173913,0,4,0,2,5,4
O95177,GAS8-AS1,125,111,length_matched,0,0.0,0.0,0,0,0,0,0,0
O95295,SNAPIN,136,122,length_matched,14,10.294117647058824,0.01912568306010929,0,7,4,0,2,1
O95365,ZBTB7A,584,570,proteome_wide,43,7.363013698630137,0.012573099415204679,9,6,2,14,4,8
O95399,UTS2,124,110,proteome_wide,5,4.032258064516129,0.007575757575757576,0,0,0,1,0,4
O95411,MYO18A,115,101,length_matched,6,5.217391304347826,0.009900990099009901,0,0,5,0,1,0
O95429,BAG4,457,443,length_matched,28,6.12691466083151,0.010534236267870579,1,2,11,0,4,10
O95475,SIX6,246,232,proteome_wide,26,10.56910569105691,0.01867816091954023,3,0,2,2,11,8
O95484,CLDN9,217,203,proteome_wide,12,5.529953917050691,0.009852216748768473,4,0,0,2,0,6
O95721,SNAP29,258,244,proteome_wide,31,12.015503875968992,0.02117486338797814,3,6,4,6,1,11
O95810,CAVIN2,425,411,proteome_wide,72,16.941176470588236,0.029197080291970802,16,11,17,12,9,7
O95825,CRYZL1,349,335,length_matched,34,9.742120343839542,0.01691542288557214,5,11,1,4,8,5
O95859,TSPAN12,305,291,length_matched,14,4.590163934426229,0.008018327605956471,2,5,2,4,0,1
O96008,TOMM40,361,347,length_matched,32,8.86426592797784,0.01536983669548511,2,0,18,9,2,1
P00846,MT-ATP6,226,212,length_matched,18,7.964601769911504,0.014150943396226415,4,0,0,6,4,4
P01242,GH2,217,203,length_matched,11,5.0691244239631335,0.0090311986863711,3,0,5,3,0,0
P01594,IGKV1-33,117,103,length_matched,16,13.675213675213675,0.025889967637540454,0,2,4,2,0,8
P01597,IGKV1-39,117,103,length_matched,15,12.820512820512821,0.024271844660194174,0,0,5,2,0,8
P01706,IGLV2-11,119,105,length_matched,8,6.722689075630252,0.012698412698412698,0,0,0,0,5,3
P01767,IGHV3-53,116,102,proteome_wide,19,16.379310344827587,0.03104575163398693,4,2,6,3,4,0
P02656,APOC3,99,85,length_matched,2,2.0202020202020203,0.00392156862745098,2,0,0,0,0,0
P02766,TTR,147,133,length_matched,37,25.170068027210885,0.046365914786967416,7,4,16,10,0,0
P04066,FUCA1,466,452,length_matched,64,13.733905579399142,0.02359882005899705,15,6,8,20,13,2
P05120,SERPINB2,415,401,proteome_wide,73,17.59036144578313,0.030340814630091438,20,9,9,10,19,6
P05455,SSB,408,394,length_matched,73,17.892156862745097,0.030879864636209814,7,13,6,13,19,15
P05549,TFAP2A,437,423,length_matched,36,8.237986270022883,0.014184397163120567,2,2,14,7,8,3
P06028,GYPB,91,77,length_matched,9,9.89010989010989,0.01948051948051948,0,0,4,4,0,1
P06126,CD1A,327,313,length_matched,16,4.892966360856269,0.008519701810436636,0,0,0,0,6,10
P07864,LDHC,332,318,length_matched,42,12.650602409638553,0.0220125786163522,9,3,0,13,10,7
P08134,RHOC,193,179,length_matched,22,11.398963730569948,0.020484171322160148,0,16,3,0,3,0
P08218,CELA2B,269,255,length_matched,29,10.780669144981413,0.01895424836601307,7,0,8,10,0,4
P08709,F7,466,452,length_matched,20,4.291845493562231,0.007374631268436578,5,3,3,0,2,7
P09565,GIG44,113,99,length_matched,5,4.424778761061947,0.008417508417508417,1,4,0,0,0,0
P0C7A2,FAM153B,387,373,length_matched,23,5.943152454780361,0.010277033065236819,0,10,9,0,0,4
P0C7I6,CCDC159,297,283,proteome_wide,2,0.6734006734006734,0.001177856301531213,1,0,1,0,0,0
P0C7N8,OR9G9,305,291,length_matched,13,4.262295081967213,0.0074455899198167235,0,1,0,6,4,2
P0C7Q5,SLC35G4,338,324,length_matched,26,7.6923076923076925,0.013374485596707819,8,0,3,5,2,8
P0C854,CECR9,216,202,length_matched,18,8.333333333333334,0.01485148514851485,0,8,2,0,2,6
P0CF75,EBLN1,366,352,proteome_wide,37,10.109289617486338,0.017518939393939392,8,1,2,12,8,6
P0CI00,ZNF705B,300,286,length_matched,16,5.333333333333333,0.009324009324009324,0,7,2,7,0,0
P0DH78,RNF224,156,142,length_matched,11,7.051282051282051,0.012910798122065728,5,0,0,4,0,2
P0DI81,TRAPPC2,140,126,length_matched,34,24.285714285714285,0.04497354497354497,5,0,4,5,13,7
P0DJD7,PGA4,388,374,length_matched,34,8.762886597938145,0.015151515151515152,0,3,15,4,3,9
P0DJR0,GIMD1,217,203,length_matched,18,8.294930875576037,0.014778325123152709,7,0,1,6,3,1
P0DMW4,SMIM10L2A,78,64,length_matched,2,2.5641025641025643,0.005208333333333333,0,0,2,0,0,0
P0DP01,IGHV1-8,117,103,length_matched,15,12.820512820512821,0.024271844660194174,4,0,5,4,2,0
P0DP72,VSIG10L2,767,753,proteome_wide,71,9.256844850065189,0.015714918105356353,14,8,10,7,20,12
P0DTE1,IGHV3-38-3,115,101,length_matched,12,10.434782608695652,0.019801980198019802,1,3,4,4,0,0
P0DY57,RASAL2-AS1,106,92,proteome_wide,0,0.0,0.0,0,0,0,0,0,0
P10912,GHR,638,624,proteome_wide,62,9.717868338557993,0.01655982905982906,12,10,14,14,9,3
P10916,MYL2,166,152,length_matched,14,8.433734939759036,0.015350877192982455,4,0,0,4,6,0
P11487,FGF3,239,225,proteome_wide,29,12.133891213389122,0.02148148148148148,5,1,7,3,9,4
P11684,SCGB1A1,91,77,length_matched,9,9.89010989010989,0.01948051948051948,0,4,1,0,4,0
P12319,FCER1A,257,243,length_matched,17,6.614785992217898,0.011659807956104253,1,2,1,2,3,8
P12724,RNASE3,160,146,proteome_wide,13,8.125,0.014840182648401826,0,4,6,3,0,0
P12838,DEFA4,97,83,proteome_wide,5,5.154639175257732,0.010040160642570281,0,0,1,4,0,0
P13051,UNG,313,299,length_matched,27,8.626198083067093,0.015050167224080268,9,0,1,0,8,9
P13196,ALAS1,640,626,proteome_wide,65,10.15625,0.017305644302449415,10,0,14,11,15,15
P13232,IL7,177,163,length_matched,9,5.084745762711864,0.009202453987730062,0,0,0,0,9,0
P13716,ALAD,330,316,length_matched,44,13.333333333333334,0.023206751054852322,1,8,5,5,12,13
P13727,PRG2,222,208,length_matched,16,7.207207207207207,0.01282051282051282,4,0,1,7,0,4
P13928,ANXA8,327,313,proteome_wide,72,22.01834862385321,0.038338658146964855,25,7,6,8,19,7
P14384,CPM,443,429,length_matched,96,21.670428893905193,0.037296037296037296,10,7,27,12,27,13
P14651,HOXB3,431,417,length_matched,20,4.640371229698376,0.007993605115907274,4,0,2,1,9,4
P14780,MMP9,707,693,proteome_wide,77,10.891089108910892,0.018518518518518517,10,13,6,16,17,15
P15169,CPN1,458,444,length_matched,82,17.903930131004365,0.03078078078078078,8,9,21,14,27,3
P15882,CHN1,459,445,length_matched,93,20.26143790849673,0.0348314606741573,14,11,7,11,28,22
P16150,SPN,400,386,length_matched,11,2.75,0.004749568221070812,0,6,4,0,1,0
P16415,ZNF823,610,596,proteome_wide,24,3.9344262295081966,0.006711409395973154,1,2,1,4,4,12
P17030,ZNF25,456,442,length_matched,22,4.824561403508772,0.008295625942684766,4,0,5,5,8,0
P17540,CKMT2,419,405,length_matched,49,11.694510739856803,0.020164609053497942,11,13,1,7,17,0
P17858,PFKL,780,766,proteome_wide,83,10.64102564102564,0.018059181897302,21,16,6,11,10,19
P17980,PSMC3,439,425,length_matched,74,16.856492027334852,0.029019607843137254,18,16,7,15,8,10
P18846,ATF1,271,257,length_matched,60,22.14022140221402,0.038910505836575876,10,0,16,15,10,9
P19012,KRT15,456,442,length_matched,66,14.473684210526315,0.024886877828054297,9,16,7,12,10,12
P19388,POLR2E,210,196,length_matched,21,10.0,0.017857142857142856,0,4,3,1,6,7
P20908,COL5A1,1838,1824,proteome_wide,136,7.399347116430903,0.012426900584795321,30,19,29,13,15,30
P22003,BMP5,454,440,length_matched,54,11.894273127753303,0.020454545454545454,3,11,10,7,7,16
P22557,ALAS2,587,573,proteome_wide,67,11.41396933560477,0.019488074461896453,11,7,7,12,13,17
P23527,H2BC17,126,112,length_matched,16,12.698412698412698,0.023809523809523808,5,3,2,0,3,3
P23528,CFL1,166,152,proteome_wide,31,18.674698795180724,0.03399122807017544,4,13,2,2,3,7
P23743,DGKA,735,721,proteome_wide,117,15.918367346938776,0.027045769764216365,7,23,25,22,13,27
P24941,CDK2,298,284,length_matched,51,17.114093959731544,0.02992957746478873,3,14,6,7,17,4
P25686,DNAJB2,324,310,length_matched,38,11.728395061728396,0.02043010752688172,3,5,11,6,13,0
P26715,KLRC1,233,219,proteome_wide,32,13.733905579399142,0.0243531202435312,5,4,5,4,6,8
P26717,KLRC2,231,217,length_matched,19,8.225108225108226,0.014592933947772658,1,7,2,1,7,1
P28161,GSTM2,218,204,proteome_wide,40,18.34862385321101,0.032679738562091505,8,5,4,8,9,6
P29320,EPHA3,983,969,proteome_wide,157,15.97151576805697,0.027003783969728242,29,24,45,20,19,20
P29371,TACR3,465,451,length_matched,30,6.451612903225806,0.011086474501108648,12,2,3,3,6,4
P29400,COL4A5,1685,1671,proteome_wide,70,4.154302670623146,0.006981847197287053,25,2,14,9,1,19
P30043,BLVRB,206,192,length_matched,32,15.533980582524272,0.027777777777777776,8,5,4,4,4,7
P30046,DDT,118,104,length_matched,15,12.711864406779661,0.02403846153846154,3,4,2,2,4,0
P30530,AXL,894,880,proteome_wide,63,7.046979865771812,0.011931818181818182,13,12,15,6,16,1
P30872,SSTR1,391,377,proteome_wide,21,5.370843989769821,0.009283819628647215,0,0,0,6,10,5
P32929,CTH,405,391,proteome_wide,52,12.839506172839506,0.02216538789428815,8,5,22,10,0,7
P33176,KIF5B,963,949,proteome_wide,102,10.59190031152648,0.01791359325605901,8,27,28,11,18,10
P35219,CA8,290,276,length_matched,33,11.379310344827585,0.019927536231884056,2,14,1,8,7,1
P39877,PLA2G5,138,124,length_matched,2,1.4492753623188406,0.002688172043010753,0,0,0,0,0,2
P40424,PBX1,430,416,length_matched,32,7.441860465116279,0.01282051282051282,7,0,15,5,3,2
P40818,USP8,1118,1104,proteome_wide,115,10.286225402504472,0.017361111111111112,19,19,14,24,18,21
P40938,RFC3,356,342,length_matched,37,10.393258426966293,0.018031189083820662,14,3,5,6,2,7
P42695,NCAPD3,1498,1484,proteome_wide,133,8.878504672897197,0.014937106918238994,26,24,20,27,20,16
P43116,PTGER2,358,344,proteome_wide,11,3.0726256983240225,0.005329457364341085,4,0,1,0,2,4
P43657,LPAR6,344,330,length_matched,25,7.267441860465116,0.012626262626262626,0,0,7,6,3,9
P46527,CDKN1B,198,184,length_matched,9,4.545454545454546,0.008152173913043478,4,0,3,0,1,1
P47224,RABIF,123,109,length_matched,3,2.4390243902439024,0.0045871559633027525,0,0,0,0,1,2
P47901,AVPR1B,424,410,length_matched,11,2.5943396226415096,0.004471544715447155,0,0,2,3,5,1
P47972,NPTX2,431,417,proteome_wide,41,9.51276102088167,0.016386890487609912,8,6,4,6,5,12
P48509,CD151,253,239,length_matched,9,3.5573122529644268,0.006276150627615063,6,0,0,3,0,0
P48651,PTDSS1,473,459,length_matched,59,12.473572938689218,0.021423384168482208,12,4,13,13,1,16
P48788,TNNI2,182,168,length_matched,12,6.593406593406593,0.011904761904761904,5,2,0,2,3,0
P49418,AMPH,695,681,proteome_wide,83,11.942446043165468,0.020313264806656878,15,5,23,6,23,11
P49842,WHR1,254,240,length_matched,19,7.480314960629921,0.013194444444444444,1,5,4,2,5,2
P50135,HNMT,292,278,length_matched,34,11.643835616438356,0.02038369304556355,10,0,4,2,7,11
P50440,GATM,423,409,length_matched,63,14.893617021276595,0.02567237163814181,8,18,7,12,8,10
P51809,VAMP7,220,206,proteome_wide,41,18.636363636363637,0.03317152103559871,9,4,3,19,6,0
P51884,LUM,338,324,length_matched,56,16.568047337278106,0.02880658436213992,8,7,20,3,16,2
P52788,SMS,366,352,length_matched,59,16.120218579234972,0.02793560606060606,8,15,10,11,3,12
P52945,PDX1,283,269,proteome_wide,13,4.593639575971731,0.0080545229244114,0,1,0,3,3,6
P52954,LBX1,281,267,length_matched,25,8.896797153024911,0.015605493133583021,4,4,0,7,4,6
P53004,BLVRA,296,282,length_matched,19,6.418918918918919,0.011229314420803783,6,0,3,0,7,3
P53367,ARFIP1,373,359,length_matched,69,18.498659517426272,0.03203342618384401,7,11,8,12,12,19
P53384,NUBP1,320,306,proteome_wide,43,13.4375,0.023420479302832243,14,2,11,6,7,3
P54821,PRRX1,245,231,length_matched,15,6.122448979591836,0.010822510822510822,1,2,8,0,0,4
P54845,NRL,237,223,length_matched,13,5.485232067510548,0.009715994020926755,12,1,0,0,0,0
P55087,AQP4,323,309,length_matched,39,12.074303405572756,0.021035598705501618,8,7,12,9,0,3
P55089,UCN,124,110,length_matched,7,5.645161290322581,0.010606060606060607,0,3,2,0,2,0
P55316,FOXG1,489,475,length_matched,32,6.543967280163599,0.011228070175438596,5,7,2,3,13,2
P56178,DLX5,289,275,length_matched,21,7.26643598615917,0.012727272727272728,0,0,10,7,4,0
P56746,CLDN15,228,214,proteome_wide,17,7.456140350877193,0.0132398753894081,5,0,6,3,3,0
P56748,CLDN8,225,211,proteome_wide,26,11.555555555555555,0.020537124802527645,1,4,6,5,3,7
P57796,CABP4,275,261,length_matched,11,4.0,0.0070242656449553,9,0,0,0,2,0
P58294,PROK1,105,91,length_matched,0,0.0,0.0,0,0,0,0,0,0
P58317,ZNF121,390,376,length_matched,24,6.153846153846154,0.010638297872340425,4,0,3,9,4,4
P59826,BPIFB3,472,458,length_matched,49,10.38135593220339,0.017831149927219795,16,8,4,4,8,9
P59990,KRTAP12-1,96,82,length_matched,4,4.166666666666667,0.008130081300813009,1,0,0,3,0,0
P61081,UBE2M,183,169,length_matched,20,10.92896174863388,0.01972386587771203,4,5,4,0,4,3
P61224,RAP1B,184,170,length_matched,15,8.152173913043478,0.014705882352941176,5,1,4,0,3,2
P61575,ERVK-8,105,91,proteome_wide,9,8.571428571428571,0.016483516483516484,0,0,0,0,9,0
P62136,PPP1CA,330,316,length_matched,22,6.666666666666667,0.011603375527426161,2,7,3,4,6,0
P62256,UBE2H,183,169,proteome_wide,28,15.300546448087431,0.027613412228796843,0,6,6,0,0,16
P62750,RPL23A,156,142,length_matched,20,12.820512820512821,0.023474178403755867,0,11,3,2,2,2
P62888,RPL30,115,101,length_matched,16,13.91304347826087,0.026402640264026403,4,0,0,0,6,6
P62987,UBA52,128,114,length_matched,15,11.71875,0.021929824561403508,7,0,1,0,7,0
P62995,TRA2B,288,274,length_matched,23,7.986111111111111,0.013990267639902677,0,14,2,0,7,0
P63104,YWHAZ,245,231,length_matched,37,15.10204081632653,0.026695526695526696,6,0,8,9,13,1
P63124,HERV-K104,156,142,length_matched,7,4.487179487179487,0.008215962441314555,2,0,4,1,0,0
P63132,HERVK_113,959,945,proteome_wide,123,12.825860271115745,0.021693121693121695,25,12,27,16,18,25
P63151,PPP2R2A,447,433,proteome_wide,48,10.738255033557047,0.018475750577367205,6,2,11,15,5,9
P63316,TNNC1,161,147,length_matched,10,6.211180124223603,0.011337868480725623,1,5,0,1,3,0
P78337,PITX1,314,300,length_matched,26,8.280254777070065,0.014444444444444444,9,0,7,2,0,8
P78543,BTG2,158,144,length_matched,8,5.063291139240507,0.009259259259259259,1,0,0,0,4,3
P82921,MRPS21,87,73,length_matched,22,25.28735632183908,0.0502283105022831,4,6,4,2,6,0
P82970,HMGN5,282,268,length_matched,15,5.319148936170213,0.009328358208955223,0,11,0,2,0,2
P83105,HTRA4,476,462,proteome_wide,83,17.436974789915965,0.029942279942279944,18,15,7,24,4,15
Q00610,CLTC,1675,1661,proteome_wide,267,15.940298507462687,0.02679108970499699,36,40,47,24,56,64
Q01814,ATP2B2,1243,1229,proteome_wide,149,11.987127916331456,0.020206129644697587,21,39,21,23,29,16
Q03052,POU3F1,451,437,length_matched,23,5.099778270509978,0.008771929824561403,6,4,6,0,6,1
Q06520,SULT2A1,285,271,length_matched,50,17.54385964912281,0.03075030750307503,13,7,6,15,8,1
Q06710,PAX8,450,436,proteome_wide,37,8.222222222222221,0.014143730886850153,5,7,8,7,7,3
Q07352,ZFP36L1,338,324,length_matched,27,7.988165680473373,0.013888888888888888,5,0,12,0,4,6
Q07955,SRSF1,248,234,proteome_wide,3,1.2096774193548387,0.002136752136752137,1,0,0,0,2,0
Q12887,COX10,443,429,length_matched,36,8.126410835214447,0.013986013986013986,3,6,5,4,12,6
Q13323,BIK,160,146,length_matched,4,2.5,0.0045662100456621,0,0,4,0,0,0
Q13609,DNASE1L3,305,291,proteome_wide,62,20.327868852459016,0.035509736540664374,9,7,8,13,17,8
Q13618,CUL3,768,754,proteome_wide,97,12.630208333333334,0.021441202475685234,17,16,10,11,20,23
Q13868,EXOSC2,293,279,length_matched,48,16.38225255972696,0.02867383512544803,12,10,8,9,3,6
Q13889,GTF2H3,308,294,length_matched,19,6.1688311688311686,0.010770975056689343,2,7,5,5,0,0
Q13895,BYSL,437,423,proteome_wide,75,17.162471395881006,0.02955082742316785,9,19,10,8,11,18
Q14161,GIT2,759,745,proteome_wide,84,11.067193675889328,0.01879194630872483,3,12,23,13,21,12
Q14213,EBI3,229,215,length_matched,46,20.087336244541486,0.03565891472868217,9,5,4,12,9,7
Q14249,ENDOG,297,283,proteome_wide,40,13.468013468013469,0.023557126030624265,4,0,16,6,9,5
Q14314,FGL2,439,425,length_matched,42,9.567198177676538,0.01647058823529412,3,6,10,8,9,6
Q14714,SSPN,243,229,length_matched,0,0.0,0.0,0,0,0,0,0,0
Q14761,PTPRCAP,206,192,proteome_wide,19,9.223300970873787,0.016493055555555556,7,1,1,1,5,4
Q14839,CHD4,1912,1898,proteome_wide,204,10.669456066945607,0.01791359325605901,39,45,32,21,34,33
Q15011,HERPUD1,391,377,length_matched,24,6.138107416879795,0.010610079575596816,5,10,3,0,6,0
Q15013,MAD2L1BP,274,260,length_matched,23,8.394160583941606,0.014743589743589743,10,0,6,2,3,2
Q15287,RNPS1,305,291,proteome_wide,7,2.2950819672131146,0.004009163802978236,4,0,0,0,2,1
Q15434,RBMS2,407,393,proteome_wide,90,22.11302211302211,0.03816793893129771,15,9,16,27,8,15
Q15477,SKIC2,1246,1232,proteome_wide,151,12.118780096308186,0.020427489177489176,36,12,36,26,27,14
Q15629,TRAM1,374,360,length_matched,18,4.81283422459893,0.008333333333333333,1,3,3,4,0,7
Q15699,ALX1,326,312,length_matched,23,7.0552147239263805,0.012286324786324786,4,0,1,6,6,6
Q15726,KISS1,138,124,length_matched,0,0.0,0.0,0,0,0,0,0,0
Q16526,CRY1,586,572,proteome_wide,70,11.945392491467576,0.020396270396270396,10,3,14,9,14,20
Q16626,MEA1,185,171,length_matched,11,5.945945945945946,0.010721247563352826,0,5,3,0,3,0
Q16690,DUSP5,384,370,length_matched+proteome_wide,57,14.84375,0.025675675675675677,12,11,12,5,13,4
Q16877,PFKFB4,469,455,length_matched,60,12.793176972281449,0.02197802197802198,12,4,12,12,4,16
Q17R55,FAM187B,369,355,length_matched,47,12.737127371273713,0.022065727699530517,4,7,7,13,7,9
Q2M1V0,ISX,245,231,length_matched,15,6.122448979591836,0.010822510822510822,4,0,0,3,4,4
Q2M3R5,SLC35G1,365,351,length_matched,34,9.315068493150685,0.016144349477682812,11,0,2,11,1,9
Q2NKQ1,SGSM1,1148,1134,proteome_wide,78,6.794425087108014,0.01146384479717813,7,10,20,14,13,14
Q2NL68,PROSER3,480,466,proteome_wide,32,6.666666666666667,0.011444921316165951,9,1,10,3,1,8
Q2TAA2,IAH1,248,234,length_matched,14,5.645161290322581,0.009971509971509971,4,0,2,6,0,2
Q2WGJ8,CATSPERQ,235,221,length_matched,11,4.680851063829787,0.008295625942684766,0,0,0,0,6,5
Q32P51,HNRNPA1L2,320,306,length_matched,44,13.75,0.023965141612200435,4,11,15,3,4,7
Q3B7T3,BEAN1,259,245,length_matched,17,6.563706563706564,0.011564625850340135,0,11,2,4,0,0
Q3SXZ7,TTLL9,439,425,length_matched,25,5.694760820045558,0.00980392156862745,1,7,0,0,10,7
Q3ZAQ7,VMA21,101,87,length_matched,17,16.831683168316832,0.032567049808429116,6,0,6,4,1,0
Q4KMG9,TMEM52B,183,169,proteome_wide,11,6.0109289617486334,0.010848126232741617,5,2,4,0,0,0
Q4KMX7,FAM106A,169,155,proteome_wide,6,3.5502958579881656,0.0064516129032258064,0,0,2,2,0,2
Q4KMZ8,NKAIN1,207,193,length_matched,9,4.3478260869565215,0.007772020725388601,1,0,0,7,0,1
Q4VNC1,ATP13A4,1196,1182,proteome_wide,125,10.451505016722408,0.017625493513818386,25,15,19,23,24,19
Q50LG9,LRRC24,513,499,proteome_wide,66,12.865497076023392,0.022044088176352707,21,5,15,5,13,7
Q53QW1,TEX44,395,381,proteome_wide,41,10.379746835443038,0.017935258092738406,14,0,4,11,3,9
Q58G82,SYT14P1,188,174,proteome_wide,8,4.25531914893617,0.007662835249042145,1,0,1,3,1,2
Q5JPI9,EEF1AKMT2,236,222,proteome_wide,25,10.59322033898305,0.01876876876876877,6,4,5,5,4,1
Q5JRM2,CXorf66,361,347,proteome_wide,40,11.0803324099723,0.01921229586935639,6,8,11,7,6,2
Q5JZY3,EPHA10,1008,994,proteome_wide,119,11.805555555555555,0.01995305164319249,23,15,25,17,19,20
Q5K130,CLLU1-AS1,101,87,length_matched,6,5.9405940594059405,0.011494252873563218,2,0,0,0,4,0
Q5SR53,PIK3CD-AS1,167,153,length_matched,8,4.790419161676646,0.008714596949891068,0,0,2,0,3,3
Q5SWX8,ODR4,454,440,length_matched,44,9.691629955947137,0.016666666666666666,14,4,15,0,8,3
Q5SZB4,C9orf50,431,417,length_matched,32,7.424593967517401,0.012789768185451638,6,5,6,3,9,3
Q5T0J3,C1orf220,134,120,length_matched,9,6.7164179104477615,0.0125,0,4,0,0,4,1
Q5T440,IBA57,356,342,length_matched,26,7.303370786516854,0.012670565302144249,6,7,2,7,0,4
Q5T5A4,CFAP276,169,155,length_matched,32,18.93491124260355,0.034408602150537634,6,9,0,2,9,6
Q5T5M9,CCNJ,372,358,length_matched,36,9.67741935483871,0.01675977653631285,5,6,3,11,2,9
Q5T653,MRPL2,305,291,length_matched,23,7.540983606557377,0.013172966781214204,4,2,11,1,5,0
Q5T6R2,TPTE2P1,138,124,length_matched,1,0.7246376811594203,0.0013440860215053765,0,0,0,0,0,1
Q5T6X4,FAM162B,162,148,length_matched,14,8.641975308641975,0.015765765765765764,4,1,3,0,6,0
Q5T7V8,GORAB,369,355,length_matched,39,10.56910569105691,0.018309859154929577,4,5,2,8,20,0
Q5TAA0,TTC22,569,555,proteome_wide,30,5.272407732864675,0.009009009009009009,5,6,5,0,9,5
Q5TFE4,NT5DC1,455,441,length_matched,56,12.307692307692308,0.021164021164021163,8,1,9,10,16,12
Q5TGU0,TSPO2,170,156,length_matched,11,6.470588235294118,0.011752136752136752,1,0,0,0,4,6
Q5THR3,EFCAB6,1501,1487,proteome_wide,163,10.859427048634243,0.01826944631248599,24,35,27,21,39,17
Q5VT99,LRRC38,294,280,length_matched,26,8.843537414965986,0.015476190476190477,13,8,0,1,3,1
Q5VTE0,EEF1A1P5,462,448,length_matched,76,16.450216450216452,0.028273809523809524,14,6,15,9,26,6
Q5VTQ0,TTC39B,682,668,proteome_wide,86,12.609970674486803,0.021457085828343315,23,2,16,15,13,17
Q5VV52,ZNF691,315,301,proteome_wide,22,6.984126984126984,0.012181616832779624,0,0,11,11,0,0
Q5VVB8,TMEM244,128,114,length_matched,4,3.125,0.005847953216374269,0,0,0,2,0,2
Q5VVX9,UBE2U,321,307,length_matched,52,16.1993769470405,0.02823018458197611,9,5,10,11,7,10
Q5VWM6,PRAMEF13,474,460,proteome_wide,19,4.008438818565401,0.006884057971014493,5,4,0,1,0,9
Q5VWW1,C1QL3,255,241,length_matched,36,14.117647058823529,0.024896265560165973,8,5,4,2,13,4
Q5VYY2,LIPM,423,409,length_matched,39,9.21985815602837,0.01589242053789731,6,3,11,1,6,12
Q5VZ52,MORN5,161,147,length_matched,31,19.25465838509317,0.035147392290249435,0,10,0,9,4,8
Q6DN90,IQSEC1,963,949,proteome_wide,107,11.11111111111111,0.01879171057253249,15,21,14,7,30,20
Q6IE38,SPINK14,97,83,length_matched,1,1.0309278350515463,0.002008032128514056,0,0,0,0,0,1
Q6IF63,OR52W1,320,306,length_matched,32,10.0,0.017429193899782137,10,4,3,7,4,4
Q6IS14,EIF5AL1,154,140,proteome_wide,12,7.792207792207792,0.014285714285714285,8,0,0,0,0,4
Q6P161,MRPL54,138,124,length_matched,8,5.797101449275362,0.010752688172043012,4,0,2,0,2,0
Q6P2I7,EBLN2,272,258,proteome_wide,49,18.014705882352942,0.03165374677002584,10,6,4,9,15,5
Q6P6B1,ERICH5,374,360,proteome_wide,30,8.02139037433155,0.013888888888888888,5,8,8,0,4,5
Q6PHR2,ULK3,472,458,proteome_wide,32,6.779661016949152,0.011644832605531296,4,1,1,4,15,7
Q6PI47,KCTD18,426,412,proteome_wide,33,7.746478873239437,0.013349514563106795,11,4,0,13,3,2
Q6PP77,XKRX,449,435,proteome_wide,33,7.349665924276169,0.01264367816091954,5,5,0,3,15,5
Q6QNY0,BLOC1S3,202,188,length_matched,25,12.376237623762377,0.022163120567375887,9,1,0,5,6,4
Q6UB28,METAP1D,335,321,length_matched,50,14.925373134328359,0.02596053997923157,4,11,13,6,7,9
Q6UDR6,SPINT4,99,85,length_matched,3,3.0303030303030303,0.0058823529411764705,0,0,0,0,0,3
Q6UW15,REG3G,175,161,length_matched,11,6.285714285714286,0.011387163561076604,0,3,3,3,0,2
Q6UWI4,SHISA2,295,281,proteome_wide,18,6.101694915254237,0.010676156583629894,4,0,7,2,1,4
Q6UWW0,LCN15,184,170,proteome_wide,19,10.326086956521738,0.018627450980392157,4,6,2,0,0,7
Q6UXR4,SERPINA13P,307,293,length_matched,26,8.469055374592834,0.01478953356086462,1,4,0,2,8,11
Q6VB84,FOXD4L3,417,403,length_matched,23,5.5155875299760195,0.009511993382961124,7,0,2,4,7,3
Q6W5P4,NPSR1,371,357,length_matched,24,6.46900269541779,0.011204481792717087,3,5,7,2,2,5
Q6ZN01,MAMSTR,415,401,proteome_wide,27,6.506024096385542,0.011221945137157107,3,2,5,12,5,0
Q6ZPB5,SDIM1,146,132,proteome_wide,0,0.0,0.0,0,0,0,0,0,0
Q6ZR54,?,194,180,length_matched,0,0.0,0.0,0,0,0,0,0,0
Q6ZSS7,MFSD6,791,777,proteome_wide,63,7.964601769911504,0.013513513513513514,5,14,12,19,7,6
Q6ZT21,TMPPE,453,439,length_matched,57,12.582781456953642,0.02164009111617312,18,2,2,14,2,19
Q6ZU67,BEND4,534,520,proteome_wide,59,11.04868913857678,0.01891025641025641,6,3,11,10,17,12
Q6ZUA9,MROH5,1318,1304,proteome_wide,128,9.711684370257966,0.016359918200409,31,8,17,30,20,22
Q7L3T8,PARS2,475,461,length_matched,59,12.421052631578947,0.021330441070137384,13,11,8,13,11,3
Q7L4I2,RSRC2,434,420,length_matched,33,7.6036866359447,0.013095238095238096,12,2,7,6,6,0
Q7RTR2,NLRC3,1065,1051,proteome_wide,89,8.35680751173709,0.014113542657786235,35,12,22,9,6,5
Q7RTT4,SSX8P,187,173,proteome_wide,19,10.16042780748663,0.018304431599229287,0,0,3,0,9,7
Q7Z309,PABIR2,247,233,length_matched,21,8.502024291497976,0.015021459227467811,2,2,6,6,5,0
Q7Z4F1,LRP10,713,699,proteome_wide,55,7.713884992987377,0.013113972341440152,24,3,9,1,7,11
Q7Z4L5,TTC21B,1316,1302,proteome_wide,152,11.55015197568389,0.01945724526369688,27,14,16,12,45,38
Q7Z6K5,ARPIN,226,212,proteome_wide,19,8.4070796460177,0.014937106918238994,1,7,0,0,11,0
Q7Z6V5,ADAT2,191,177,proteome_wide,23,12.041884816753926,0.021657250470809793,9,0,8,2,0,4
Q7Z7B7,DEFB132,95,81,length_matched,2,2.1052631578947367,0.00411522633744856,0,0,2,0,0,0
Q86TN4,TRPT1,253,239,length_matched,48,18.972332015810277,0.03347280334728033,9,3,7,15,5,9
Q86TU6,LINC00523,105,91,proteome_wide,26,24.761904761904763,0.047619047619047616,3,7,8,0,6,2
Q86VD1,MORC1,984,970,proteome_wide,129,13.109756097560975,0.02216494845360825,14,23,18,15,26,33
Q86VY9,TMEM200A,491,477,length_matched,56,11.405295315682281,0.019566736547868623,3,11,17,6,8,11
Q86W26,NLRP10,655,641,proteome_wide,37,5.648854961832061,0.009620384815392615,6,2,4,4,14,7
Q86W67,FAM228A,206,192,length_matched,16,7.766990291262136,0.013888888888888888,0,6,0,8,2,0
Q86X24,HORMAD1,394,380,length_matched,31,7.868020304568528,0.013596491228070176,0,5,10,5,7,4
Q86X53,ERICH1,443,429,proteome_wide,22,4.966139954853273,0.008547008547008548,3,4,10,3,0,2
Q86XK7,VSIG1,387,373,length_matched,34,8.785529715762275,0.01519213583556747,8,2,3,11,3,7
Q86XP6,GKN2,184,170,proteome_wide,7,3.8043478260869565,0.006862745098039216,1,0,0,3,0,3
Q86XR5,PRIMA1,153,139,proteome_wide,13,8.49673202614379,0.015587529976019185,0,2,4,0,5,2
Q86XT2,VPS37D,251,237,length_matched,26,10.358565737051793,0.01828410689170183,7,3,2,6,8,0
Q86Y29,BAGE3,109,95,length_matched,5,4.587155963302752,0.008771929824561403,4,0,1,0,0,0
Q86Y39,NDUFA11,141,127,proteome_wide,18,12.76595744680851,0.023622047244094488,1,0,5,6,6,0
Q86YF9,DZIP1,867,853,proteome_wide,99,11.418685121107266,0.019343493552168817,26,16,18,13,6,20
Q86YN1,DOLPP1,238,224,proteome_wide,3,1.2605042016806722,0.002232142857142857,1,0,0,2,0,0
Q8IVM0,CCDC50,306,292,proteome_wide,33,10.784313725490197,0.018835616438356163,7,13,5,2,4,2
Q8IW50,FAM219A,185,171,length_matched,10,5.405405405405405,0.009746588693957114,1,3,5,0,0,1
Q8IW52,SLITRK4,837,823,proteome_wide,75,8.960573476702509,0.015188335358444714,15,10,2,7,14,27
Q8IWA5,SLC44A2,706,692,proteome_wide,50,7.0821529745042495,0.012042389210019268,6,7,4,3,10,20
Q8IWD4,CCDC117,279,265,proteome_wide,20,7.168458781362007,0.012578616352201259,3,5,5,0,0,7
Q8IWU4,SLC30A8,369,355,length_matched,30,8.130081300813009,0.014084507042253521,2,9,4,5,4,6
Q8IWU9,TPH2,490,476,proteome_wide,61,12.448979591836734,0.021358543417366947,2,20,9,7,8,15
Q8IX90,SKA3,412,398,length_matched,64,15.533980582524272,0.02680067001675042,7,9,12,12,9,15
Q8IXM6,NRM,262,248,proteome_wide,18,6.870229007633588,0.012096774193548387,6,0,1,0,7,4
Q8IYI0,SHLD1,205,191,length_matched,12,5.853658536585366,0.010471204188481676,6,2,4,0,0,0
Q8IZP7,HS6ST3,471,457,length_matched,41,8.704883227176222,0.014952589350838803,6,4,4,7,12,8
Q8N0Y2,ZNF444,327,313,proteome_wide,10,3.058103975535168,0.005324813631522897,0,4,2,0,0,4
Q8N183,NDUFAF2,169,155,length_matched,23,13.609467455621301,0.024731182795698924,1,0,0,5,13,4
Q8N1L1,LINC00528,170,156,length_matched,7,4.117647058823529,0.007478632478632479,7,0,0,0,0,0
Q8N1V8,LINC01561,128,114,length_matched,4,3.125,0.005847953216374269,4,0,0,0,0,0
Q8N2R0,OSR2,312,298,length_matched,32,10.256410256410257,0.017897091722595078,6,6,0,10,7,3
Q8N3H0,TAFA2,131,117,proteome_wide,5,3.816793893129771,0.007122507122507123,0,2,0,3,0,0
Q8N412,STPG2,459,445,length_matched,76,16.55773420479303,0.02846441947565543,17,12,5,18,21,3
Q8N4T0,CPA6,437,423,length_matched,45,10.297482837528603,0.01773049645390071,6,0,11,6,8,14
Q8N4Y2,CRACR2B,399,385,length_matched,25,6.265664160401003,0.010822510822510822,5,1,4,0,14,1
Q8N587,ZNF561,486,472,length_matched,51,10.493827160493828,0.018008474576271187,2,8,16,11,8,6
Q8N5J2,MINDY1,469,455,length_matched,37,7.889125799573561,0.013553113553113554,9,5,5,7,11,0
Q8N682,DRAM1,238,224,length_matched,21,8.823529411764707,0.015625,4,0,0,2,5,10
Q8N699,MYCT1,235,221,length_matched,21,8.936170212765957,0.01583710407239819,5,2,5,5,2,2
Q8N7B9,EFCAB3,438,424,proteome_wide,47,10.730593607305936,0.018474842767295597,3,16,1,7,6,14
Q8N831,TSPYL6,410,396,length_matched,40,9.75609756097561,0.016835016835016835,4,7,8,1,13,7
Q8N8D7,NKAIN3,197,183,length_matched,2,1.015228426395939,0.0018214936247723133,1,0,1,0,0,0
Q8N8N7,PTGR2,351,337,length_matched,39,11.11111111111111,0.019287833827893175,1,13,12,3,6,4
Q8N9E0,FAM133A,248,234,length_matched,16,6.451612903225806,0.011396011396011397,2,1,6,0,4,3
Q8NAJ2,LINC02913,232,218,length_matched,22,9.482758620689655,0.016819571865443424,5,0,8,6,0,3
Q8NBF4,?,154,140,proteome_wide,24,15.584415584415584,0.02857142857142857,5,8,10,0,0,1
Q8NC42,RNF149,400,386,proteome_wide,33,8.25,0.014248704663212436,12,0,5,6,5,5
Q8NDC4,MORN4,146,132,length_matched,8,5.47945205479452,0.010101010101010102,0,4,0,3,0,1
Q8NDX6,ZNF740,193,179,length_matched,4,2.0725388601036268,0.0037243947858473,0,1,2,0,1,0
Q8NE22,SETD9,299,285,length_matched,45,15.050167224080267,0.02631578947368421,10,6,7,10,0,12
Q8NEG0,GARIN6,241,227,length_matched,24,9.95850622406639,0.01762114537444934,3,2,5,4,6,4
Q8NEH6,MNS1,495,481,length_matched,57,11.515151515151516,0.01975051975051975,6,15,9,0,21,6
Q8NEQ6,SRARP,169,155,length_matched,4,2.366863905325444,0.004301075268817204,0,0,2,0,2,0
Q8NEY3,SPATA4,305,291,length_matched,32,10.491803278688524,0.018327605956471937,13,1,1,4,12,1
Q8NFL0,B3GNT7,401,387,length_matched,11,2.743142144638404,0.004737295434969853,0,0,2,0,5,4
Q8NFZ5,TNIP2,429,415,length_matched,44,10.256410256410257,0.017670682730923693,10,2,5,8,13,6
Q8NGF8,OR4B1,309,295,length_matched,13,4.207119741100324,0.007344632768361582,2,0,0,7,0,4
Q8NGF9,OR4X2,303,289,length_matched,25,8.250825082508252,0.01441753171856978,5,4,0,6,5,5
Q8NGJ1,OR4D6,314,300,length_matched,31,9.872611464968152,0.017222222222222222,4,5,0,3,12,7
Q8NGU4,OR2I1,315,301,length_matched,19,6.031746031746032,0.010520487264673311,7,0,0,5,3,4
Q8NGX9,OR6P1,317,303,proteome_wide,32,10.094637223974763,0.0176017601760176,5,7,4,2,2,12
Q8NGY7,OR10J6P,276,262,length_matched,14,5.072463768115942,0.008905852417302799,4,0,0,7,3,0
Q8NH54,OR56A3,315,301,length_matched,23,7.301587301587301,0.01273532668881506,3,3,0,11,4,2
Q8NHA6,OR2W6P,318,304,length_matched,8,2.5157232704402515,0.0043859649122807015,4,0,1,1,0,2
Q8TAC9,SCAMP5,235,221,length_matched,8,3.404255319148936,0.006033182503770739,1,0,3,2,0,2
Q8TAG6,VXN,207,193,length_matched,15,7.246376811594203,0.012953367875647668,2,0,3,10,0,0
Q8TAV0,FAM76A,307,293,length_matched,22,7.166123778501628,0.012514220705346985,2,0,9,3,4,4
Q8TAV3,CYP2W1,490,476,length_matched,48,9.795918367346939,0.01680672268907563,16,0,1,11,10,10
Q8TBZ0,CCDC110,833,819,proteome_wide,134,16.086434573829532,0.02726902726902727,9,27,43,16,8,31
Q8TC76,FAM110B,370,356,length_matched,79,21.35135135135135,0.03698501872659176,16,7,14,15,11,16
Q8TCH9,?,128,114,length_matched,3,2.34375,0.0043859649122807015,0,0,0,0,2,1
Q8TDP1,RNASEH2C,164,150,length_matched,12,7.317073170731708,0.013333333333333334,2,2,4,0,3,1
Q8TDU6,GPBAR1,330,316,length_matched,23,6.96969696969697,0.012130801687763712,2,5,2,3,7,4
Q8WTS1,ABHD5,349,335,length_matched,50,14.326647564469914,0.024875621890547265,15,8,6,15,4,2
Q8WU76,SCFD2,684,670,proteome_wide,70,10.23391812865497,0.017412935323383085,9,16,13,9,10,13
Q8WUA8,TSKU,353,339,length_matched,35,9.91501416430595,0.01720747295968535,20,3,4,0,1,7
Q8WUX1,SLC38A5,472,458,length_matched,41,8.686440677966102,0.014919941775836972,6,2,2,10,6,15
Q8WV16,DCAF4,495,481,length_matched,36,7.2727272727272725,0.012474012474012475,10,11,6,2,3,4
Q8WV48,CCDC107,283,269,proteome_wide,31,10.954063604240282,0.019206939281288724,4,4,5,9,5,4
Q8WVK7,SKA2,121,107,length_matched,14,11.570247933884298,0.021806853582554516,2,4,0,4,3,1
Q8WVL7,ANKRD49,239,225,length_matched,26,10.878661087866108,0.01925925925925926,4,0,1,9,12,0
Q8WVZ1,ZDHHC19,309,295,length_matched,12,3.883495145631068,0.006779661016949152,0,1,8,3,0,0
Q8WWG1,NRG4,115,101,length_matched,7,6.086956521739131,0.01155115511551155,1,2,0,3,1,0
Q8WXC6,COPS9,57,43,proteome_wide,0,0.0,0.0,0,0,0,0,0,0
Q8WXJ9,ASB17,295,281,length_matched,51,17.28813559322034,0.030249110320284697,8,3,4,10,14,12
Q8WXT5,FOXD4L4,416,402,length_matched,23,5.528846153846154,0.009535655058043118,7,0,2,4,7,3
Q92551,IP6K1,441,427,proteome_wide,50,11.337868480725623,0.0195160031225605,10,10,13,4,2,11
Q92688,ANP32B,251,237,length_matched,10,3.9840637450199203,0.007032348804500703,4,0,3,0,3,0
Q92730,RND1,232,218,length_matched,20,8.620689655172415,0.01529051987767584,7,2,6,0,2,3
Q92878,RAD50,1312,1298,proteome_wide,214,16.3109756097561,0.027478171545968155,22,56,21,28,52,35
Q92914,FGF11,225,211,length_matched,29,12.88888888888889,0.022906793048973143,8,1,8,1,4,7
Q93070,ART4,314,300,length_matched,28,8.9171974522293,0.015555555555555555,5,0,6,9,4,4
Q969F9,HPS3,1004,990,proteome_wide,117,11.653386454183266,0.019696969696969695,17,17,14,17,18,34
Q969M1,TOMM40L,308,294,length_matched,39,12.662337662337663,0.022108843537414966,9,0,5,17,5,3
Q969W8,ZNF566,418,404,proteome_wide,36,8.61244019138756,0.01485148514851485,3,10,7,0,7,9
Q96A00,PPP1R14A,147,133,length_matched,13,8.843537414965986,0.016290726817042606,0,10,0,0,3,0
Q96A22,C11orf52,123,109,length_matched,10,8.130081300813009,0.01529051987767584,0,3,1,0,6,0
Q96A61,TRIM52,297,283,length_matched,26,8.754208754208754,0.015312131919905771,2,4,12,0,0,8
Q96AP0,ACD,458,444,length_matched,22,4.8034934497816595,0.008258258258258258,4,2,6,5,0,5
Q96AP7,ESAM,390,376,length_matched,34,8.717948717948717,0.015070921985815602,9,6,8,1,4,6
Q96BM0,IFI27L1,104,90,proteome_wide,6,5.769230769230769,0.011111111111111112,1,0,0,0,2,3
Q96BW9,TAMM41,452,438,length_matched,57,12.610619469026549,0.021689497716894976,12,8,10,3,9,15
Q96C23,GALM,342,328,proteome_wide,58,16.95906432748538,0.029471544715447155,11,13,5,4,3,22
Q96CD0,FBXL8,374,360,proteome_wide,19,5.080213903743315,0.008796296296296297,7,1,2,2,7,0
Q96CP2,FLYWCH2,140,126,length_matched,3,2.142857142857143,0.003968253968253968,0,0,3,0,0,0
Q96DB9,FXYD5,178,164,proteome_wide,25,14.044943820224718,0.02540650406504065,3,14,0,5,0,3
Q96DE9,EOLA2,158,144,length_matched,12,7.594936708860759,0.013888888888888888,1,4,1,0,5,1
Q96DP5,MTFMT,389,375,length_matched,33,8.483290488431876,0.014666666666666666,7,6,3,8,6,3
Q96DZ9,CMTM5,223,209,length_matched,36,16.143497757847534,0.028708133971291867,10,0,11,2,0,13
Q96GG9,DCUN1D1,259,245,length_matched,12,4.633204633204633,0.00816326530612245,1,3,4,1,3,0
Q96H20,SNF8,258,244,proteome_wide,44,17.05426356589147,0.030054644808743168,15,5,10,2,11,1
Q96H96,COQ2,371,357,length_matched,47,12.668463611859838,0.021942110177404293,19,0,6,11,2,9
Q96HF1,SFRP2,295,281,length_matched,29,9.830508474576272,0.01720047449584816,0,9,0,8,12,0
Q96HH4,TMEM169,297,283,length_matched,22,7.407407407407407,0.012956419316843345,7,2,1,6,1,5
Q96HJ5,MS4A3,214,200,length_matched,7,3.2710280373831777,0.005833333333333334,3,1,2,0,0,1
Q96IX9,ANKRD36BP1,119,105,length_matched,20,16.80672268907563,0.031746031746031744,1,2,1,2,5,9
Q96K12,FAR2,515,501,proteome_wide,81,15.728155339805825,0.02694610778443114,11,8,12,23,18,9
Q96KE9,BTBD6,538,524,proteome_wide,36,6.691449814126394,0.011450381679389313,11,6,7,6,2,4
Q96L14,CEP170P1,293,279,length_matched,40,13.651877133105803,0.023894862604540025,0,8,14,7,11,0
Q96LB1,MRGPRX2,330,316,proteome_wide,3,0.9090909090909091,0.0015822784810126582,0,0,0,0,3,0
Q96LR4,TAFA4,140,126,length_matched,0,0.0,0.0,0,0,0,0,0,0
Q96LU5,IMMP1L,166,152,length_matched,17,10.240963855421686,0.01864035087719298,3,3,4,5,0,2
Q96LW9,ZSCAN31,406,392,length_matched+proteome_wide,17,4.187192118226601,0.007227891156462585,1,9,5,0,2,0
Q96M95,CCDC42,316,302,length_matched,62,19.620253164556964,0.03421633554083885,11,2,10,8,19,12
Q96MA1,DMRTB1,342,328,length_matched,13,3.801169590643275,0.0066056910569105695,0,3,2,0,5,3
Q96MC9,IKBKE-AS1,270,256,length_matched,12,4.444444444444445,0.0078125,3,0,3,5,1,0
Q96MF0,?,132,118,length_matched,6,4.545454545454546,0.00847457627118644,1,0,1,3,0,1
Q96MT1,RNF145,663,649,proteome_wide,48,7.239819004524887,0.012326656394453005,1,7,9,6,0,25
Q96NB1,CEP20,174,160,length_matched,18,10.344827586206897,0.01875,7,0,2,9,0,0
Q96NJ1,?,140,126,length_matched,4,2.857142857142857,0.005291005291005291,0,4,0,0,0,0
Q96NS8,CLUHP3,147,133,proteome_wide,0,0.0,0.0,0,0,0,0,0,0
Q96P88,GNRHR2,292,278,proteome_wide,21,7.191780821917808,0.012589928057553957,2,4,6,1,3,5
Q96PM5,RCHY1,261,247,length_matched,2,0.7662835249042146,0.001349527665317139,0,0,2,0,0,0
Q96PS8,AQP10,301,287,length_matched,37,12.29235880398671,0.02148664343786295,11,0,2,3,5,16
Q96Q40,CDK15,435,421,length_matched,70,16.091954022988507,0.027711797307996833,18,0,10,16,17,9
Q96QC0,PPP1R10,940,926,proteome_wide,85,9.042553191489361,0.015298776097912166,24,9,10,13,23,6
Q96SJ8,TSPAN18,248,234,length_matched,18,7.258064516129032,0.01282051282051282,8,4,1,5,0,0
Q96T59,CDRT15,188,174,length_matched,9,4.787234042553192,0.008620689655172414,5,0,0,0,0,4
Q99497,PARK7,189,175,length_matched,25,13.227513227513228,0.023809523809523808,9,1,0,6,7,2
Q99603,TRGV9,122,108,length_matched,14,11.475409836065573,0.021604938271604937,1,5,4,0,1,3
Q99677,LPAR4,370,356,length_matched+proteome_wide,21,5.675675675675675,0.009831460674157303,4,0,8,3,1,5
Q99678,GPR20,358,344,proteome_wide,12,3.35195530726257,0.005813953488372093,1,0,2,1,7,1
Q99731,CCL19,98,84,length_matched,7,7.142857142857143,0.013888888888888888,4,0,0,0,3,0
Q99935,OPRPN,248,234,length_matched,12,4.838709677419355,0.008547008547008548,0,0,5,4,0,3
Q99954,SMR3A,134,120,proteome_wide,7,5.223880597014926,0.009722222222222222,0,0,4,3,0,0
Q99988,GDF15,308,294,length_matched,25,8.116883116883116,0.01417233560090703,8,0,1,5,7,4
Q9BQD1,PMCHL2,86,72,length_matched,8,9.30232558139535,0.018518518518518517,4,0,0,0,0,4
Q9BQE6,LBHD1,289,275,proteome_wide,4,1.3840830449826989,0.0024242424242424242,0,0,2,0,0,2
Q9BQY6,WFDC6,131,117,length_matched,4,3.053435114503817,0.005698005698005698,0,0,0,0,4,0
Q9BR39,JPH2,696,682,proteome_wide,79,11.350574712643677,0.01930596285434995,15,5,18,13,9,19
Q9BSD3,RHNO1,238,224,proteome_wide,14,5.882352941176471,0.010416666666666666,0,3,4,0,3,4
Q9BSM1,PCGF1,259,245,length_matched,17,6.563706563706564,0.011564625850340135,0,4,1,7,3,2
Q9BT22,ALG1,464,450,proteome_wide,35,7.543103448275862,0.012962962962962963,11,3,6,0,6,9
Q9BU76,MMTAG2,263,249,proteome_wide,16,6.083650190114068,0.0107095046854083,0,0,5,0,8,3
Q9BUF5,TUBB6,446,432,length_matched,99,22.19730941704036,0.03819444444444445,18,6,31,16,11,17
Q9BUT1,BDH2,245,231,length_matched,42,17.142857142857142,0.030303030303030304,9,4,4,12,7,6
Q9BUU2,METTL22,404,390,length_matched,47,11.633663366336634,0.020085470085470087,4,11,13,10,9,0
Q9BW62,KATNAL1,490,476,length_matched,80,16.3265306122449,0.028011204481792718,11,19,10,12,19,9
Q9BXE9,VN1R3,311,297,length_matched,26,8.360128617363344,0.014590347923681257,5,2,3,4,12,0
Q9BXF9,TEKT3,490,476,length_matched,111,22.653061224489797,0.038865546218487396,11,18,35,15,15,17
Q9BXN1,ASPN,380,366,proteome_wide,54,14.210526315789474,0.02459016393442623,18,1,6,11,10,8
Q9BXN2,CLEC7A,247,233,length_matched,20,8.097165991902834,0.01430615164520744,0,3,3,4,7,3
Q9BYT3,STK33,514,500,proteome_wide,60,11.673151750972762,0.02,9,12,5,5,22,7
Q9BZC1,CELF4,486,472,length_matched,52,10.699588477366255,0.018361581920903956,14,0,10,0,6,22
Q9BZD7,PRRG3,231,217,length_matched,16,6.926406926406926,0.01228878648233487,3,0,4,4,2,3
Q9BZE7,C22orf23,217,203,proteome_wide,22,10.138248847926267,0.0180623973727422,5,2,3,0,10,2
Q9C002,COXFA4L3,83,69,length_matched,5,6.024096385542169,0.012077294685990338,0,5,0,0,0,0
Q9C009,FOXQ1,403,389,length_matched,14,3.4739454094292803,0.005998286203941731,5,4,2,0,3,0
Q9GZY8,MFF,342,328,length_matched,48,14.035087719298245,0.024390243902439025,3,12,12,5,12,4
Q9H009,NACA2,215,201,length_matched,25,11.627906976744185,0.020729684908789386,3,0,5,3,1,13
Q9H0P7,AGPAT4-IT1,198,184,length_matched,8,4.040404040404041,0.007246376811594203,0,2,6,0,0,0
Q9H1M3,DEFB129,183,169,length_matched,39,21.311475409836067,0.038461538461538464,2,1,12,8,3,13
Q9H1M4,DEFB127,99,85,proteome_wide,5,5.05050505050505,0.00980392156862745,0,0,0,0,0,5
Q9H1X1,RSPH9,276,262,length_matched,52,18.840579710144926,0.03307888040712468,4,13,8,13,9,5
Q9H2I8,LRMDA,198,184,length_matched,35,17.67676767676768,0.03170289855072464,14,4,6,2,6,3
Q9H4I3,TRABD,376,362,length_matched,38,10.106382978723405,0.017495395948434623,11,13,2,0,12,0
Q9HA64,FN3KRP,309,295,length_matched,42,13.592233009708737,0.023728813559322035,5,12,2,7,6,10
Q9HBH0,RHOF,211,197,length_matched,26,12.322274881516588,0.021996615905245348,7,5,4,5,3,2
Q9HBH5,RDH14,336,322,length_matched+proteome_wide,31,9.226190476190476,0.016045548654244308,7,2,8,4,4,6
Q9HCK5,AGO4,861,847,proteome_wide,112,13.008130081300813,0.02203856749311295,17,25,14,17,22,17
Q9NP55,BPIFA1,256,242,proteome_wide,18,7.03125,0.012396694214876033,1,2,0,7,1,7
Q9NP56,PDE7B,450,436,length_matched,30,6.666666666666667,0.011467889908256881,13,3,5,2,5,2
Q9NPA1,KCNMB3,279,265,length_matched,28,10.03584229390681,0.01761006289308176,0,6,1,0,16,5
Q9NQ34,TMEM9B,198,184,length_matched,5,2.525252525252525,0.004528985507246377,1,0,4,0,0,0
Q9NR33,POLE4,117,103,length_matched,12,10.256410256410257,0.019417475728155338,4,3,0,5,0,0
Q9NRQ2,PLSCR4,329,315,length_matched,21,6.382978723404255,0.011111111111111112,8,6,2,0,0,5
Q9NRR4,DROSHA,1374,1360,proteome_wide,95,6.914119359534206,0.011642156862745098,11,14,15,9,26,20
Q9NTU7,CBLN4,201,187,length_matched,30,14.925373134328359,0.026737967914438502,7,3,5,4,2,9
Q9NU53,GINM1,330,316,length_matched,56,16.96969696969697,0.029535864978902954,7,17,4,10,4,14
Q9NUP9,LIN7C,197,183,length_matched,25,12.690355329949238,0.022768670309653915,8,0,6,2,4,5
Q9NVT9,ARMC1,282,268,length_matched,36,12.76595744680851,0.022388059701492536,7,11,5,7,0,6
Q9NVV0,TMEM38B,291,277,length_matched,29,9.965635738831615,0.017448856799037304,10,7,3,4,4,1
Q9NWA0,MED9,146,132,length_matched,17,11.643835616438356,0.021464646464646464,4,4,0,0,5,4
Q9NWQ9,C14orf119,140,126,length_matched,18,12.857142857142858,0.023809523809523808,5,0,6,3,1,3
Q9NWY4,HPF1,346,332,length_matched,30,8.670520231213873,0.015060240963855422,4,10,0,5,6,5
Q9NY56,OBP2A,170,156,length_matched,30,17.647058823529413,0.03205128205128205,2,5,3,1,14,5
Q9NZ72,STMN3,180,166,length_matched,24,13.333333333333334,0.024096385542168676,4,0,2,3,11,4
Q9NZA1,CLIC5,410,396,length_matched,64,15.609756097560975,0.026936026936026935,6,1,22,14,13,8
Q9NZD8,SPG21,308,294,length_matched,31,10.064935064935066,0.017573696145124718,11,10,0,5,0,5
Q9NZK7,PLA2G2E,142,128,length_matched,8,5.633802816901408,0.010416666666666666,2,0,2,2,0,2
Q9NZN4,EHD2,543,529,proteome_wide,51,9.392265193370166,0.01606805293005671,10,10,1,6,8,16
Q9NZP0,OR6C3,311,297,proteome_wide,30,9.646302250803858,0.016835016835016835,2,1,6,2,9,10
Q9P0J7,KCMF1,381,367,length_matched,11,2.8871391076115485,0.004995458673932788,2,4,4,0,1,0
Q9P0M4,IL17C,197,183,length_matched,9,4.568527918781726,0.00819672131147541,1,6,2,0,0,0
Q9P1A6,DLGAP2,1054,1040,proteome_wide,151,14.326375711574952,0.02419871794871795,20,19,31,45,15,21
Q9P2R7,SUCLA2,463,449,length_matched,72,15.550755939524837,0.026726057906458798,21,24,7,6,9,5
Q9P2S5,WRAP73,460,446,length_matched,38,8.26086956521739,0.014200298953662182,7,9,6,4,7,5
Q9P2T1,GMPR2,348,334,length_matched,56,16.091954022988507,0.027944111776447105,12,12,6,9,8,9
Q9UBT2,UBA2,640,626,proteome_wide,50,7.8125,0.013312034078807242,11,6,8,6,6,13
Q9UF12,PRODH2,460,446,length_matched,33,7.173913043478261,0.01233183856502242,10,0,4,4,8,7
Q9UFF9,CNOT8,292,278,proteome_wide,19,6.506849315068493,0.011390887290167866,0,8,4,0,5,2
Q9UG22,GIMAP2,337,323,length_matched,31,9.198813056379821,0.015995872033023734,3,8,8,0,5,7
Q9UHH9,IP6K2,426,412,length_matched,59,13.849765258215962,0.023867313915857606,5,5,9,13,17,10
Q9UHV5,RAPGEFL1,662,648,proteome_wide,74,11.178247734138973,0.01903292181069959,17,5,5,13,21,13
Q9UHW5,GPN3,284,270,length_matched,30,10.56338028169014,0.018518518518518517,6,12,2,0,4,6
Q9UIG4,PSORS1C2,136,122,length_matched,4,2.9411764705882355,0.00546448087431694,0,4,0,0,0,0
Q9UJT1,TUBD1,453,439,length_matched,84,18.543046357615893,0.03189066059225513,13,5,10,23,4,29
Q9UK28,TMEM59L,342,328,length_matched,31,9.064327485380117,0.015752032520325202,2,5,2,9,3,10
Q9UK45,LSM7,103,89,length_matched,20,19.41747572815534,0.03745318352059925,0,9,5,0,0,6
Q9UKL4,GJD2,321,307,length_matched,20,6.230529595015576,0.010857763300760043,2,0,1,0,8,9
Q9UKP3,ITGB1BP2,347,333,length_matched,21,6.051873198847262,0.010510510510510511,4,4,0,9,2,2
Q9UL33,TRAPPC2L,140,126,length_matched,31,22.142857142857142,0.041005291005291,3,4,7,6,9,2
Q9ULD6,INTU,942,928,proteome_wide,69,7.32484076433121,0.012392241379310345,12,9,8,10,13,17
Q9UM63,PLAGL1,463,449,length_matched,42,9.071274298056155,0.015590200445434299,11,4,9,6,6,6
Q9UMX2,OAZ3,235,221,length_matched,24,10.212765957446809,0.01809954751131222,0,10,10,0,4,0
Q9UN42,ATP1B4,357,343,length_matched,41,11.484593837535014,0.019922254616132166,5,7,11,6,6,6
Q9UNA1,ARHGAP26,814,800,proteome_wide,95,11.67076167076167,0.019791666666666666,8,17,20,19,22,9
Q9UNE7,STUB1,303,289,length_matched,34,11.221122112211221,0.0196078431372549,1,10,0,7,6,10
Q9UNM6,PSMD13,376,362,length_matched,46,12.23404255319149,0.02117863720073665,11,0,12,5,5,13
Q9UNT1,RABL2B,228,214,proteome_wide,22,9.649122807017545,0.017133956386292833,7,0,7,3,3,2
Q9UNZ5,C19orf53,99,85,proteome_wide,10,10.1010101010101,0.0196078431372549,1,4,2,0,1,2
Q9UPM9,B9D1,204,190,length_matched,23,11.27450980392157,0.02017543859649123,5,1,6,1,0,10
Q9Y215,COLQ,455,441,length_matched,13,2.857142857142857,0.0049130763416477706,0,10,3,0,0,0
Q9Y241,HIGD1A,93,79,proteome_wide,11,11.827956989247312,0.023206751054852322,2,0,0,1,0,8
Q9Y261,FOXA2,457,443,length_matched,43,9.409190371991247,0.01617757712565839,9,2,6,12,5,9
Q9Y276,BCS1L,419,405,length_matched,78,18.615751789976134,0.03209876543209877,10,11,12,21,11,13
Q9Y282,ERGIC3,383,369,proteome_wide,43,11.22715404699739,0.01942186088527552,5,7,0,17,7,7
Q9Y2G2,CARD8,537,523,proteome_wide,63,11.731843575418994,0.020076481835564052,12,14,3,14,10,10
Q9Y2X9,ZNF281,895,881,proteome_wide,67,7.4860335195530725,0.012674990541051836,10,7,23,14,7,6
Q9Y2Y8,PRG3,225,211,length_matched+proteome_wide,9,4.0,0.0071090047393364926,4,1,2,0,0,2
Q9Y3B9,RRP15,282,268,length_matched,30,10.638297872340425,0.018656716417910446,5,9,4,3,9,0
Q9Y3C7,MED31,131,117,proteome_wide,8,6.106870229007634,0.011396011396011397,1,2,3,0,0,2
Q9Y519,TMEM184B,407,393,proteome_wide,44,10.81081081081081,0.018659881255301103,4,11,11,10,0,8
Q9Y548,YIPF1,306,292,proteome_wide,24,7.8431372549019605,0.0136986301369863,4,3,4,2,9,2
Q9Y5P6,GMPPB,360,346,proteome_wide,41,11.38888888888889,0.0197495183044316,10,13,10,1,3,4
Q9Y606,PUS1,427,413,proteome_wide,54,12.646370023419204,0.021791767554479417,9,4,4,4,19,14
Q9Y651,SOX21,276,262,proteome_wide,24,8.695652173913043,0.015267175572519083,8,0,8,2,2,4
Q9Y676,MRPS18B,258,244,proteome_wide,28,10.852713178294573,0.01912568306010929,2,10,1,2,4,9
Q9Y6K0,CEPT1,416,402,length_matched,13,3.125,0.00538971807628524,7,0,0,3,0,3
Q9Y6K5,OAS3,1087,1073,proteome_wide,143,13.155473781048759,0.022211867039453246,30,26,15,18,27,27
Q9Y6X2,PIAS3,628,614,proteome_wide,48,7.643312101910828,0.013029315960912053,7,2,7,25,5,2
