entity,set,length,mhc2_base,mhc2_ft,mhc2_base_density,mhc2_abs_drop,mhc2_pct_drop,mhc1_base,mhc1_ft,mhc1_base_density,mhc1_abs_drop,mhc1_pct_drop
1jxm_A,monomer,301,64.2000,35.4000,21.3289,28.8000,44.8598,145.8000,95.1000,48.4385,50.7000,34.7737
1og1_A,monomer,226,56.9000,30.0000,25.1770,26.9000,47.2759,137.8000,94.1000,60.9735,43.7000,31.7126
1qw2_A,monomer,408,102.9000,71.4000,25.2206,31.5000,30.6122,148.4000,123.7000,36.3725,24.7000,16.6442
1s29_A,monomer,92,19.4000,21.9000,21.0870,-2.5000,-12.8866,49.6000,28.1000,53.9130,21.5000,43.3468
1y4m_A,monomer,159,15.0000,5.6000,9.4340,9.4000,62.6667,43.2000,19.0000,27.1698,24.2000,56.0185
1y9l_A,monomer,115,16.5000,10.7000,14.3478,5.8000,35.1515,67.7000,37.3000,58.8696,30.4000,44.9040
1zx4_C,monomer,384,41.8000,29.3000,10.8854,12.5000,29.9043,217.3000,161.9000,56.5885,55.4000,25.4947
2bk8_A,monomer,97,8.1000,7.4000,8.3505,0.7000,8.6420,24.3000,17.6000,25.0515,6.7000,27.5720
2c5u_A,monomer,375,68.0000,34.3000,18.1333,33.7000,49.5588,193.8000,123.5000,51.6800,70.3000,36.2745
2efx_F,monomer,363,39.0000,22.2000,10.7438,16.8000,43.0769,157.2000,114.1000,43.3058,43.1000,27.4173
2fck_A,monomer,362,69.1000,34.5000,19.0884,34.6000,50.0724,164.0000,104.9000,45.3039,59.1000,36.0366
2fdr_A,monomer,229,40.8000,19.6000,17.8166,21.2000,51.9608,119.0000,76.8000,51.9651,42.2000,35.4622
2fno_A,monomer,496,84.1000,39.3000,16.9556,44.8000,53.2699,321.5000,233.3000,64.8185,88.2000,27.4339
2gj8_B,monomer,344,77.6000,41.6000,22.5581,36.0000,46.3918,123.5000,80.5000,35.9012,43.0000,34.8178
2gs9_A,monomer,422,68.1000,45.6000,16.1374,22.5000,33.0396,268.9000,209.2000,63.7204,59.7000,22.2016
2gt4_C,monomer,320,40.0000,31.4000,12.5000,8.6000,21.5000,175.4000,114.5000,54.8125,60.9000,34.7206
2ich_A,monomer,335,45.7000,12.6000,13.6418,33.1000,72.4289,173.1000,98.7000,51.6716,74.4000,42.9809
2idl_B,monomer,234,30.3000,13.0000,12.9487,17.3000,57.0957,101.0000,53.3000,43.1624,47.7000,47.2277
2pt5_B,monomer,168,18.3000,13.0000,10.8929,5.3000,28.9617,51.2000,31.8000,30.4762,19.4000,37.8906
2r6v_A,monomer,382,70.1000,41.2000,18.3508,28.9000,41.2268,255.4000,156.3000,66.8586,99.1000,38.8019
2rfr_A,monomer,465,111.2000,58.7000,23.9140,52.5000,47.2122,247.6000,150.7000,53.2473,96.9000,39.1357
2vn8_A,monomer,368,62.3000,47.4000,16.9293,14.9000,23.9165,179.0000,131.5000,48.6413,47.5000,26.5363
2wjj_B,monomer,168,38.2000,24.5000,22.7381,13.7000,35.8639,53.1000,37.0000,31.6071,16.1000,30.3202
2wjr_A,monomer,214,43.2000,24.8000,20.1869,18.4000,42.5926,125.1000,103.0000,58.4579,22.1000,17.6659
2x7p_A,monomer,313,58.4000,36.8000,18.6581,21.6000,36.9863,155.7000,112.7000,49.7444,43.0000,27.6172
2yn0_A,monomer,271,22.5000,11.3000,8.3026,11.2000,49.7778,163.5000,113.0000,60.3321,50.5000,30.8869
3adl_A,monomer,82,15.3000,12.7000,18.6585,2.6000,16.9935,33.6000,25.2000,40.9756,8.4000,25.0000
3bfo_D,monomer,91,10.0000,8.5000,10.9890,1.5000,15.0000,52.2000,35.0000,57.3626,17.2000,32.9502
3bkv_A,monomer,268,52.7000,23.9000,19.6642,28.8000,54.6490,149.2000,77.9000,55.6716,71.3000,47.7882
3cbn_A,monomer,145,34.6000,16.1000,23.8621,18.5000,53.4682,57.5000,36.7000,39.6552,20.8000,36.1739
3d5l_A,monomer,215,40.3000,24.9000,18.7442,15.4000,38.2134,81.8000,57.3000,38.0465,24.5000,29.9511
3dhu_A,monomer,443,93.2000,50.8000,21.0384,42.4000,45.4936,216.0000,155.4000,48.7585,60.6000,28.0556
3eaf_A,monomer,385,83.1000,34.8000,21.5844,48.3000,58.1227,183.1000,99.2000,47.5584,83.9000,45.8220
3eki_A,monomer,403,74.7000,38.5000,18.5360,36.2000,48.4605,217.9000,124.9000,54.0695,93.0000,42.6801
3fnr_A,monomer,458,80.3000,42.2000,17.5328,38.1000,47.4471,251.3000,160.1000,54.8690,91.2000,36.2913
3fz4_A,monomer,120,19.6000,21.7000,16.3333,-2.1000,-10.7143,48.1000,31.9000,40.0833,16.2000,33.6798
3g73_B,monomer,284,36.6000,14.0000,12.8873,22.6000,61.7486,149.2000,107.8000,52.5352,41.4000,27.7480
3g74_F,monomer,100,10.0000,11.2000,10.0000,-1.2000,-12.0000,21.2000,19.3000,21.2000,1.9000,8.9623
3gg7_A,monomer,248,49.7000,25.7000,20.0403,24.0000,48.2897,150.7000,105.2000,60.7661,45.5000,30.1924
3hj7_A,monomer,136,15.8000,9.6000,11.6176,6.2000,39.2405,58.1000,48.6000,42.7206,9.5000,16.3511
3hmt_A,monomer,101,11.7000,8.4000,11.5842,3.3000,28.2051,35.7000,25.3000,35.3465,10.4000,29.1317
3ht2_A,monomer,290,43.5000,22.1000,15.0000,21.4000,49.1954,175.0000,135.4000,60.3448,39.6000,22.6286
3id2_A,monomer,180,58.2000,30.2000,32.3333,28.0000,48.1100,74.9000,48.0000,41.6111,26.9000,35.9146
3ipj_B,monomer,95,15.2000,12.9000,16.0000,2.3000,15.1316,32.4000,29.0000,34.1053,3.4000,10.4938
3jrr_B,monomer,226,51.6000,16.4000,22.8319,35.2000,68.2171,96.6000,63.9000,42.7434,32.7000,33.8509
3lq7_C,monomer,468,100.5000,53.5000,21.4744,47.0000,46.7662,297.3000,186.1000,63.5256,111.2000,37.4033
3m1m_A,monomer,335,38.1000,24.0000,11.3731,14.1000,37.0079,110.3000,72.6000,32.9254,37.7000,34.1795
3pji_A,monomer,141,15.0000,7.7000,10.6383,7.3000,48.6667,45.8000,22.6000,32.4823,23.2000,50.6550
3pms_A,monomer,320,74.9000,39.4000,23.4063,35.5000,47.3965,159.1000,107.2000,49.7188,51.9000,32.6210
3q4q_A,monomer,372,76.3000,50.6000,20.5108,25.7000,33.6828,193.9000,147.0000,52.1237,46.9000,24.1877
3qp3_B,monomer,103,20.4000,9.4000,19.8058,11.0000,53.9216,28.8000,16.2000,27.9612,12.6000,43.7500
3tbo_A,monomer,94,17.1000,6.9000,18.1915,10.2000,59.6491,34.7000,20.7000,36.9149,14.0000,40.3458
3tvz_A,monomer,172,38.9000,21.8000,22.6163,17.1000,43.9589,98.4000,56.6000,57.2093,41.8000,42.4797
3wmz_A,monomer,438,87.4000,52.0000,19.9543,35.4000,40.5034,191.8000,129.4000,43.7900,62.4000,32.5339
3zrh_A,monomer,454,72.3000,40.0000,15.9251,32.3000,44.6750,230.2000,156.8000,50.7048,73.4000,31.8853
4b6d_C,monomer,61,0.0000,0.0000,0.0000,0.0000,,17.1000,13.0000,28.0328,4.1000,23.9766
4efr_C,monomer,239,35.6000,8.7000,14.8954,26.9000,75.5618,103.3000,47.7000,43.2218,55.6000,53.8238
4er8_A,monomer,165,22.1000,12.3000,13.3939,9.8000,44.3439,96.1000,50.6000,58.2424,45.5000,47.3465
4fdw_A,monomer,401,74.4000,59.8000,18.5536,14.6000,19.6237,194.2000,152.8000,48.4289,41.4000,21.3182
4hg2_B,monomer,257,56.9000,33.6000,22.1401,23.3000,40.9490,155.2000,104.1000,60.3891,51.1000,32.9253
4i3m_A,monomer,350,55.1000,27.1000,15.7429,28.0000,50.8167,163.8000,111.9000,46.8000,51.9000,31.6850
4i4y_C,monomer,146,33.5000,13.5000,22.9452,20.0000,59.7015,67.5000,42.1000,46.2329,25.4000,37.6296
4kqd_A,monomer,242,47.4000,19.2000,19.5868,28.2000,59.4937,126.7000,82.5000,52.3554,44.2000,34.8856
4lor_A,monomer,363,28.5000,13.6000,7.8512,14.9000,52.2807,102.3000,70.2000,28.1818,32.1000,31.3783
4m18_A,monomer,441,46.7000,26.1000,10.5896,20.6000,44.1113,170.1000,119.4000,38.5714,50.7000,29.8060
4mup_C,monomer,302,52.4000,24.1000,17.3510,28.3000,54.0076,160.4000,92.3000,53.1126,68.1000,42.4564
4n4u_A,monomer,319,59.3000,39.0000,18.5893,20.3000,34.2327,190.2000,126.9000,59.6238,63.3000,33.2808
4nc7_B,monomer,372,44.9000,36.5000,12.0699,8.4000,18.7082,204.1000,145.6000,54.8656,58.5000,28.6624
4ose_B,monomer,290,41.4000,22.3000,14.2759,19.1000,46.1353,129.7000,85.2000,44.7241,44.5000,34.3099
4oyu_A,monomer,392,68.2000,34.1000,17.3980,34.1000,50.0000,192.8000,140.1000,49.1837,52.7000,27.3340
4pyr_A,monomer,305,45.9000,21.0000,15.0492,24.9000,54.2484,177.8000,118.3000,58.2951,59.5000,33.4646
4qpm_A,monomer,356,49.9000,24.9000,14.0169,25.0000,50.1002,189.3000,134.9000,53.1742,54.4000,28.7375
4rfx_C,monomer,228,44.1000,15.3000,19.3421,28.8000,65.3061,63.0000,40.6000,27.6316,22.4000,35.5556
4tql_B,monomer,241,31.4000,15.9000,13.0290,15.5000,49.3631,70.2000,54.9000,29.1286,15.3000,21.7949
4wyi_A,monomer,402,53.3000,36.8000,13.2587,16.5000,30.9568,225.9000,145.4000,56.1940,80.5000,35.6352
4ycs_B,monomer,128,15.7000,6.2000,12.2656,9.5000,60.5096,48.6000,24.7000,37.9688,23.9000,49.1770
4zxf_D,monomer,330,48.4000,16.8000,14.6667,31.6000,65.2893,152.1000,97.8000,46.0909,54.3000,35.7002
5apa_A,monomer,213,43.1000,27.6000,20.2347,15.5000,35.9629,89.1000,63.4000,41.8310,25.7000,28.8440
5els_A,monomer,226,51.8000,30.9000,22.9204,20.9000,40.3475,100.1000,55.9000,44.2920,44.2000,44.1558
5fwh_A,monomer,196,41.0000,27.5000,20.9184,13.5000,32.9268,74.0000,63.5000,37.7551,10.5000,14.1892
5h7f_A,monomer,182,26.7000,20.6000,14.6703,6.1000,22.8464,150.2000,106.5000,82.5275,43.7000,29.0945
5htx_A,monomer,439,68.4000,44.1000,15.5809,24.3000,35.5263,235.9000,147.8000,53.7358,88.1000,37.3463
5jkq_A,monomer,284,54.3000,24.7000,19.1197,29.6000,54.5120,126.8000,75.4000,44.6479,51.4000,40.5363
5kbe_B,monomer,458,51.4000,33.5000,11.2227,17.9000,34.8249,217.9000,159.9000,47.5764,58.0000,26.6177
5o75_A,monomer,78,4.2000,0.7000,5.3846,3.5000,83.3333,29.4000,18.6000,37.6923,10.8000,36.7347
6c8v_A,monomer,384,70.1000,40.2000,18.2552,29.9000,42.6534,177.1000,107.7000,46.1198,69.4000,39.1869
6elm_A,monomer,98,5.5000,2.3000,5.6122,3.2000,58.1818,29.5000,20.0000,30.1020,9.5000,32.2034
6i9s_B,monomer,202,8.5000,9.6000,4.2079,-1.1000,-12.9412,85.2000,61.5000,42.1782,23.7000,27.8169
6os5_A,monomer,375,65.9000,36.0000,17.5733,29.9000,45.3718,217.8000,128.4000,58.0800,89.4000,41.0468
6p0g_A,monomer,185,22.4000,29.3000,12.1081,-6.9000,-30.8036,73.6000,54.6000,39.7838,19.0000,25.8152
6pse_B,monomer,226,30.4000,17.5000,13.4513,12.9000,42.4342,64.6000,56.5000,28.5841,8.1000,12.5387
6qpr_A,monomer,361,45.3000,22.0000,12.5485,23.3000,51.4349,201.2000,136.0000,55.7341,65.2000,32.4056
6r1g_B,monomer,171,49.0000,24.3000,28.6550,24.7000,50.4082,55.3000,28.6000,32.3392,26.7000,48.2821
6vzw_B,monomer,453,89.2000,46.5000,19.6909,42.7000,47.8700,235.6000,175.4000,52.0088,60.2000,25.5518
6y4z_B,monomer,359,69.0000,42.7000,19.2201,26.3000,38.1159,152.6000,121.1000,42.5070,31.5000,20.6422
6y93_A,monomer,280,31.6000,24.8000,11.2857,6.8000,21.5190,144.0000,129.4000,51.4286,14.6000,10.1389
6ywn_A,monomer,363,43.3000,25.9000,11.9284,17.4000,40.1848,198.1000,113.3000,54.5730,84.8000,42.8067
6zul_E,monomer,270,52.2000,28.7000,19.3333,23.5000,45.0192,95.1000,51.8000,35.2222,43.3000,45.5310
7bkf_A,monomer,276,49.6000,26.2000,17.9710,23.4000,47.1774,143.5000,92.9000,51.9928,50.6000,35.2613
7m10_A,monomer,86,0.1000,0.4000,0.1163,-0.3000,-300.0000,31.4000,20.5000,36.5116,10.9000,34.7134
4oyd,binder,117,9.7917,3.8333,8.3689,5.9583,60.8511,37.7900,27.1200,32.2991,10.6700,28.2350
5vli,binder,39,11.5417,4.7917,29.5940,6.7500,58.4838,15.3300,7.9200,39.3077,7.4100,48.3366
7jzl,binder,55,10.1667,6.7083,18.4848,3.4583,34.0164,24.5000,21.0000,44.5455,3.5000,14.2857
8t5e,binder,130,13.0833,4.0000,10.0641,9.0833,69.4268,54.7100,24.3800,42.0846,30.3300,55.4378
8upa,binder,56,5.8750,4.0833,10.4911,1.7917,30.4965,15.5400,15.0800,27.7500,0.4600,2.9601
9cc5,binder,132,16.3333,2.7917,12.3737,13.5417,82.9082,66.6700,27.5400,50.5076,39.1300,58.6921
9cce,binder,195,22.9583,15.1667,11.7735,7.7917,33.9383,69.4600,59.0800,35.6205,10.3800,14.9439
9ju1,binder,43,1.8750,1.1250,4.3605,0.7500,40.0000,24.7500,20.7500,57.5581,4.0000,16.1616
9kku,binder,43,4.9167,2.7083,11.4341,2.2083,44.9153,20.3800,15.2500,47.3953,5.1300,25.1717
9nds,binder,233,46.8333,16.7500,20.1001,30.0833,64.2349,122.0800,71.0400,52.3948,51.0400,41.8087
9nzh,binder,135,10.7917,7.0000,7.9938,3.7917,35.1351,45.7500,33.6200,33.8889,12.1300,26.5137
