protein_name,base_n_glyc_sequon,fine_n_glyc_sequon,delta_n_glyc_sequon,base_deamid_NG,fine_deamid_NG,delta_deamid_NG,base_deamid_NS_NT,fine_deamid_NS_NT,delta_deamid_NS_NT,base_isomer_DG_DS,fine_isomer_DG_DS,delta_isomer_DG_DS,base_cysteine,fine_cysteine,delta_cysteine,base_methionine,fine_methionine,delta_methionine,base_tryptophan,fine_tryptophan,delta_tryptophan,base_hydrophobic_patches,fine_hydrophobic_patches,delta_hydrophobic_patches,base_hydrophobic_patches_per100,fine_hydrophobic_patches_per100,delta_hydrophobic_patches_per100,base_max_patch_hydropathy,fine_max_patch_hydropathy,delta_max_patch_hydropathy
1jxm_A,0.1,0.0,-0.1,0.6,1.3,0.7000000000000001,0.1,0.7,0.6,5.1,4.3,-0.7999999999999998,0.6,7.8,7.2,1.6,2.4,0.7999999999999998,5.4,8.2,2.799999999999999,9.5,10.5,1.0,3.1561461794019934,3.488372093023256,0.3322259136212624,2.1257142857142854,2.3214285714285716,0.19571428571428617
1og1_A,2.4,2.9,0.5,0.9,1.2,0.29999999999999993,2.0,1.2,-0.8,1.3,1.3,0.0,2.6,7.9,5.300000000000001,0.4,1.0,0.6,0.4,5.0,4.6,4.4,3.8,-0.6000000000000005,1.9469026548672566,1.6814159292035398,-0.2654867256637168,2.0914285714285716,2.0628571428571427,-0.028571428571428914
1qw2_A,0.4,0.1,-0.30000000000000004,2.5,4.3,1.7999999999999998,3.5,4.2,0.7000000000000002,0.3,0.8,0.5,0.0,5.4,5.4,10.2,11.0,0.8000000000000007,0.8,4.1,3.3,8.1,2.8,-5.3,1.9708029197080292,0.6812652068126521,-1.289537712895377,2.3514285714285714,1.9628571428571426,-0.3885714285714288
1s29_A,0.0,0.5,0.5,0.1,0.0,-0.1,0.0,0.2,0.2,0.7,0.2,-0.49999999999999994,0.0,0.2,0.2,1.4,2.3,0.8999999999999999,1.1,1.3,0.19999999999999996,4.5,1.7,-2.8,4.891304347826087,1.847826086956522,-3.043478260869565,1.9528571428571424,1.69,-0.26285714285714246
1y4m_A,0.4,0.1,-0.30000000000000004,0.5,0.3,-0.2,0.2,0.6,0.39999999999999997,0.0,0.0,0.0,3.8,10.2,6.3999999999999995,1.4,1.8,0.40000000000000013,0.3,0.9,0.6000000000000001,21.2,8.4,-12.799999999999999,13.167701863354036,5.217391304347826,-7.95031055900621,2.7957142857142854,2.0957142857142856,-0.6999999999999997
1y9l_A,0.8,1.2,0.3999999999999999,0.6,2.4,1.7999999999999998,1.1,1.5,0.3999999999999999,2.1,1.2,-0.9000000000000001,0.0,3.5,3.5,0.4,0.5,0.09999999999999998,1.0,1.4,0.3999999999999999,5.1,0.8,-4.3,4.434782608695652,0.6956521739130435,-3.739130434782609,2.067142857142857,1.4128571428571426,-0.6542857142857146
1zx4_C,2.2,3.0,0.7999999999999998,1.0,1.1,0.10000000000000009,0.8,1.2,0.3999999999999999,1.3,1.5,0.19999999999999996,0.0,10.8,10.8,1.1,1.5,0.3999999999999999,0.1,0.6,0.5,11.1,5.5,-5.6,2.883116883116883,1.4285714285714284,-1.4545454545454546,2.188571428571428,1.9699999999999995,-0.21857142857142864
2bk8_A,3.4,4.1,0.6999999999999997,1.3,1.7,0.3999999999999999,1.7,2.1,0.40000000000000013,2.0,1.7,-0.30000000000000004,2.5,5.4,2.9000000000000004,0.0,0.0,0.0,1.0,1.0,0.0,1.8,1.2,-0.6000000000000001,1.8556701030927834,1.2371134020618555,-0.6185567010309279,1.9128571428571426,1.7985714285714285,-0.1142857142857141
2c5u_A,2.1,2.1,0.0,1.4,1.9,0.5,0.9,2.7,1.8000000000000003,8.5,7.2,-1.2999999999999998,0.7,16.6,15.900000000000002,3.8,5.3,1.5,1.3,3.4,2.0999999999999996,13.6,9.8,-3.799999999999999,3.6266666666666665,2.6133333333333333,-1.0133333333333332,2.774285714285714,2.588571428571428,-0.18571428571428594
2efx_F,0.9,2.0,1.1,0.4,1.4,0.9999999999999999,0.4,0.7,0.29999999999999993,2.7,2.6,-0.10000000000000009,2.9,17.2,14.299999999999999,6.4,6.9,0.5,7.0,12.7,5.699999999999999,24.5,19.7,-4.800000000000001,6.749311294765841,5.426997245179064,-1.322314049586777,2.9299999999999997,2.877142857142857,-0.052857142857142936
2fck_A,0.5,1.5,1.0,0.9,2.1,1.2000000000000002,2.3,2.8,0.5,0.2,0.3,0.09999999999999998,4.5,17.5,13.0,1.4,3.4,2.0,3.9,8.4,4.5,29.7,24.6,-5.099999999999998,8.181818181818182,6.776859504132231,-1.4049586776859506,2.8857142857142852,2.757142857142857,-0.12857142857142811
2fdr_A,1.0,1.1,0.10000000000000009,0.1,0.2,0.1,1.0,1.0,0.0,4.0,3.4,-0.6000000000000001,0.6,8.2,7.6,6.2,6.8,0.5999999999999996,1.0,1.3,0.30000000000000004,26.1,19.8,-6.300000000000001,11.397379912663755,8.646288209606988,-2.751091703056767,2.654285714285714,2.3814285714285712,-0.2728571428571427
2fno_A,0.0,0.2,0.2,0.6,2.2,1.6,0.0,0.9,0.9,3.4,3.1,-0.2999999999999998,3.8,23.8,20.0,5.6,10.8,5.200000000000001,7.6,12.1,4.5,42.0,34.1,-7.899999999999999,8.450704225352112,6.861167002012072,-1.5895372233400398,2.5685714285714285,2.537142857142857,-0.03142857142857158
2gj8_B,0.0,0.6,0.6,1.6,2.6,1.0,0.2,0.1,-0.1,3.1,3.0,-0.10000000000000009,0.0,11.0,11.0,3.1,3.7,0.6000000000000001,3.9,4.4,0.5000000000000004,41.1,29.9,-11.200000000000003,11.913043478260871,8.666666666666668,-3.246376811594203,3.2371428571428567,2.8542857142857145,-0.3828571428571421
2gs9_A,0.0,0.2,0.2,0.1,0.2,0.1,0.6,0.5,-0.09999999999999998,1.5,1.6,0.10000000000000009,1.0,7.3,6.3,3.9,5.2,1.3000000000000003,8.6,15.9,7.300000000000001,40.1,30.7,-9.400000000000002,9.479905437352247,7.257683215130024,-2.222222222222223,3.271428571428571,3.1957142857142857,-0.07571428571428518
2gt4_C,0.1,0.2,0.1,0.5,0.9,0.4,1.4,0.4,-0.9999999999999999,1.2,1.2,0.0,0.1,6.7,6.6000000000000005,2.1,3.0,0.8999999999999999,6.8,10.0,3.2,19.6,16.2,-3.400000000000002,6.105919003115265,5.046728971962617,-1.0591900311526476,2.924285714285714,2.7942857142857145,-0.12999999999999945
2ich_A,3.6,3.8,0.19999999999999973,2.9,4.1,1.1999999999999997,1.8,2.4,0.5999999999999999,5.0,4.7,-0.2999999999999998,1.6,23.8,22.2,1.8,4.3,2.5,7.1,9.5,2.4000000000000004,13.3,6.6,-6.700000000000001,3.9701492537313436,1.9701492537313434,-2.0,2.3099999999999996,2.11,-0.19999999999999973
2idl_B,1.7,2.6,0.9000000000000001,0.9,2.3,1.4,0.0,1.4,1.4,5.0,2.4,-2.6,1.1,13.9,12.8,0.4,1.0,0.6,0.0,0.2,0.2,4.0,3.0,-1.0,1.702127659574468,1.2765957446808511,-0.42553191489361697,2.0185714285714282,1.7814285714285714,-0.23714285714285688
2pt5_B,0.5,0.0,-0.5,0.6,1.6,1.0,0.1,0.2,0.1,0.5,0.7,0.19999999999999996,1.8,6.4,4.6000000000000005,1.6,2.6,1.0,0.0,0.3,0.3,8.6,7.3,-1.2999999999999998,5.119047619047619,4.345238095238095,-0.7738095238095237,2.144285714285714,2.2942857142857145,0.15000000000000036
2r6v_A,2.0,1.8,-0.19999999999999996,0.9,1.5,0.6,0.2,0.6,0.39999999999999997,1.7,1.0,-0.7,2.9,22.8,19.900000000000002,12.1,12.5,0.40000000000000036,1.6,4.1,2.4999999999999996,35.9,28.9,-7.0,9.3733681462141,7.5456919060052225,-1.827676240208877,2.9242857142857144,2.685714285714286,-0.23857142857142843
2rfr_A,0.5,2.3,1.7999999999999998,1.9,3.6,1.7000000000000002,0.1,0.5,0.4,13.1,12.3,-0.7999999999999989,3.1,14.2,11.1,3.5,4.5,1.0,5.0,9.7,4.699999999999999,36.1,22.4,-13.700000000000003,7.730192719486081,4.796573875802998,-2.9336188436830835,2.9499999999999997,2.681428571428571,-0.2685714285714287
2vn8_A,0.7,1.0,0.30000000000000004,1.2,1.4,0.19999999999999996,1.0,0.6,-0.4,0.7,0.3,-0.39999999999999997,0.0,6.6,6.6,2.9,5.6,2.6999999999999997,5.6,9.6,4.0,23.1,16.6,-6.5,6.2771739130434785,4.510869565217392,-1.766304347826087,2.617142857142857,2.4385714285714286,-0.17857142857142838
2wjj_B,0.4,0.6,0.19999999999999996,0.1,0.0,-0.1,0.4,1.2,0.7999999999999999,1.0,0.6,-0.4,0.3,4.4,4.1000000000000005,1.2,1.6,0.40000000000000013,0.6,1.3,0.7000000000000001,16.9,18.2,1.3000000000000007,10.05952380952381,10.833333333333332,0.773809523809522,2.71,2.7842857142857147,0.07428571428571473
2wjr_A,3.8,4.5,0.7000000000000002,2.8,4.2,1.4000000000000004,1.6,2.0,0.3999999999999999,2.2,1.2,-1.0000000000000002,0.0,3.0,3.0,0.1,0.4,0.30000000000000004,2.7,6.3,3.5999999999999996,6.6,4.0,-2.5999999999999996,3.08411214953271,1.8691588785046729,-1.214953271028037,2.0857142857142854,2.0528571428571425,-0.03285714285714292
2x7p_A,1.2,1.9,0.7,0.6,1.1,0.5000000000000001,1.1,1.3,0.19999999999999996,0.7,0.8,0.10000000000000009,0.1,7.8,7.7,3.3,4.2,0.9000000000000004,2.2,5.4,3.2,20.7,12.6,-8.1,6.613418530351437,4.02555910543131,-2.5878594249201265,2.5728571428571425,2.497142857142857,-0.07571428571428562
2yn0_A,0.1,0.9,0.8,1.2,1.6,0.40000000000000013,0.0,0.2,0.2,1.0,0.4,-0.6,1.0,12.0,11.0,3.5,4.7,1.2000000000000002,4.0,6.0,2.0,9.4,10.8,1.4000000000000004,3.4686346863468636,3.9852398523985237,0.5166051660516602,2.3442857142857143,2.541428571428571,0.19714285714285662
3adl_A,0.1,0.2,0.1,0.0,0.0,0.0,0.0,0.0,0.0,0.0,0.1,0.1,0.7,2.2,1.5000000000000002,0.6,0.9,0.30000000000000004,0.3,1.3,1.0,4.7,2.0,-2.7,5.731707317073171,2.4390243902439024,-3.292682926829269,2.0542857142857143,1.457142857142857,-0.5971428571428572
3bfo_D,0.6,0.6,0.0,0.0,0.2,0.2,1.2,1.3,0.10000000000000009,1.0,0.9,-0.09999999999999998,2.0,2.0,0.0,0.0,0.0,0.0,1.5,1.8,0.30000000000000004,3.9,1.4,-2.5,4.2857142857142865,1.5384615384615385,-2.747252747252748,2.0828571428571427,1.5085714285714285,-0.5742857142857143
3bkv_A,1.1,1.7,0.5999999999999999,0.3,0.3,0.0,0.1,0.8,0.7000000000000001,5.3,3.8,-1.5,0.8,21.5,20.7,0.4,1.2,0.7999999999999999,2.4,4.2,1.8000000000000003,20.8,15.4,-5.4,7.7611940298507465,5.746268656716419,-2.0149253731343277,2.8185714285714285,2.7557142857142853,-0.06285714285714317
3cbn_A,3.6,4.1,0.49999999999999956,1.1,1.2,0.09999999999999987,0.3,0.6,0.3,0.2,0.9,0.7,0.0,7.3,7.3,1.6,1.4,-0.20000000000000018,0.7,1.5,0.8,6.4,5.0,-1.4000000000000004,4.413793103448276,3.4482758620689657,-0.96551724137931,2.168571428571428,2.2028571428571424,0.03428571428571425
3d5l_A,0.1,0.2,0.1,0.4,1.2,0.7999999999999999,0.2,0.2,0.0,1.3,0.5,-0.8,0.9,6.1,5.199999999999999,2.3,2.7,0.40000000000000036,0.6,1.1,0.5000000000000001,3.6,1.1,-2.5,1.6744186046511629,0.5116279069767442,-1.1627906976744187,2.004285714285714,1.5414285714285711,-0.46285714285714286
3dhu_A,0.9,2.0,1.1,2.9,4.5,1.6,1.3,2.1,0.8,7.3,6.5,-0.7999999999999998,2.6,13.0,10.4,11.6,12.7,1.0999999999999996,7.2,15.1,7.8999999999999995,18.9,14.3,-4.599999999999998,4.266365688487585,3.227990970654628,-1.0383747178329568,2.761428571428571,2.7314285714285713,-0.029999999999999805
3eaf_A,1.6,1.7,0.09999999999999987,1.9,1.6,-0.2999999999999998,1.3,1.3,0.0,2.1,2.7,0.6000000000000001,2.5,26.7,24.2,3.3,4.7,1.4000000000000004,1.5,3.9,2.4,30.9,24.7,-6.199999999999999,8.025974025974026,6.415584415584415,-1.6103896103896114,3.157142857142857,2.998571428571428,-0.1585714285714288
3eki_A,0.8,2.0,1.2,1.1,1.6,0.5,2.6,4.3,1.6999999999999997,3.2,3.1,-0.10000000000000009,1.2,17.1,15.900000000000002,3.7,4.3,0.5999999999999996,6.9,12.9,6.0,19.8,19.9,0.09999999999999787,4.913151364764268,4.937965260545906,0.024813895781638173,2.5285714285714285,2.5428571428571427,0.014285714285714235
3fnr_A,0.7,1.3,0.6000000000000001,2.0,2.5,0.5,0.9,2.6,1.7000000000000002,1.3,1.3,0.0,0.1,17.7,17.599999999999998,4.4,8.9,4.5,5.0,8.7,3.6999999999999993,35.1,23.1,-12.0,7.6637554585152845,5.043668122270743,-2.6200873362445414,2.9999999999999996,2.814285714285714,-0.1857142857142855
3fz4_A,0.6,0.7,0.09999999999999998,0.6,1.7,1.1,1.6,2.4,0.7999999999999998,1.6,0.6,-1.0,2.0,2.6,0.6000000000000001,0.2,1.1,0.9000000000000001,2.4,4.0,1.6,1.6,0.5,-1.1,1.3333333333333335,0.4166666666666667,-0.9166666666666667,1.9342857142857137,1.347142857142857,-0.5871428571428567
3g73_B,3.8,5.3,1.5,0.0,0.0,0.0,3.2,4.0,0.7999999999999998,1.7,1.4,-0.30000000000000004,1.7,8.8,7.1000000000000005,4.1,4.4,0.3000000000000007,6.4,6.5,0.09999999999999964,0.2,2.1,1.9000000000000001,0.07017543859649122,0.7368421052631579,0.6666666666666666,1.1542857142857141,1.5485714285714285,0.39428571428571435
3g74_F,0.2,0.6,0.39999999999999997,0.0,0.0,0.0,0.3,0.6,0.3,1.0,1.0,0.0,0.0,1.9,1.9,3.9,3.9,0.0,0.2,0.7,0.49999999999999994,2.2,1.3,-0.9000000000000001,2.2,1.3,-0.9000000000000001,1.8257142857142856,1.6842857142857142,-0.14142857142857146
3gg7_A,1.5,1.4,-0.10000000000000009,1.0,1.6,0.6000000000000001,0.3,1.1,0.8,2.6,1.7,-0.9000000000000001,3.3,8.5,5.2,3.7,4.1,0.39999999999999947,1.5,3.6,2.1,20.0,11.1,-8.9,8.064516129032258,4.475806451612903,-3.588709677419355,2.61,2.4228571428571426,-0.18714285714285728
3hj7_A,0.5,0.8,0.30000000000000004,1.2,1.9,0.7,1.4,1.0,-0.3999999999999999,1.4,1.1,-0.2999999999999998,0.9,2.1,1.2000000000000002,1.1,1.5,0.3999999999999999,3.0,4.1,1.0999999999999996,3.0,2.2,-0.7999999999999998,2.2058823529411766,1.6176470588235297,-0.588235294117647,1.9957142857142856,1.9628571428571426,-0.03285714285714292
3hmt_A,1.9,2.6,0.7000000000000002,0.0,0.0,0.0,1.6,2.2,0.6000000000000001,0.0,0.1,0.1,4.0,6.6,2.5999999999999996,0.0,0.2,0.2,1.7,3.3,1.5999999999999999,0.0,0.0,0.0,0.0,0.0,0.0,1.0814285714285714,0.5628571428571428,-0.5185714285714286
3ht2_A,1.9,1.5,-0.3999999999999999,2.0,1.7,-0.30000000000000004,0.6,0.9,0.30000000000000004,2.3,2.2,-0.09999999999999964,1.6,7.0,5.4,1.9,2.4,0.5,4.9,11.0,6.1,8.6,4.1,-4.5,2.9553264604810994,1.40893470790378,-1.5463917525773194,2.4128571428571424,2.0128571428571425,-0.3999999999999999
3id2_A,0.1,0.5,0.4,1.9,3.4,1.5,0.8,1.4,0.5999999999999999,2.4,1.1,-1.2999999999999998,0.0,4.7,4.7,0.2,0.3,0.09999999999999998,2.2,3.0,0.7999999999999998,10.5,5.7,-4.8,5.801104972375691,3.1491712707182318,-2.651933701657459,2.2328571428571427,2.051428571428571,-0.1814285714285715
3ipj_B,0.0,0.1,0.1,0.7,0.9,0.20000000000000007,0.0,0.0,0.0,0.3,0.1,-0.19999999999999998,0.9,1.6,0.7000000000000001,1.4,2.1,0.7000000000000002,0.0,1.0,1.0,2.0,1.0,-1.0,2.1052631578947367,1.0526315789473684,-1.0526315789473684,1.8857142857142857,1.537142857142857,-0.34857142857142875
3jrr_B,1.3,0.9,-0.4,0.0,0.1,0.1,0.3,0.6,0.3,0.4,0.4,0.0,3.4,14.5,11.1,1.5,2.1,0.6000000000000001,1.0,2.6,1.6,7.3,4.3,-3.0,3.230088495575221,1.902654867256637,-1.3274336283185841,2.0657142857142854,2.2314285714285713,0.16571428571428592
3lq7_C,0.2,0.6,0.39999999999999997,0.1,1.0,0.9,0.5,0.7,0.19999999999999996,0.2,1.2,1.0,1.9,22.0,20.1,6.5,8.2,1.6999999999999993,6.9,13.2,6.299999999999999,42.5,33.9,-8.600000000000001,9.06183368869936,7.228144989339019,-1.8336886993603416,2.704285714285714,2.6657142857142855,-0.0385714285714287
3m1m_A,1.6,2.3,0.6999999999999997,1.6,2.5,0.8999999999999999,1.0,1.3,0.30000000000000004,2.0,1.6,-0.3999999999999999,8.0,18.7,10.7,0.9,0.9,0.0,3.8,5.8,2.0,15.8,13.5,-2.3000000000000007,4.7164179104477615,4.029850746268656,-0.6865671641791051,2.5842857142857136,2.601428571428571,0.01714285714285735
3pji_A,1.0,1.5,0.5,0.2,0.5,0.3,0.7,1.2,0.5,0.2,0.0,-0.2,4.6,11.3,6.700000000000001,0.7,0.8,0.10000000000000009,3.4,4.7,1.3000000000000003,5.1,5.1,0.0,3.6170212765957444,3.6170212765957444,0.0,1.9728571428571429,2.382857142857143,0.41000000000000014
3pms_A,3.0,3.9,0.8999999999999999,2.3,3.1,0.8000000000000003,3.5,2.6,-0.8999999999999999,3.4,2.6,-0.7999999999999998,6.4,19.9,13.499999999999998,0.7,2.1,1.4000000000000001,4.0,6.3,2.3,9.9,7.5,-2.4000000000000004,3.09375,2.34375,-0.75,2.43,2.2399999999999998,-0.1900000000000004
3q4q_A,0.9,1.9,0.9999999999999999,0.0,0.0,0.0,0.2,1.4,1.2,0.3,0.1,-0.19999999999999998,1.6,11.0,9.4,5.5,8.5,3.0,1.0,2.2,1.2000000000000002,14.0,1.5,-12.5,3.753351206434316,0.40214477211796246,-3.351206434316354,2.3757142857142854,1.6114285714285714,-0.764285714285714
3qp3_B,1.0,0.7,-0.30000000000000004,1.8,1.8,0.0,1.5,1.0,-0.5,2.4,2.5,0.10000000000000009,1.6,7.4,5.800000000000001,1.4,1.3,-0.09999999999999987,1.0,1.1,0.10000000000000009,1.6,0.3,-1.3,1.5533980582524272,0.2912621359223301,-1.262135922330097,1.694285714285714,1.2428571428571427,-0.4514285714285713
3tbo_A,0.2,0.0,-0.2,1.9,2.0,0.10000000000000009,0.4,0.0,-0.4,2.1,2.0,-0.10000000000000009,6.2,11.4,5.2,2.0,2.3,0.2999999999999998,0.0,0.3,0.3,3.4,4.2,0.8000000000000003,3.5789473684210527,4.421052631578947,0.8421052631578942,1.8971428571428572,2.132857142857143,0.23571428571428577
3tvz_A,0.1,0.6,0.5,0.0,0.0,0.0,1.1,1.0,-0.10000000000000009,2.4,2.3,-0.10000000000000009,1.5,8.3,6.800000000000001,1.8,1.8,0.0,1.0,1.7,0.7,7.8,8.9,1.1000000000000005,4.534883720930233,5.174418604651163,0.6395348837209305,2.5699999999999994,2.572857142857143,0.0028571428571435575
3wmz_A,2.0,2.2,0.20000000000000018,5.3,6.0,0.7000000000000002,4.4,5.1,0.6999999999999993,6.4,5.6,-0.8000000000000007,8.9,20.5,11.6,2.9,3.4,0.5,16.6,22.1,5.5,10.0,6.0,-4.0,2.2831050228310503,1.36986301369863,-0.9132420091324203,2.3428571428571425,2.294285714285714,-0.04857142857142849
3zrh_A,1.2,1.6,0.40000000000000013,1.3,1.4,0.09999999999999987,2.5,4.4,1.9000000000000004,2.3,2.6,0.30000000000000027,4.1,15.6,11.5,2.5,4.8,2.3,8.1,11.8,3.700000000000001,27.9,25.1,-2.799999999999997,6.145374449339207,5.528634361233481,-0.6167400881057263,2.627142857142857,2.8857142857142852,0.25857142857142845
4b6d_C,0.2,0.2,0.0,0.0,0.0,0.0,0.6,0.4,-0.19999999999999996,0.1,0.0,-0.1,7.3,8.2,0.8999999999999995,0.2,0.8,0.6000000000000001,0.0,0.2,0.2,0.9,0.4,-0.5,1.4754098360655739,0.6557377049180328,-0.819672131147541,1.4257142857142855,1.2614285714285713,-0.16428571428571415
4efr_C,1.7,1.8,0.10000000000000009,3.4,4.5,1.1,1.5,1.4,-0.10000000000000009,4.8,4.4,-0.39999999999999947,3.2,23.7,20.5,1.4,1.0,-0.3999999999999999,4.4,6.2,1.7999999999999998,3.0,1.0,-2.0,1.2552301255230125,0.41841004184100417,-0.8368200836820083,1.8085714285714283,1.594285714285714,-0.2142857142857142
4er8_A,0.9,0.9,0.0,0.3,0.4,0.10000000000000003,1.0,1.3,0.30000000000000004,0.1,0.3,0.19999999999999998,0.3,7.6,7.3,2.5,3.0,0.5,2.6,5.8,3.1999999999999997,7.7,7.5,-0.20000000000000018,4.666666666666666,4.545454545454545,-0.1212121212121211,3.3571428571428568,3.144285714285714,-0.21285714285714263
4fdw_A,4.7,5.8,1.0999999999999996,1.4,2.1,0.7000000000000002,7.0,9.0,2.0,5.1,5.2,0.10000000000000053,3.7,8.9,5.2,1.0,0.8,-0.19999999999999996,1.0,1.3,0.30000000000000004,4.5,2.3,-2.2,1.1221945137157108,0.57356608478803,-0.5486284289276808,1.8885714285714283,1.8228571428571427,-0.06571428571428561
4hg2_B,1.1,2.3,1.1999999999999997,0.2,0.2,0.0,1.1,1.5,0.3999999999999999,1.0,0.3,-0.7,0.8,9.5,8.7,2.9,3.0,0.10000000000000009,3.4,4.9,1.5000000000000004,14.9,8.2,-6.700000000000001,5.797665369649805,3.190661478599222,-2.6070038910505833,2.588571428571428,2.6599999999999997,0.07142857142857162
4i3m_A,1.0,2.2,1.2000000000000002,0.2,2.3,2.0999999999999996,0.2,1.5,1.3,0.2,0.7,0.49999999999999994,0.0,6.4,6.4,5.2,6.6,1.3999999999999995,2.5,7.2,4.7,12.2,2.8,-9.399999999999999,3.4757834757834756,0.7977207977207976,-2.6780626780626777,2.3828571428571426,1.754285714285714,-0.6285714285714286
4i4y_C,3.4,3.2,-0.19999999999999973,1.9,2.2,0.30000000000000027,1.7,1.8,0.10000000000000009,0.7,1.4,0.7,0.6,6.9,6.300000000000001,0.2,0.2,0.0,2.4,3.5,1.1,0.6,0.7,0.09999999999999998,0.410958904109589,0.4794520547945205,0.0684931506849315,1.5785714285714283,1.5685714285714283,-0.010000000000000009
4kqd_A,2.2,2.7,0.5,2.8,3.2,0.40000000000000036,0.5,1.4,0.8999999999999999,3.0,3.3,0.2999999999999998,1.7,12.4,10.700000000000001,2.3,2.5,0.20000000000000018,2.3,4.0,1.7000000000000002,11.6,9.1,-2.5,4.77366255144033,3.744855967078189,-1.0288065843621408,2.0699999999999994,2.162857142857143,0.09285714285714342
4lor_A,3.5,3.5,0.0,1.3,2.6,1.3,3.2,4.7,1.5,4.7,3.5,-1.2000000000000002,12.0,21.1,9.100000000000001,0.0,0.3,0.3,3.5,6.6,3.0999999999999996,5.4,2.7,-2.7,1.4754098360655736,0.7377049180327869,-0.7377049180327867,1.95,1.7228571428571429,-0.2271428571428571
4m18_A,1.4,3.4,2.0,3.3,4.8,1.5,0.7,1.9,1.2,5.8,5.5,-0.2999999999999998,14.6,26.9,12.299999999999999,1.7,2.9,1.2,9.4,12.7,3.299999999999999,6.2,6.2,0.0,1.399548532731377,1.399548532731377,0.0,1.9899999999999998,1.7985714285714285,-0.19142857142857128
4mup_C,0.0,0.6,0.6,0.1,1.6,1.5,1.3,2.0,0.7,2.9,1.9,-1.0,2.1,14.4,12.3,5.0,6.6,1.5999999999999996,3.1,5.8,2.6999999999999997,28.3,14.5,-13.8,9.370860927152318,4.801324503311259,-4.569536423841059,3.1671428571428573,2.7800000000000002,-0.387142857142857
4n4u_A,0.4,0.8,0.4,0.5,1.5,1.0,0.0,0.2,0.2,1.7,2.5,0.8,0.1,8.9,8.8,2.7,5.0,2.3,2.8,3.7,0.9000000000000004,25.0,13.7,-11.3,7.836990595611286,4.294670846394984,-3.5423197492163014,2.364285714285714,2.242857142857143,-0.121428571428571
4nc7_B,0.2,1.1,0.9000000000000001,0.0,0.1,0.1,0.0,0.0,0.0,0.2,0.4,0.2,0.0,7.9,7.9,5.6,8.5,2.9000000000000004,7.5,7.6,0.09999999999999964,24.9,22.8,-2.099999999999998,6.640000000000001,6.08,-0.5600000000000005,2.471428571428571,2.444285714285714,-0.027142857142857135
4ose_B,0.1,0.3,0.19999999999999998,0.7,0.7,0.0,0.5,1.0,0.5,0.6,0.3,-0.3,1.4,8.0,6.6,5.5,7.0,1.5,3.3,6.3,3.0,21.8,20.9,-0.9000000000000021,7.517241379310344,7.206896551724138,-0.3103448275862064,2.9999999999999996,2.7528571428571427,-0.2471428571428569
4oyu_A,2.7,3.1,0.3999999999999999,0.4,0.6,0.19999999999999996,2.7,1.7,-1.0000000000000002,1.2,1.6,0.40000000000000013,0.1,7.8,7.7,3.1,4.0,0.8999999999999999,3.9,6.0,2.1,8.8,5.5,-3.3000000000000007,2.2391857506361323,1.3994910941475827,-0.8396946564885497,2.2142857142857144,2.0685714285714285,-0.1457142857142859
4pyr_A,0.0,0.0,0.0,0.0,0.3,0.3,0.4,1.0,0.6,2.7,2.5,-0.20000000000000018,0.8,11.4,10.6,2.7,3.2,0.5,2.0,2.6,0.6000000000000001,30.5,21.1,-9.399999999999999,10.0,6.918032786885246,-3.081967213114754,2.6199999999999997,2.5757142857142856,-0.04428571428571404
4qpm_A,0.5,0.4,-0.09999999999999998,0.5,1.1,0.6000000000000001,1.0,1.2,0.19999999999999996,2.0,0.9,-1.1,1.0,12.2,11.2,5.1,5.4,0.3000000000000007,5.6,10.0,4.4,20.9,17.4,-3.5,5.870786516853933,4.887640449438202,-0.9831460674157304,2.7042857142857137,2.708571428571428,0.004285714285714448
4rfx_C,0.0,0.0,0.0,0.0,0.0,0.0,0.0,0.0,0.0,0.0,0.0,0.0,0.0,2.2,2.2,1.0,1.8,0.8,0.0,0.0,0.0,0.3,0.0,-0.3,0.13100436681222707,0.0,-0.13100436681222707,1.4228571428571428,1.357142857142857,-0.06571428571428584
4tql_B,0.0,0.0,0.0,0.0,0.0,0.0,0.0,0.1,0.1,0.8,0.9,0.09999999999999998,0.0,3.7,3.7,3.2,3.9,0.6999999999999997,0.0,0.1,0.1,6.1,0.0,-6.1,2.531120331950208,0.0,-2.531120331950208,1.3042857142857143,0.045714285714285686,-1.2585714285714287
4wyi_A,0.4,0.3,-0.10000000000000003,1.5,1.1,-0.3999999999999999,2.0,1.5,-0.5,0.3,0.2,-0.09999999999999998,6.5,25.4,18.9,4.0,4.2,0.20000000000000018,6.7,8.1,1.3999999999999995,53.8,43.4,-10.399999999999999,13.383084577114428,10.796019900497512,-2.587064676616915,3.232857142857143,3.111428571428571,-0.12142857142857189
4ycs_B,1.7,1.7,0.0,0.0,0.1,0.1,0.2,0.3,0.09999999999999998,0.0,0.0,0.0,1.6,9.4,7.800000000000001,0.6,0.8,0.20000000000000007,0.2,0.4,0.2,10.0,7.6,-2.4000000000000004,7.8125,5.9375,-1.875,2.52,2.4657142857142853,-0.054285714285714715
4zxf_D,0.7,1.1,0.40000000000000013,1.3,1.7,0.3999999999999999,0.7,0.8,0.10000000000000009,0.6,0.5,-0.09999999999999998,2.1,19.8,17.7,4.7,7.2,2.5,5.9,10.4,4.5,23.8,16.6,-7.199999999999999,7.212121212121213,5.03030303030303,-2.1818181818181825,2.6914285714285713,2.4799999999999995,-0.21142857142857174
5apa_A,1.1,1.7,0.5999999999999999,0.0,0.0,0.0,1.7,1.9,0.19999999999999996,0.6,0.7,0.09999999999999998,1.1,9.6,8.5,1.8,1.7,-0.10000000000000009,2.2,3.8,1.5999999999999996,12.8,6.2,-6.6000000000000005,6.009389671361502,2.9107981220657275,-3.0985915492957745,2.682857142857143,2.3442857142857143,-0.3385714285714285
5els_A,0.0,0.2,0.2,1.7,1.9,0.19999999999999996,0.1,0.6,0.5,0.1,0.2,0.1,0.1,9.6,9.5,2.2,3.2,1.0,0.0,0.1,0.1,7.4,5.0,-2.4000000000000004,3.259911894273128,2.202643171806167,-1.057268722466961,2.3771428571428572,2.497142857142857,0.11999999999999966
5fwh_A,1.4,1.5,0.10000000000000009,3.3,3.7,0.40000000000000036,1.5,2.0,0.5,3.1,2.7,-0.3999999999999999,0.4,4.7,4.3,0.1,0.5,0.4,1.0,1.6,0.6000000000000001,1.7,1.4,-0.30000000000000004,0.8673469387755102,0.7142857142857143,-0.15306122448979587,1.8814285714285712,1.782857142857143,-0.09857142857142831
5h7f_A,0.1,0.3,0.19999999999999998,0.3,0.7,0.39999999999999997,0.0,0.1,0.1,1.6,1.3,-0.30000000000000004,0.0,4.9,4.9,1.1,1.7,0.5999999999999999,1.8,4.0,2.2,16.5,9.5,-7.0,9.065934065934066,5.219780219780221,-3.846153846153845,2.5914285714285716,2.487142857142857,-0.10428571428571454
5htx_A,1.1,2.1,1.0,1.3,1.6,0.30000000000000004,0.5,0.9,0.4,0.6,0.3,-0.3,1.6,17.6,16.0,4.5,7.5,3.0,5.1,9.6,4.5,26.3,22.3,-4.0,5.990888382687927,5.079726651480638,-0.9111617312072884,2.5785714285714283,2.34,-0.23857142857142843
5jkq_A,0.6,0.8,0.20000000000000007,1.0,1.7,0.7,1.8,2.8,0.9999999999999998,2.3,1.4,-0.8999999999999999,3.5,21.5,18.0,2.4,3.5,1.1,2.9,5.4,2.5000000000000004,10.1,10.4,0.3000000000000007,3.5563380281690145,3.661971830985915,0.1056338028169006,2.3099999999999996,2.181428571428571,-0.12857142857142856
5kbe_B,0.3,0.8,0.5,0.8,1.2,0.3999999999999999,0.2,0.6,0.39999999999999997,1.2,0.5,-0.7,17.2,35.8,18.599999999999998,13.2,13.9,0.7000000000000011,7.1,11.4,4.300000000000001,32.9,30.3,-2.599999999999998,7.167755991285404,6.601307189542484,-0.5664488017429194,2.791428571428571,2.497142857142857,-0.29428571428571404
5o75_A,0.0,0.0,0.0,0.0,0.0,0.0,1.1,1.1,0.0,0.0,0.0,0.0,3.0,3.4,0.3999999999999999,1.1,1.5,0.3999999999999999,0.8,2.5,1.7,1.1,0.3,-0.8,1.4102564102564104,0.3846153846153847,-1.0256410256410255,1.6028571428571428,1.1657142857142857,-0.43714285714285706
6c8v_A,0.3,0.6,0.3,2.1,3.3,1.1999999999999997,0.4,0.7,0.29999999999999993,2.5,2.4,-0.10000000000000009,9.2,21.0,11.8,2.2,2.8,0.5999999999999996,3.7,6.6,2.8999999999999995,15.9,10.4,-5.5,4.140625,2.7083333333333335,-1.4322916666666665,2.5285714285714285,2.182857142857143,-0.34571428571428564
6elm_A,0.0,0.1,0.1,0.8,0.8,0.0,0.3,0.1,-0.19999999999999998,1.0,0.1,-0.9,1.2,5.2,4.0,0.9,0.7,-0.20000000000000007,0.5,1.0,0.5,1.7,0.5,-1.2,1.7346938775510203,0.5102040816326531,-1.2244897959183674,1.5171428571428571,1.3228571428571427,-0.1942857142857144
6i9s_B,1.8,3.0,1.2,0.3,1.4,1.0999999999999999,2.6,1.6,-1.0,2.8,2.9,0.10000000000000009,4.0,7.7,3.7,0.1,0.0,-0.1,2.3,2.9,0.6000000000000001,4.1,1.3,-2.8,2.0297029702970297,0.6435643564356436,-1.386138613861386,1.737142857142857,1.514285714285714,-0.2228571428571431
6os5_A,1.2,1.7,0.5,0.0,0.2,0.2,0.0,0.2,0.2,2.3,1.9,-0.3999999999999999,2.5,15.6,13.1,2.5,5.9,3.4000000000000004,4.0,7.2,3.2,23.8,12.0,-11.8,6.346666666666667,3.2,-3.1466666666666665,2.5957142857142856,2.3985714285714286,-0.19714285714285706
6p0g_A,0.9,0.6,-0.30000000000000004,1.2,1.4,0.19999999999999996,1.0,1.7,0.7,2.2,2.2,0.0,4.0,5.1,1.0999999999999996,3.4,3.7,0.30000000000000027,0.9,2.2,1.3000000000000003,10.4,4.8,-5.6000000000000005,5.621621621621622,2.5945945945945947,-3.027027027027027,2.552857142857143,2.3571428571428568,-0.19571428571428617
6pse_B,0.4,0.5,0.09999999999999998,0.0,0.0,0.0,0.3,0.3,0.0,2.0,2.0,0.0,0.0,2.6,2.6,4.0,4.6,0.5999999999999996,0.0,0.8,0.8,3.1,1.4,-1.7000000000000002,1.3596491228070176,0.6140350877192983,-0.7456140350877193,1.8985714285714284,1.4757142857142855,-0.4228571428571428
6qpr_A,1.8,2.0,0.19999999999999996,1.2,1.2,0.0,2.6,2.8,0.19999999999999973,2.1,2.3,0.19999999999999973,1.5,22.4,20.9,6.1,6.5,0.40000000000000036,3.9,7.1,3.1999999999999997,27.6,31.9,4.299999999999997,7.645429362880887,8.836565096952908,1.191135734072021,3.0985714285714283,3.071428571428571,-0.027142857142857135
6r1g_B,1.3,1.4,0.09999999999999987,1.5,2.8,1.2999999999999998,2.1,3.2,1.1,2.8,2.2,-0.5999999999999996,0.2,10.0,9.8,1.9,3.0,1.1,0.0,1.2,1.2,2.8,4.2,1.4000000000000004,1.6374269005847952,2.456140350877193,0.8187134502923978,1.9042857142857141,1.8885714285714283,-0.01571428571428579
6vzw_B,3.1,3.7,0.6000000000000001,2.9,4.6,1.6999999999999997,3.8,3.6,-0.19999999999999973,1.3,1.7,0.3999999999999999,4.5,15.5,11.0,3.5,5.4,1.9000000000000004,2.0,8.5,6.5,20.8,21.0,0.1999999999999993,4.591611479028698,4.635761589403973,0.044150110375275275,2.724285714285714,2.6971428571428566,-0.02714285714285758
6y4z_B,0.4,0.7,0.29999999999999993,2.6,3.0,0.3999999999999999,1.3,1.8,0.5,2.0,2.0,0.0,3.5,17.1,13.600000000000001,5.6,5.7,0.10000000000000053,2.7,3.7,1.0,23.3,25.3,2.0,6.49025069637883,7.047353760445683,0.5571030640668528,2.3899999999999997,2.587142857142857,0.1971428571428575
6y93_A,1.2,1.3,0.10000000000000009,0.0,0.0,0.0,0.1,0.2,0.1,0.2,0.1,-0.1,0.0,2.3,2.3,3.2,4.0,0.7999999999999998,0.0,0.3,0.3,13.0,11.5,-1.5,4.6263345195729535,4.092526690391459,-0.5338078291814945,2.5271428571428567,2.487142857142856,-0.04000000000000048
6ywn_A,2.4,4.6,2.1999999999999997,2.1,2.6,0.5,1.1,1.4,0.2999999999999998,2.7,2.7,0.0,1.8,20.4,18.599999999999998,4.2,5.4,1.2000000000000002,4.7,6.4,1.7000000000000002,18.7,15.1,-3.5999999999999996,5.151515151515151,4.159779614325069,-0.991735537190082,2.9871428571428567,2.8371428571428567,-0.1499999999999999
6zul_E,3.6,5.3,1.6999999999999997,7.3,9.8,2.500000000000001,0.6,1.0,0.4,6.3,4.2,-2.0999999999999996,1.9,14.0,12.1,0.9,0.3,-0.6000000000000001,20.5,23.5,3.0,3.0,4.3,1.2999999999999998,1.1029411764705883,1.5808823529411764,0.4779411764705881,1.5999999999999999,1.8099999999999998,0.20999999999999996
7bkf_A,1.0,0.5,-0.5,0.5,0.9,0.4,0.2,0.4,0.2,1.1,1.0,-0.10000000000000009,0.0,9.2,9.2,4.5,4.9,0.40000000000000036,2.3,3.7,1.4000000000000004,17.6,9.2,-8.400000000000002,6.3768115942028984,3.3333333333333335,-3.043478260869565,2.547142857142857,2.2842857142857143,-0.2628571428571429
7m10_A,0.0,0.0,0.0,0.4,0.0,-0.4,0.0,0.0,0.0,0.0,0.1,0.1,6.0,8.6,2.5999999999999996,1.2,1.5,0.30000000000000004,1.4,1.7,0.30000000000000004,0.1,0.5,0.4,0.11494252873563218,0.5747126436781609,0.45977011494252873,1.1714285714285713,1.2357142857142853,0.06428571428571406
