protein_name,base_mean,fine_mean,filter_k1,filter_k2,filter_k3,keep3_k3,ft_keep3_k3,filter_k4,keep3_k4,ft_keep3_k4,filter_k5,keep3_k5,ft_keep3_k5,filter_k6,keep3_k6,ft_keep3_k6,filter_k7,keep3_k7,ft_keep3_k7,filter_k8,keep3_k8,ft_keep3_k8,filter_k9,keep3_k9,ft_keep3_k9,filter_k10,keep3_k10,ft_keep3_k10,red_filter_k1,red_filter_k2,red_filter_k3,red_keep3_k3,red_ft_keep3_k3,red_filter_k4,red_keep3_k4,red_ft_keep3_k4,red_filter_k5,red_keep3_k5,red_ft_keep3_k5,red_filter_k6,red_keep3_k6,red_ft_keep3_k6,red_filter_k7,red_keep3_k7,red_ft_keep3_k7,red_filter_k8,red_keep3_k8,red_ft_keep3_k8,red_filter_k9,red_keep3_k9,red_ft_keep3_k9,red_filter_k10,red_keep3_k10,red_ft_keep3_k10,red_fine
1jxm_A,64.2,35.4,64.2,54.46666666666667,50.3,64.2,35.4,48.12380952380953,57.90793650793651,32.544444444444444,46.76984126984127,54.023809523809526,30.884920634920633,45.77619047619048,51.55238095238095,29.94285714285714,44.958333333333336,50.00555555555556,29.23888888888889,44.24444444444445,49.02222222222222,28.62222222222222,43.6,48.300000000000004,28.099999999999998,43.0,47.666666666666664,27.666666666666668,0.0,15.160955347871237,21.651090342679133,0.0,44.859813084112155,25.040795134253077,9.80072195025466,49.30771893388716,27.14977995351827,15.850763981605104,51.892646986104936,28.697522622756264,19.700341195668305,53.36003560302627,29.971443406022846,22.109726548978884,54.45655936310141,31.0834198684666,23.64139840775356,55.417099342332996,32.087227414330215,24.76635514018691,56.23052959501559,33.02180685358256,25.752855659397724,56.90550363447559,44.859813084112155
1og1_A,56.9,30.0,56.9,49.71111111111111,45.975,56.9,30.0,43.62380952380953,52.663492063492065,25.90793650793651,41.97222222222222,49.8095238095238,23.1547619047619,40.69047619047619,47.666666666666664,21.261904761904763,39.61666666666667,46.083333333333336,19.805555555555554,38.666666666666664,44.888888888888886,18.555555555555554,37.8,44.0,17.5,37.0,43.333333333333336,16.666666666666668,0.0,12.634251122827575,19.200351493848853,0.0,47.27592267135325,23.332496443217,7.445532401595666,54.46759840432951,26.235110330013672,12.461293832119852,59.30621809356431,28.4877395597958,16.227299355594614,62.63285630596702,30.374926772114815,19.009958992384295,65.19234524506933,32.04452255418864,21.10915836750635,67.38918180042961,33.5676625659051,22.6713532513181,69.24428822495607,34.973637961335676,23.842999414176912,70.70884592852958,47.27592267135325
1qw2_A,102.9,71.4,102.9,96.4,93.75,102.89999999999999,71.39999999999999,92.4047619047619,98.6015873015873,65.78412698412698,91.49603174603175,95.98015873015873,61.797619047619044,90.77142857142857,94.59047619047618,58.6904761904762,90.175,93.85555555555555,56.02777777777778,89.68888888888888,93.31111111111112,53.888888888888886,89.3,92.8,52.4,89.0,92.33333333333333,51.666666666666664,0.0,6.316812439261419,8.892128279883387,1.3810354436542277e-14,30.612244897959194,10.199453931232368,4.177271815755787,36.06984744010983,11.082573619016772,6.724821447853518,39.94400481280949,11.786755518533948,8.07533897912908,42.96357998981905,12.366375121477171,8.789547565057775,45.5512363675629,12.838786308174074,9.318648094158299,47.62984558902927,13.216715257531591,9.815354713313905,49.07677356656949,13.50826044703596,10.268869452542932,49.789439585357954,30.612244897959183
1s29_A,19.4,21.9,19.4,16.644444444444446,15.841666666666667,19.400000000000002,21.900000000000002,15.504761904761905,17.334920634920636,20.42063492063492,15.305555555555555,16.428571428571427,19.571428571428573,15.166666666666666,16.023809523809522,18.91904761904762,15.075,15.833333333333334,18.349999999999998,15.022222222222222,15.666666666666666,17.844444444444445,15.0,15.5,17.400000000000002,15.0,15.333333333333334,17.0,0.0,14.203894616265739,18.341924398625423,-1.8312957107219078e-14,-12.886597938144348,20.07854688267059,10.64473899525445,-5.261004745540837,21.10538373424971,15.316642120765835,-0.8836524300441979,21.821305841924396,17.403043691703488,2.4791359842906058,22.293814432989688,18.384879725085902,5.412371134020622,22.565864833906065,19.243986254295532,8.018327605956463,22.680412371134015,20.10309278350515,10.309278350515447,22.680412371134015,20.962199312714766,12.37113402061855,-12.88659793814433
1y4m_A,15.0,5.6,15.0,9.622222222222222,7.15,15.0,5.6000000000000005,5.857142857142857,11.663492063492063,2.9571428571428573,5.071428571428571,9.380952380952381,1.8174603174603174,4.504761904761905,7.866666666666667,1.1666666666666667,4.041666666666667,6.927777777777778,0.75,3.6444444444444444,6.377777777777777,0.4444444444444444,3.3,6.0,0.19999999999999998,3.0,5.666666666666667,0.0,0.0,35.851851851851855,52.333333333333336,0.0,62.66666666666666,60.95238095238095,22.243386243386247,80.28571428571428,66.19047619047619,37.460317460317455,87.88359788359789,69.96825396825398,47.55555555555555,92.22222222222223,73.05555555555556,53.81481481481482,95.0,75.70370370370371,57.481481481481495,97.03703703703702,78.0,60.0,98.66666666666667,80.0,62.222222222222214,100.0,62.666666666666664
1y9l_A,16.5,10.7,16.5,14.488888888888889,13.558333333333334,16.5,10.700000000000001,13.0,15.233333333333334,8.571428571428571,12.587301587301587,14.448412698412698,7.071428571428572,12.233333333333333,13.942857142857143,5.933333333333334,11.908333333333333,13.627777777777778,5.0055555555555555,11.6,13.4,4.2444444444444445,11.3,13.200000000000001,3.6,11.0,13.0,3.0,0.0,12.188552188552189,17.828282828282827,0.0,35.15151515151514,21.21212121212121,7.676767676767671,48.05194805194805,23.713323713323717,12.433862433862439,57.14285714285713,25.85858585858586,15.497835497835496,64.04040404040404,27.82828282828283,17.407407407407405,69.66329966329965,29.6969696969697,18.787878787878785,74.27609427609428,31.51515151515151,19.999999999999993,78.18181818181819,33.333333333333336,21.21212121212121,81.81818181818181,35.151515151515156
1zx4_C,41.8,29.3,41.8,37.24444444444445,34.90833333333333,41.800000000000004,29.3,33.24285714285714,39.025396825396825,26.936507936507937,31.904761904761905,37.45634920634921,25.71428571428571,30.733333333333334,36.25238095238095,25.047619047619047,29.666666666666668,35.37777777777778,24.555555555555557,28.68888888888889,34.733333333333334,24.11111111111111,27.8,34.199999999999996,23.7,27.0,33.666666666666664,23.333333333333332,0.0,10.898458266879306,16.48724082934609,-1.699863004210766e-14,29.904306220095684,20.471633629528366,6.637806637806632,35.55859345333029,23.672818409660508,10.39150907571959,38.48257006151743,26.475279106858046,13.271815903394842,40.07746639325586,29.027113237639547,15.364167995746932,41.25465178096756,31.36629452418925,16.905901116427426,42.31791600212652,33.49282296650717,18.181818181818187,43.30143540669856,35.4066985645933,19.45773524720893,44.1786283891547,29.904306220095684
2bk8_A,8.1,7.4,8.1,6.066666666666666,5.033333333333333,8.1,7.3999999999999995,4.347619047619047,6.871428571428571,6.9793650793650786,3.8134920634920637,6.099206349206349,6.674603174603175,3.3666666666666667,5.590476190476191,6.423809523809524,2.975,5.188888888888889,6.188888888888889,2.6222222222222222,4.866666666666666,5.977777777777778,2.3,4.6000000000000005,5.8,2.0,4.333333333333333,5.666666666666667,0.0,25.102880658436213,37.86008230452675,0.0,8.641975308641978,46.32569077013522,15.167548500881836,13.834999020184211,52.91985106799921,24.701156182637668,17.597491671565738,58.43621399176954,30.98177542621986,20.693709582598466,63.27160493827161,35.93964334705075,23.59396433470507,67.62688614540467,39.91769547325103,26.200274348422493,71.60493827160494,43.209876543209866,28.39506172839506,75.30864197530865,46.50205761316873,30.041152263374478,8.641975308641968
2c5u_A,68.0,34.3,68.0,62.51111111111111,60.125,68.0,34.300000000000004,58.67142857142857,64.41269841269842,30.753968253968253,57.67063492063492,62.51587301587301,28.444444444444443,56.92857142857143,61.1904761904762,26.909523809523808,56.34166666666667,60.166666666666664,25.92222222222222,55.84444444444444,59.333333333333336,25.244444444444444,55.4,58.699999999999996,24.7,55.0,58.333333333333336,24.333333333333332,0.0,8.071895424836597,11.580882352941176,0.0,49.55882352941176,13.718487394957984,5.27544351073762,54.77357609710551,15.19024276377218,8.064892623716158,58.169934640522875,16.281512605042014,10.014005602240886,60.42717086834734,17.14460784313725,11.519607843137258,61.87908496732027,17.875816993464056,12.745098039215682,62.875816993464056,18.529411764705884,13.6764705882353,63.6764705882353,19.11764705882353,14.2156862745098,64.2156862745098,49.55882352941177
2efx_F,39.0,22.2,39.0,34.644444444444446,32.666666666666664,39.0,22.2,31.428571428571427,36.20952380952381,19.622222222222224,30.52777777777778,34.654761904761905,18.154761904761905,29.87142857142857,33.71904761904762,17.204761904761906,29.416666666666668,32.949999999999996,16.544444444444444,29.133333333333333,32.24444444444445,16.066666666666666,29.0,31.599999999999998,15.700000000000001,29.0,31.0,15.333333333333334,0.0,11.168091168091165,16.239316239316246,0.0,43.07692307692308,19.41391941391942,7.155067155067158,49.686609686609685,21.723646723646723,11.141636141636141,53.449328449328455,23.40659340659341,13.540903540903534,55.885225885225886,24.57264957264957,15.512820512820525,57.57834757834758,25.2991452991453,17.321937321937316,58.80341880341881,25.641025641025642,18.97435897435898,59.74358974358973,25.641025641025642,20.512820512820515,60.68376068376068,43.07692307692308
2fck_A,69.1,34.5,69.1,63.17777777777778,60.025,69.10000000000001,34.5,57.96666666666667,65.64444444444445,31.37777777777778,56.52777777777778,63.388888888888886,29.6984126984127,55.53809523809524,61.74285714285714,28.42857142857143,54.88333333333333,60.28333333333333,27.527777777777775,54.46666666666667,58.911111111111104,26.88888888888889,54.2,57.6,26.400000000000002,54.0,56.333333333333336,26.0,0.0,8.570509728252125,13.133140376266276,-2.056563634616788e-14,50.072358900144714,16.11191509889049,5.000803987779376,54.59077022029264,18.194243447499588,8.26499437208554,57.021110421978726,19.626490248776783,10.647095307008474,58.858796774860444,20.57404727448142,12.7592860588519,60.16240553143593,21.177038109020735,14.74513587393472,61.08699147772955,21.562952243125892,16.642547033285087,61.794500723588996,21.852387843704772,18.4756391702846,62.373371924746735,50.072358900144714
2fdr_A,40.8,19.6,40.8,36.4,34.791666666666664,40.800000000000004,19.599999999999998,33.88095238095238,37.7047619047619,17.642857142857142,33.27777777777778,36.31349206349206,16.246031746031747,32.838095238095235,35.41428571428572,15.261904761904761,32.50833333333333,34.81666666666667,14.555555555555555,32.266666666666666,34.37777777777778,14.0,32.1,34.0,13.5,32.0,33.666666666666664,13.0,0.0,10.784313725490193,14.726307189542483,-1.7415263131375006e-14,51.96078431372549,16.958450046685336,7.586367880485528,56.757703081232485,18.43681917211328,10.996342981637094,60.18129474011827,19.514472455648928,13.200280112044801,62.59337068160598,20.32271241830065,14.665032679738548,64.32461873638343,20.91503267973856,15.74074074074073,65.68627450980391,21.323529411764696,16.66666666666666,66.91176470588235,21.568627450980387,17.483660130718953,68.13725490196077,51.96078431372548
2fno_A,84.1,39.3,84.1,77.73333333333333,74.3,84.10000000000001,39.300000000000004,72.0952380952381,80.43174603174603,34.955555555555556,70.61507936507937,77.96428571428571,33.38888888888889,69.60952380952381,76.0047619047619,32.34285714285714,68.93333333333334,74.39444444444445,31.483333333333334,68.4888888888889,73.02222222222223,30.711111111111112,68.2,71.8,30.0,68.0,70.66666666666667,29.333333333333332,0.0,7.570352754657147,11.652794292508917,-1.6897568032344832e-14,53.26991676575505,14.274389898646723,4.361776418851325,58.43572466640242,16.034388388728452,7.295736368269069,60.2985863390144,17.230054923277276,9.625729007417466,61.54238151860031,18.034086405073314,11.540494120755707,62.56440745144669,18.562557801558977,13.172149557405197,63.48262650284054,18.906064209274664,14.625445897740782,64.3281807372176,19.143876337693218,15.97304795877922,65.1208878319461,53.269916765755056
2gj8_B,77.6,41.6,77.6,72.11111111111111,69.05833333333334,77.60000000000001,41.6,66.89047619047619,74.44126984126984,39.46031746031746,65.28571428571429,72.51190476190476,38.30555555555556,64.06190476190476,70.86190476190477,37.47142857142857,63.09166666666667,69.39444444444445,36.74444444444445,62.28888888888889,68.13333333333334,36.08888888888889,61.6,67.10000000000001,35.5,61.0,66.33333333333333,35.0,0.0,7.073310423825877,11.00730240549827,-1.8312957107219078e-14,46.39175257731958,13.800932744231705,4.0705285550646275,49.14907543773522,15.86892488954343,6.556823760432004,50.63717067583047,17.445999018163967,8.68311242022581,51.7120765832106,18.69630584192439,10.574169530355089,52.64891179839633,19.730813287514312,12.199312714776617,53.49369988545246,20.618556701030922,13.53092783505153,54.25257731958762,21.391752577319583,14.518900343642612,54.89690721649484,46.39175257731958
2gs9_A,68.1,45.6,68.1,63.111111111111114,61.43333333333333,68.10000000000001,45.6,60.49523809523809,64.47619047619047,43.64761904761905,59.861111111111114,62.98809523809524,42.34126984126984,59.37619047619047,62.06190476190476,41.333333333333336,58.975,61.43333333333334,40.55555555555556,58.62222222222222,60.955555555555556,40.0,58.3,60.6,39.699999999999996,58.0,60.333333333333336,39.666666666666664,0.0,7.325828030673834,9.789525208027408,-2.0867628069312782e-14,33.0396475770925,11.167051255156977,5.321306202363476,35.906579959443384,12.098221569587196,7.506468079155292,37.82486073234971,12.810292986504436,8.86651283127053,39.30494371023005,13.399412628487509,9.789525208027397,40.447054984499914,13.91744167074563,10.491107847936034,41.262848751835534,14.390602055800292,11.013215859030828,41.70337738619677,14.83113069016152,11.404796867351923,41.7523250122369,33.0396475770925
2gt4_C,40.0,31.4,40.0,36.51111111111111,35.141666666666666,40.0,31.400000000000002,34.352380952380955,37.61746031746032,29.847619047619048,33.857142857142854,36.488095238095234,28.88095238095238,33.53809523809524,35.695238095238096,28.24761904761905,33.333333333333336,35.08888888888889,27.788888888888888,33.2,34.577777777777776,27.37777777777778,33.1,34.1,27.0,33.0,33.666666666666664,26.666666666666668,0.0,8.722222222222218,12.145833333333336,0.0,21.499999999999993,14.119047619047615,5.9563492063491985,25.38095238095238,15.357142857142865,8.779761904761916,27.797619047619047,16.154761904761905,10.76190476190476,29.380952380952372,16.66666666666666,12.277777777777779,30.527777777777782,16.999999999999993,13.55555555555556,31.55555555555555,17.249999999999996,14.749999999999996,32.5,17.5,15.83333333333334,33.33333333333333,21.500000000000004
2ich_A,45.7,12.6,45.7,38.111111111111114,34.7,45.699999999999996,12.6,32.8,40.88888888888889,9.825396825396824,31.563492063492063,37.8968253968254,8.658730158730158,30.64761904761905,35.91428571428572,7.9904761904761905,29.891666666666666,34.538888888888884,7.572222222222222,29.22222222222222,33.6,7.288888888888889,28.6,32.9,7.1000000000000005,28.0,32.333333333333336,7.0,0.0,16.60588378312667,24.070021881838073,1.5547981088842454e-14,72.4288840262582,28.22757111597375,10.527595429127155,78.50022576499602,30.933277760411244,17.074780313292347,81.0531068736758,32.93737626341565,21.41294154423257,82.51536938626656,34.59153902261124,24.422562606370057,83.43058594699733,36.05640651592512,26.477024070021884,84.05057135910528,37.41794310722101,28.008752735229766,84.46389496717724,38.7308533916849,29.24872355944566,84.68271334792124,72.4288840262582
2idl_B,30.3,13.0,30.3,26.88888888888889,24.833333333333332,30.3,13.0,23.295238095238094,28.43174603174603,10.55079365079365,22.015873015873016,27.142857142857142,9.123015873015873,20.88095238095238,26.142857142857142,8.295238095238096,19.833333333333332,25.333333333333332,7.677777777777778,18.844444444444445,24.666666666666668,7.155555555555555,17.9,24.099999999999998,6.7,17.0,23.666666666666668,6.333333333333333,0.0,11.257792445911258,18.041804180418048,0.0,57.0957095709571,23.11802608832312,6.165854680706173,65.17889884226518,27.340353082927344,10.419613389910424,69.89103672271989,31.085965739431092,13.719943422913724,72.62297658337263,34.543454345434554,16.3916391639164,74.66079941327466,37.80711404473781,18.59185918591859,76.38430509717638,40.92409240924093,20.46204620462047,77.88778877887789,43.8943894389439,21.89218921892189,79.0979097909791,57.0957095709571
2pt5_B,18.3,13.0,18.3,13.977777777777778,11.775,18.3,13.0,10.31904761904762,15.695238095238096,11.28888888888889,9.253968253968255,14.107142857142856,10.222222222222223,8.471428571428572,13.014285714285714,9.542857142857143,7.9,12.044444444444444,9.049999999999999,7.488888888888889,11.177777777777777,8.644444444444444,7.2,10.4,8.299999999999999,7.0,9.666666666666666,8.0,0.0,23.618700667880997,35.65573770491803,0.0,28.961748633879786,43.61176164454853,14.233671610720787,38.312082574377655,49.431867464654346,22.911787665886038,44.140862173649055,53.7080405932865,28.883684621389545,47.85323965651835,56.830601092896174,34.183363691560416,50.546448087431706,59.07710989678203,38.91924711596844,52.76259866423801,60.655737704918046,43.169398907103826,54.644808743169406,61.748633879781416,47.176684881602924,56.28415300546448,28.961748633879786
2r6v_A,70.1,41.2,70.1,62.733333333333334,59.78333333333333,70.10000000000001,41.199999999999996,58.423809523809524,65.23015873015873,37.234920634920634,57.71031746031746,62.242063492063494,34.78968253968254,57.25714285714286,60.371428571428574,33.166666666666664,56.90833333333333,59.26666666666667,31.916666666666668,56.6,58.62222222222223,30.777777777777775,56.3,58.199999999999996,29.7,56.0,58.0,28.666666666666668,0.0,10.508796956728474,14.717070851164998,-2.027226064936092e-14,41.226818830242514,16.65647714149853,6.946991825736462,46.88313746801621,17.674297488848122,11.209609854402997,50.371351583905074,18.320766252292636,13.87813327898919,52.6866381359962,18.818354731336182,15.454113171659518,54.469805040418436,19.258202567760335,16.373434775717215,56.09446822000317,19.68616262482168,16.975748930099854,57.63195435092724,20.114122681883018,17.261055634807413,59.1060389919163,41.2268188302425
2rfr_A,111.2,58.7,111.2,105.64444444444445,103.475,111.2,58.699999999999996,102.1952380952381,107.38730158730158,55.5015873015873,101.30952380952381,105.57539682539682,53.62301587301587,100.64285714285714,104.40476190476191,52.22380952380953,100.10833333333333,103.52777777777777,50.9,99.66666666666667,102.8888888888889,49.6,99.3,102.39999999999999,48.300000000000004,99.0,102.0,47.0,0.0,4.996003197442048,6.946942446043174,0.0,47.21223021582735,8.097807468311066,3.4286856229302374,50.08850062806898,8.894313120931828,5.058096380038831,51.777863423546876,9.493833504624877,6.11082562521411,53.03614251455978,9.974520383693047,6.899480415667473,54.22661870503597,10.371702637889685,7.474020783373294,55.39568345323741,10.701438848920867,7.913669064748212,56.564748201438846,10.971223021582736,8.27338129496403,57.73381294964029,47.21223021582734
2vn8_A,62.3,47.4,62.3,54.55555555555556,50.325,62.300000000000004,47.4,47.60476190476191,57.87936507936508,42.4984126984127,45.69047619047619,54.757936507936506,39.72222222222222,44.24761904761905,52.37619047619048,37.91428571428572,43.108333333333334,50.550000000000004,36.9,42.2,49.199999999999996,36.37777777777778,41.5,48.199999999999996,36.0,41.0,47.333333333333336,35.666666666666664,0.0,12.43088995897984,19.221508828250396,-1.1405180349279297e-14,23.916532905296947,23.58786211113658,7.095722184004683,31.784249280236434,26.660551861193913,12.106040918239955,36.24041376850365,28.976534433998314,15.92906825651608,39.14239853244668,30.80524344569288,18.86035313001604,40.77046548956662,32.26324237560192,21.027287319422154,41.60870340645621,33.3868378812199,22.632423756019268,42.215088282504006,34.18940609951845,24.023542001070084,42.75013376136972,23.916532905296947
2wjj_B,38.2,24.5,38.2,34.82222222222222,33.19166666666667,38.199999999999996,24.5,32.21904761904762,36.128571428571426,21.8031746031746,31.555555555555557,34.797619047619044,20.194444444444446,31.066666666666666,33.89523809523809,19.014285714285716,30.7,33.266666666666666,18.099999999999998,30.42222222222222,32.733333333333334,17.400000000000002,30.2,32.199999999999996,16.900000000000002,30.0,31.666666666666668,16.666666666666668,0.0,8.842350203606753,13.110820244328094,1.8600595176965973e-14,35.86387434554974,15.656943405634504,5.4225878833208805,42.92362669326021,17.39383362420012,8.906756419845442,47.13496218731821,18.67364746945899,11.269010221889816,50.224382946896036,19.63350785340315,12.914485165794074,52.61780104712043,20.3606748109366,14.310645724258293,54.45026178010471,20.942408376963357,15.70680628272253,55.759162303664915,21.46596858638744,17.10296684118674,56.36998254799302,35.86387434554974
2wjr_A,43.2,24.8,43.2,37.37777777777778,34.325,43.199999999999996,24.8,32.333333333333336,39.766666666666666,21.901587301587302,30.896825396825395,37.535714285714285,20.202380952380953,29.8,35.885714285714286,18.966666666666665,28.933333333333334,34.58888888888889,17.905555555555555,28.22222222222222,33.46666666666667,16.955555555555556,27.6,32.4,16.099999999999998,27.0,31.333333333333332,15.333333333333334,0.0,13.477366255144034,20.54398148148148,1.6447748512965283e-14,42.592592592592595,25.15432098765432,7.947530864197539,49.301881246325685,28.47957084068196,13.111772486772495,53.23522927689595,31.018518518518523,16.931216931216937,56.09567901234569,33.0246913580247,19.933127572016467,58.55195473251029,34.67078189300412,22.530864197530867,60.751028806584365,36.111111111111114,25.000000000000007,62.73148148148149,37.5,27.46913580246914,64.50617283950616,42.592592592592595
2x7p_A,58.4,36.8,58.4,51.24444444444445,48.583333333333336,58.4,36.800000000000004,47.2,53.44444444444445,31.71904761904762,46.44444444444444,51.05555555555555,28.468253968253965,45.99047619047619,49.31428571428572,26.30952380952381,45.675,48.11666666666667,24.916666666666668,45.422222222222224,47.355555555555554,24.11111111111111,45.2,46.9,23.7,45.0,46.666666666666664,23.333333333333332,0.0,12.252663622526631,16.8093607305936,0.0,36.98630136986301,19.178082191780813,8.485540334855392,45.68656229615134,20.47184170471842,12.576103500761041,51.25298978038705,21.249184605348994,15.55772994129158,54.94944553163731,21.78938356164384,17.60844748858447,57.334474885844756,22.222222222222214,18.911719939117198,58.713850837138516,22.60273972602739,19.69178082191781,59.41780821917809,22.945205479452053,20.091324200913245,60.04566210045661,36.986301369863014
2yn0_A,22.5,11.3,22.5,18.57777777777778,16.975,22.5,11.299999999999999,16.0,19.855555555555558,10.001587301587302,15.253968253968255,18.503968253968253,9.329365079365079,14.633333333333333,17.742857142857144,8.885714285714286,14.108333333333333,17.227777777777778,8.616666666666667,13.666666666666666,16.8,8.466666666666667,13.3,16.400000000000002,8.4,13.0,16.0,8.333333333333334,0.0,17.43209876543209,24.55555555555555,0.0,49.77777777777778,28.88888888888889,11.753086419753076,55.548500881834215,32.20458553791887,17.76014109347443,58.53615520282187,34.96296296296297,21.14285714285714,60.507936507936506,37.2962962962963,23.432098765432098,61.7037037037037,39.25925925925926,25.33333333333333,62.37037037037037,40.888888888888886,27.1111111111111,62.666666666666664,42.22222222222222,28.88888888888889,62.962962962962955,49.77777777777778
3adl_A,15.3,12.7,15.3,11.266666666666667,8.908333333333333,15.299999999999999,12.700000000000001,7.338095238095238,13.101587301587301,10.955555555555556,6.190476190476191,11.424603174603176,9.678571428571429,5.309523809523809,10.166666666666666,8.604761904761904,4.608333333333333,9.13888888888889,7.733333333333333,4.022222222222222,8.222222222222223,7.044444444444444,3.5,7.3999999999999995,6.5,3.0,6.666666666666667,6.0,0.0,26.361655773420477,41.77559912854031,1.161017542091667e-14,16.993464052287578,52.038593215063806,14.368710447141826,28.395061728395063,59.53937130407719,25.32939101566552,36.74136321195145,65.29723000311235,33.55119825708062,43.759726112667295,69.880174291939,40.26870007262164,49.45533769063181,73.71096586782862,46.25998547567174,53.95787944807553,77.12418300653594,51.633986928104584,57.51633986928105,80.3921568627451,56.427015250544656,60.7843137254902,16.99346405228759
3bfo_D,10.0,8.5,10.0,6.444444444444445,4.675,10.0,8.5,3.376190476190476,7.780952380952381,6.1761904761904765,2.361111111111111,6.690476190476191,5.015873015873016,1.5666666666666667,5.847619047619048,4.319047619047619,0.9583333333333334,5.1000000000000005,3.8166666666666664,0.5111111111111111,4.3999999999999995,3.3777777777777778,0.2,3.6999999999999997,3.0,0.0,3.0,2.6666666666666665,0.0,35.55555555555556,53.25,0.0,15.0,66.23809523809523,22.190476190476193,38.238095238095234,76.38888888888889,33.09523809523809,49.84126984126984,84.33333333333334,41.52380952380952,56.80952380952381,90.41666666666666,48.99999999999999,61.833333333333336,94.88888888888889,56.0,66.22222222222221,98.00000000000001,63.000000000000014,70.0,100.0,70.0,73.33333333333334,15.0
3bkv_A,52.7,23.9,52.7,48.93333333333333,46.44166666666667,52.699999999999996,23.900000000000002,44.56190476190476,50.7984126984127,20.99206349206349,42.98015873015873,49.24603174603175,19.376984126984127,41.56666666666667,48.06190476190476,18.19047619047619,40.275,47.15555555555556,17.194444444444446,39.08888888888889,46.4,16.333333333333332,38.0,45.699999999999996,15.6,37.0,45.0,15.0,0.0,7.147375079063895,11.875395319418088,1.3482784359774197e-14,54.64895635673624,15.442305954639922,3.608325050450295,60.166862443902296,18.443721574651377,6.554019457245267,63.23152917080811,21.125869702719793,8.800939730731004,65.48296738050058,23.57685009487667,10.520767446763651,67.37297069365381,25.827535315201352,11.95445920303606,69.00695762175839,27.89373814041746,13.28273244781785,70.39848197343453,29.79127134724858,14.611005692599624,71.53700189753322,54.64895635673625
3cbn_A,34.6,16.1,34.6,31.955555555555556,30.666666666666668,34.6,16.099999999999998,29.85238095238095,32.973015873015875,12.904761904761905,29.273809523809526,31.988095238095237,11.317460317460316,28.83809523809524,31.295238095238094,10.076190476190476,28.508333333333333,30.788888888888888,9.144444444444444,28.266666666666666,30.37777777777778,8.466666666666667,28.1,30.0,8.0,28.0,29.666666666666668,7.666666666666667,0.0,7.6429030186255655,11.36801541425819,0.0,53.46820809248556,13.721442334159105,4.7022662629599035,62.70300027525461,15.393614093036057,7.5488576933663705,67.29057711716672,16.65290393614093,9.551334984861002,70.87806220754199,17.605973025048176,11.014771997430964,73.57096981374438,18.304431599229293,12.20295439948619,75.52986512524085,18.786127167630056,13.294797687861275,76.878612716763,19.075144508670522,14.258188824662813,77.84200385356455,53.46820809248555
3d5l_A,40.3,24.9,40.3,35.4,32.891666666666666,40.300000000000004,24.900000000000002,31.261904761904763,37.36507936507937,22.552380952380954,30.107142857142858,35.53968253968254,20.761904761904763,29.238095238095237,34.142857142857146,19.523809523809522,28.558333333333334,33.05555555555556,18.72222222222222,28.0,32.11111111111111,18.22222222222222,27.5,31.2,17.900000000000002,27.0,30.333333333333332,17.666666666666668,0.0,12.15880893300248,18.382961124896607,-1.7631333393550875e-14,38.21339950372207,22.427035330261127,7.282681476229851,44.03875694198274,25.292449485997867,11.812202134782778,48.48162590098073,27.44889519083067,15.27827011697978,51.55382252156446,29.13564929693961,17.97628894403087,53.542872897711604,30.52109181141439,20.31982354563,54.78356768679349,31.761786600496276,22.58064516129032,55.58312655086848,33.00248138957816,24.731182795698924,56.16211745244003,38.21339950372208
3dhu_A,93.2,50.8,93.2,88.82222222222222,86.625,93.2,50.800000000000004,84.96190476190476,90.46507936507936,46.33968253968254,83.69444444444444,89.23809523809524,44.32936507936508,82.73809523809524,88.1190476190476,43.15714285714285,82.03333333333333,87.08333333333333,42.294444444444444,81.53333333333333,86.1111111111111,41.62222222222222,81.2,85.2,41.1,81.0,84.33333333333333,40.666666666666664,0.0,4.697186456843111,7.054721030042921,0.0,45.493562231759654,8.839157980788885,2.9344642005586277,50.279310579739764,10.19909394372914,4.250970774575925,52.436303562913004,11.22521970161455,5.451665644798709,53.694052728387504,11.981402002861236,6.5629470672389205,54.61969480209824,12.517882689556515,7.606103958035304,55.340963280877446,12.875536480686694,8.583690987124463,55.90128755364807,13.090128755364809,9.513590844062955,56.36623748211731,45.49356223175967
3eaf_A,83.1,34.8,83.1,75.86666666666666,72.65833333333333,83.10000000000001,34.800000000000004,70.89047619047619,78.48571428571428,30.996825396825397,69.66269841269842,75.55555555555556,29.563492063492063,68.67619047619047,73.82857142857144,28.83809523809524,67.83333333333333,72.77222222222223,28.311111111111114,67.11111111111111,72.08888888888889,27.91111111111111,66.5,71.5,27.599999999999998,66.0,71.0,27.333333333333332,0.0,8.704372242278382,12.565182511030883,-1.7100908201205782e-14,58.122743682310464,14.692567761159811,5.552690390235517,62.69936775351937,16.170038011193235,9.078753844096795,64.42419727618284,17.357171508796057,11.156953756231719,65.29711764368804,18.37144003208985,12.428132103222346,65.93127423452333,19.240540179168327,13.250434550073534,66.41262200828989,19.97593261131167,13.959085439229838,66.78700361010831,20.577617328519853,14.560770156438021,67.10790212595268,58.12274368231047
3eki_A,74.7,38.5,74.7,66.77777777777777,63.93333333333333,74.7,38.5,62.44285714285714,69.12539682539683,33.957142857142856,61.47222222222222,66.44047619047619,31.996031746031747,60.74761904761905,64.87619047619047,30.828571428571426,60.166666666666664,63.88333333333333,29.96666666666667,59.68888888888889,63.199999999999996,29.311111111111114,59.3,62.699999999999996,28.8,59.0,62.333333333333336,28.333333333333332,0.0,10.605384500966842,14.41320838911201,0.0,48.46050870147256,16.40849110728629,7.462654852213078,54.5419774335437,17.707868511081365,11.056926117167086,57.167293512675045,18.67788614776567,13.151016765474605,58.730158730158735,19.455600178491753,14.480142793395808,59.88398036590807,20.09519559720363,15.39491298527444,60.76156477762903,20.61579651941098,16.064257028112458,61.44578313253013,21.01740294511379,16.555109326193662,62.07050423917895,48.46050870147256
3fnr_A,80.3,42.2,80.3,72.22222222222223,67.43333333333334,80.3,42.199999999999996,64.16190476190476,75.92063492063492,38.20793650793651,61.75396825396825,72.65873015873017,35.261904761904766,59.833333333333336,69.95238095238095,33.147619047619045,58.18333333333333,67.77777777777779,31.67222222222222,56.68888888888889,66.11111111111111,30.57777777777778,55.3,64.89999999999999,29.599999999999998,54.0,64.0,28.666666666666668,0.0,10.05949910059498,16.023246160232453,0.0,47.447073474470734,20.09725434382968,5.453754768823254,52.41850995275653,23.09592994524501,9.515902666587587,56.08729170373005,25.487754254877537,12.886200557433435,58.720275158631324,27.542548775425487,15.59429915594298,60.55763110557632,29.40362529403625,17.669849176698484,61.92057561920575,31.133250311332503,19.178082191780828,63.13823163138232,32.75217932752179,20.29887920298879,64.30053964300538,47.447073474470734
3fz4_A,19.6,21.7,19.6,15.71111111111111,13.95,19.599999999999998,21.7,12.785714285714286,17.084126984126986,18.776190476190475,11.94047619047619,15.821428571428571,17.158730158730158,11.304761904761905,14.895238095238094,16.261904761904763,10.825,14.155555555555557,15.611111111111112,10.466666666666667,13.511111111111111,15.111111111111112,10.2,12.9,14.700000000000001,10.0,12.333333333333334,14.333333333333334,0.0,19.84126984126985,28.82653061224491,1.812609019796174e-14,-10.714285714285701,34.7667638483965,12.83608681567865,4.2031098153547255,39.07920310981537,19.278425655976683,12.45545837382573,42.32264334305151,24.003887269193406,17.031098153547134,44.770408163265316,27.777777777777775,20.351473922902493,46.59863945578232,31.065759637188215,22.90249433106576,47.9591836734694,34.183673469387756,25.0,48.9795918367347,37.07482993197279,26.87074829931973,-10.714285714285701
3g73_B,36.6,14.0,36.6,30.977777777777778,28.291666666666668,36.6,14.0,26.585714285714285,33.095238095238095,11.392063492063492,25.376984126984127,31.063492063492063,9.63888888888889,24.485714285714284,29.638095238095236,8.533333333333333,23.833333333333332,28.55,7.844444444444445,23.377777777777776,27.644444444444446,7.377777777777777,23.1,26.900000000000002,7.0,23.0,26.333333333333332,6.666666666666667,0.0,15.361262902246514,22.700364298724956,0.0,61.748633879781416,27.361436377829822,9.575852198803023,68.87414346430741,30.66397779512534,15.127070864775787,73.6642380085003,33.099141295862616,19.02159771012231,76.6848816029144,34.88160291438981,21.994535519125684,78.56709168184578,36.12629022465089,24.468731026108074,79.84213721918641,36.885245901639344,26.502732240437155,80.8743169398907,37.15846994535519,28.05100182149363,81.78506375227687,61.748633879781416
3g74_F,10.0,11.2,10.0,6.777777777777778,5.275,10.0,11.200000000000001,4.533333333333333,8.033333333333333,8.307936507936509,4.119047619047619,6.591269841269842,6.9523809523809526,3.8380952380952382,5.628571428571429,6.038095238095238,3.6083333333333334,5.038888888888889,5.377777777777777,3.4,4.711111111111111,4.844444444444444,3.2,4.5,4.3999999999999995,3.0,4.333333333333333,4.0,0.0,32.22222222222222,47.24999999999999,0.0,-12.00000000000001,54.666666666666664,19.666666666666668,16.920634920634914,58.80952380952382,34.08730158730158,30.476190476190474,61.61904761904761,43.71428571428571,39.61904761904762,63.916666666666664,49.611111111111114,46.22222222222223,66.0,52.88888888888889,51.55555555555556,68.0,55.0,56.0,70.0,56.66666666666667,60.0,-11.999999999999993
3gg7_A,49.7,25.7,49.7,44.62222222222222,41.63333333333333,49.699999999999996,25.7,39.56190476190476,46.92063492063492,23.21904761904762,38.03968253968254,44.94444444444445,21.63095238095238,36.885714285714286,43.34285714285715,20.51904761904762,35.983333333333334,41.955555555555556,19.633333333333333,35.24444444444445,40.711111111111116,18.866666666666667,34.6,39.6,18.2,34.0,38.666666666666664,17.666666666666668,0.0,10.216856695729945,16.230717639168347,1.429663452233602e-14,48.289738430583505,20.398581967998467,5.5922838619015796,53.281594327872,23.461403340679002,9.568522244578578,56.47695697997509,25.783271054900833,12.791031905720029,58.71418990131264,27.598926894701545,15.582383188016994,60.49631120053655,29.08562486027275,18.086295551084277,62.03890006706908,30.382293762575454,20.321931589537225,63.38028169014085,31.58953722334004,22.199865861837704,64.45338698859824,48.289738430583505
3hj7_A,15.8,9.6,15.8,11.733333333333333,9.508333333333333,15.799999999999999,9.6,7.819047619047619,13.395238095238094,8.35873015873016,6.424603174603175,12.055555555555555,7.579365079365079,5.233333333333333,11.014285714285714,7.0476190476190474,4.208333333333333,10.155555555555555,6.666666666666667,3.3333333333333335,9.4,6.333333333333333,2.6,8.700000000000001,6.0,2.0,8.0,5.666666666666667,0.0,25.738396624472582,39.820675105485236,1.1242764806330699e-14,39.24050632911393,50.51235684147077,15.220012055455106,47.09664456499899,59.33795459111915,23.699015471167375,52.02933494072735,66.87763713080169,30.289330922242318,55.39481615430983,73.36497890295361,35.72433192686358,57.805907172995774,78.90295358649789,40.506329113924046,59.915611814346,83.54430379746834,44.936708860759495,62.025316455696206,87.34177215189872,49.367088607594944,64.1350210970464,39.24050632911393
3hmt_A,11.7,8.4,11.7,8.688888888888888,7.491666666666666,11.700000000000001,8.4,6.890476190476191,9.685714285714285,7.214285714285714,6.535714285714286,8.53968253968254,6.321428571428572,6.3,7.838095238095239,5.590476190476191,6.141666666666667,7.422222222222222,4.9944444444444445,6.044444444444444,7.133333333333333,4.533333333333333,6.0,6.8999999999999995,4.2,6.0,6.666666666666667,4.0,0.0,25.73599240265907,35.96866096866097,-1.518253708889103e-14,28.205128205128197,41.1070411070411,17.216117216117215,38.33943833943834,44.13919413919413,27.011260344593673,45.970695970695964,46.15384615384615,33.007733007732995,52.21815221815221,47.5071225071225,36.5622032288699,57.312440645773975,48.338081671415004,39.03133903133903,61.25356125356125,48.71794871794871,41.02564102564103,64.1025641025641,48.71794871794871,43.019943019943014,65.8119658119658,28.205128205128197
3ht2_A,43.5,22.1,43.5,38.977777777777774,36.041666666666664,43.5,22.099999999999998,33.857142857142854,41.18571428571429,20.41111111111111,32.17857142857143,39.46031746031746,19.305555555555554,30.85238095238095,37.91904761904762,18.342857142857145,29.758333333333333,36.48888888888889,17.483333333333334,28.8,35.17777777777778,16.711111111111112,27.9,34.0,16.0,27.0,33.0,15.333333333333334,0.0,10.395913154533853,17.145593869731808,0.0,49.195402298850574,22.16748768472907,5.320197044334964,53.07790549169859,26.02627257799671,9.286626528005833,55.61941251596425,29.074986316365628,12.829775588396283,57.832512315270925,31.590038314176248,16.117496807151984,59.808429118773944,33.793103448275865,19.131545338441892,61.583652618135375,35.862068965517246,21.839080459770116,63.2183908045977,37.93103448275862,24.137931034482758,64.75095785440612,49.195402298850574
3id2_A,58.2,30.2,58.2,49.28888888888889,44.266666666666666,58.199999999999996,30.2,40.857142857142854,53.17460317460317,27.941269841269843,38.29761904761905,49.66269841269841,26.4047619047619,36.22380952380952,46.94761904761905,25.31904761904762,34.45,44.827777777777776,24.455555555555552,32.86666666666667,43.088888888888896,23.711111111111112,31.4,41.6,23.099999999999998,30.0,40.333333333333336,22.666666666666668,0.0,15.31118747613593,23.94043528064147,1.2208638071479384e-14,48.10996563573884,29.79872361315661,8.63470244913545,51.99094528991436,34.19653084601538,14.668903070964932,54.63099329078711,37.75977745049911,19.333987890688924,56.49648175421371,40.807560137457045,22.97632684230623,57.980145093547165,43.52806414662085,25.964108438335234,59.25925925925927,46.048109965635746,28.522336769759452,60.30927835051548,48.453608247422686,30.698739977090494,61.053837342497125,48.10996563573884
3ipj_B,15.2,12.9,15.2,13.11111111111111,11.733333333333333,15.200000000000001,12.9,10.628571428571428,14.12063492063492,11.063492063492063,9.694444444444445,13.376984126984127,9.797619047619047,8.871428571428572,12.71904761904762,8.91904761904762,8.116666666666667,12.116666666666667,8.266666666666667,7.4,11.577777777777778,7.733333333333333,6.7,11.1,7.3,6.0,10.666666666666666,7.0,0.0,13.74269005847953,22.80701754385965,-1.1686558153949017e-14,15.131578947368414,30.075187969924812,7.101086048454468,27.213868003341688,36.22076023391812,11.993525480367586,35.54197994987469,41.63533834586466,16.3220551378446,41.32205513784461,46.60087719298245,20.28508771929824,45.61403508771929,51.315789473684205,23.830409356725145,49.122807017543856,55.92105263157895,26.973684210526315,51.973684210526315,60.52631578947368,29.82456140350877,53.94736842105263,15.131578947368414
3jrr_B,51.6,16.4,51.6,42.86666666666667,38.30833333333333,51.6,16.400000000000002,35.523809523809526,46.49682539682539,14.458730158730157,33.71825396825397,43.0,13.261904761904761,32.53809523809524,40.385714285714286,12.45238095238095,31.783333333333335,38.28333333333333,11.944444444444445,31.333333333333332,36.577777777777776,11.666666666666666,31.1,35.1,11.5,31.0,33.666666666666664,11.333333333333334,0.0,16.925064599483207,25.759043927648587,0.0,68.2170542635659,31.155407899593946,9.889873261966294,71.97920511874001,34.65454657315123,16.666666666666668,74.29863418235512,36.941675895164266,21.73311184939092,75.86747877445552,38.40439276485788,25.807493540051684,76.85185185185185,39.2764857881137,29.112833763996562,77.39018087855298,39.72868217054263,31.97674418604651,77.71317829457364,39.922480620155035,34.754521963824295,78.0361757105943,68.2170542635659
3lq7_C,100.5,53.5,100.5,93.44444444444444,90.25,100.5,53.5,88.26190476190476,95.97619047619048,50.476190476190474,86.92063492063492,93.54761904761905,48.06746031746032,85.96190476190476,91.70952380952382,46.14761904761905,85.25,90.3,44.588888888888896,84.71111111111111,89.2,43.355555555555554,84.3,88.3,42.4,84.0,87.66666666666667,41.666666666666664,0.0,7.020453289110007,10.199004975124378,0.0,46.766169154228855,12.177209192134567,4.50130300876569,49.77493484956172,13.511806049119478,6.917791992418855,52.17168127615888,14.465766406064914,8.746742478085755,54.08197109689646,15.17412935323383,10.149253731343286,55.63294637921503,15.710337202874518,11.24378109452736,56.86014372581537,16.11940298507463,12.139303482587067,57.81094527363184,16.417910447761194,12.769485903814257,58.54063018242123,46.766169154228855
3m1m_A,38.1,24.0,38.1,32.044444444444444,28.833333333333332,38.1,24.0,26.68095238095238,34.53809523809524,21.03015873015873,25.150793650793652,32.32539682539683,18.857142857142858,24.057142857142857,30.614285714285714,17.261904761904763,23.275,29.105555555555554,16.02777777777778,22.711111111111112,27.755555555555556,15.0,22.3,26.599999999999998,14.1,22.0,25.666666666666668,13.333333333333334,0.0,15.893846602508022,24.32195975503063,0.0,37.00787401574804,29.971253593300844,9.348831396075495,44.80273299170938,33.98741823938674,15.156438778486013,50.50618672665917,36.85789276340458,19.64754405699288,54.693163354580676,38.91076115485565,23.60746573344999,57.932341790609506,40.390784485272675,27.150772820064162,60.62992125984252,41.46981627296588,30.183727034120746,62.99212598425196,42.257217847769034,32.6334208223972,65.00437445319335,37.00787401574804
3pji_A,15.0,7.7,15.0,12.577777777777778,11.4,15.0,7.7,10.804761904761905,13.557142857142857,5.433333333333334,10.476190476190476,12.46031746031746,4.305555555555555,10.271428571428572,11.709523809523809,3.5428571428571427,10.133333333333333,11.244444444444445,2.8833333333333333,10.044444444444444,10.977777777777776,2.3111111111111113,10.0,10.799999999999999,1.8,10.0,10.666666666666666,1.3333333333333333,0.0,16.14814814814815,23.999999999999996,0.0,48.666666666666664,27.968253968253965,9.61904761904762,63.77777777777778,30.158730158730158,16.93121693121693,71.2962962962963,31.52380952380952,21.936507936507944,76.38095238095238,32.44444444444445,25.03703703703703,80.77777777777779,33.03703703703704,26.814814814814827,84.5925925925926,33.333333333333336,28.000000000000007,88.0,33.333333333333336,28.888888888888893,91.1111111111111,48.666666666666664
3pms_A,74.9,39.4,74.9,67.97777777777777,64.65,74.89999999999999,39.4,62.542857142857144,70.6031746031746,36.08412698412698,61.0,68.02380952380953,33.94047619047619,59.838095238095235,66.39047619047619,32.38095238095238,58.99166666666667,65.14999999999999,31.277777777777775,58.422222222222224,64.04444444444444,30.444444444444443,58.1,63.0,29.7,58.0,62.0,29.0,0.0,9.24195223260645,13.684913217623498,1.8973103758614154e-14,47.396528704939925,16.49818806027084,5.736749528471845,51.823595481806436,18.558077436582114,9.18049462775764,54.685612562782126,20.109352152075793,11.3611799860131,56.76775383050417,21.23943035157989,13.017356475300417,58.24061711912181,21.999703308114526,14.493398605548153,59.3532116896603,22.42990654205608,15.887850467289724,60.34712950600801,22.5634178905207,17.22296395193592,61.281708945260355,47.396528704939925
3q4q_A,76.3,50.6,76.3,68.88888888888889,64.38333333333334,76.3,50.6,61.09047619047619,72.2968253968254,46.750793650793646,58.65079365079365,69.62698412698413,44.138888888888886,56.857142857142854,67.26190476190476,42.12380952380952,55.575,65.13888888888889,40.56111111111111,54.71111111111111,63.22222222222222,39.355555555555554,54.2,61.5,38.5,54.0,60.0,38.0,0.0,9.713120722295034,15.618173875054596,0.0,33.68283093053735,19.933845097672098,5.246624643741284,38.727662318750134,23.131332043520768,8.745761301462478,42.150866462793076,25.4821194532859,11.845472133807652,44.79186169880796,27.162516382699863,14.627930682976555,46.839959225280325,28.294742973642055,17.139944662880442,48.41997961264016,28.96461336828309,19.397116644823065,49.54128440366972,29.2267365661861,21.36304062909567,50.196592398427256,33.68283093053735
3qp3_B,20.4,9.4,20.4,16.555555555555557,14.258333333333333,20.400000000000002,9.4,12.67142857142857,18.323809523809523,6.328571428571428,11.444444444444445,16.734126984126984,4.746031746031746,10.40952380952381,15.509523809523811,3.7571428571428576,9.483333333333333,14.566666666666668,2.994444444444444,8.622222222222222,13.822222222222223,2.422222222222222,7.8,13.200000000000001,2.0,7.0,12.666666666666666,1.6666666666666667,0.0,18.84531590413942,30.10620915032679,-1.7415263131375006e-14,53.921568627450974,37.88515406162465,10.177404295051353,68.97759103641455,43.89978213507625,17.969965764083405,76.73513849984437,48.972922502334264,23.972922502334253,81.58263305322129,53.51307189542483,28.594771241830053,85.32135076252723,57.73420479302832,32.244008714596944,88.12636165577342,61.764705882352935,35.29411764705881,90.19607843137254,65.68627450980391,37.908496732026144,91.83006535947712,53.921568627450974
3tbo_A,17.1,6.9,17.1,14.555555555555555,13.3,17.099999999999998,6.8999999999999995,12.40952380952381,15.514285714285714,5.192063492063492,11.69047619047619,14.658730158730158,4.0436507936507935,11.071428571428571,14.04761904761905,3.1904761904761902,10.516666666666667,13.555555555555555,2.5277777777777777,10.0,13.111111111111112,2.0,9.5,12.700000000000001,1.5999999999999999,9.0,12.333333333333334,1.3333333333333333,0.0,14.879792072774537,22.222222222222225,2.0776103384798248e-14,59.649122807017555,27.42968532442217,9.273182957393493,69.63705560196787,31.634642160957963,14.27643182029148,76.35291933537547,35.254803675856316,17.850181008075744,81.34224450013924,38.499025341130604,20.727745289148807,85.21767381416504,41.52046783625731,23.32683560753736,88.30409356725147,44.44444444444445,25.730994152046783,90.64327485380117,47.36842105263158,27.875243664717352,92.2027290448343,59.64912280701755
3tvz_A,38.9,21.8,38.9,33.2,31.533333333333335,38.9,21.8,30.623809523809523,34.56349206349206,19.265079365079366,30.003968253968253,33.035714285714285,18.214285714285715,29.6,32.2952380952381,17.71904761904762,29.35,31.594444444444445,17.394444444444442,29.2,30.933333333333334,17.133333333333333,29.1,30.3,16.900000000000002,29.0,29.666666666666668,16.666666666666668,0.0,14.652956298200502,18.937446443873174,0.0,43.95886889460154,21.27555392336883,11.14783531235973,50.475374382829386,22.868976210878525,15.075284612559674,53.17664340800587,23.907455012853465,16.978822377279954,54.44974905129147,24.550128534704367,18.780348471865175,55.28420451299629,24.93573264781491,20.479862896315336,55.955441302485,25.192802056555266,22.107969151670947,56.55526992287917,25.44987146529563,23.736075407026558,57.15509854327335,43.95886889460154
3wmz_A,87.4,52.0,87.4,78.64444444444445,74.73333333333333,87.39999999999999,52.0,72.48571428571428,81.80634920634921,48.17301587301588,71.03968253968254,78.53174603174604,46.22222222222222,70.01904761904763,76.22857142857143,44.61428571428572,69.26666666666667,74.65555555555555,43.18888888888889,68.71111111111111,73.5111111111111,41.86666666666667,68.3,72.5,40.6,68.0,71.66666666666667,39.333333333333336,0.0,10.017798118484622,14.492753623188412,1.6259559170711673e-14,40.50343249427918,17.064400130761697,6.4000581163052574,44.88213286840289,18.7188986960154,10.146743670771128,47.11416221713705,19.886673204751006,12.78195488721805,48.95390650539392,20.747520976353933,14.581744215611504,50.58479532163743,21.383168065090267,15.891177218408352,52.09763539282991,21.853546910755156,17.04805491990847,53.54691075514874,22.196796338672772,18.001525553012968,54.99618611746758,40.50343249427918
3zrh_A,72.3,40.0,72.3,66.37777777777778,63.208333333333336,72.3,40.0,61.17619047619048,68.86984126984127,37.24761904761905,59.785714285714285,66.55952380952381,35.714285714285715,58.7952380952381,64.75714285714285,34.53333333333333,58.075,63.327777777777776,33.62222222222222,57.55555555555556,62.199999999999996,32.93333333333333,57.2,61.300000000000004,32.4,57.0,60.666666666666664,32.0,0.0,8.19117873059781,12.574919317657901,0.0,44.674965421853386,15.38562866363696,4.744341258864071,48.481854705921094,17.30883224659158,7.93980109332806,50.60264769808337,18.67878548376473,10.432720806164792,52.23605348086676,19.674965421853383,12.409712617181496,53.49623482403565,20.393422468111257,13.969571230982021,54.44905486399262,20.88520055325034,15.214384508990308,55.18672199170125,21.16182572614108,16.090364223144306,55.739972337482705,44.674965421853386
4efr_C,35.6,8.7,35.6,31.266666666666666,28.733333333333334,35.6,8.700000000000001,27.090476190476192,33.25238095238095,6.877777777777777,25.916666666666668,31.392857142857142,5.726190476190475,24.985714285714284,29.923809523809524,4.885714285714285,24.175,28.8,4.311111111111111,23.42222222222222,27.977777777777778,3.911111111111111,22.7,27.400000000000002,3.6,22.0,27.0,3.3333333333333335,0.0,12.172284644194763,19.288389513108616,0.0,75.56179775280899,23.903156768325307,6.594435527019798,80.68039950062423,27.200374531835205,11.817817014446232,83.91519529159979,29.81540930979134,15.944355270197969,86.27608346709471,32.092696629213485,19.10112359550562,87.89013732833958,34.20724094881399,21.41073657927591,89.01373283395756,36.23595505617978,23.033707865168534,89.8876404494382,38.20224719101124,24.15730337078652,90.63670411985018,75.56179775280899
4er8_A,22.1,12.3,22.1,17.91111111111111,16.241666666666667,22.099999999999998,12.299999999999999,15.261904761904763,19.253968253968253,10.768253968253967,14.59920634920635,17.865079365079364,9.924603174603176,14.114285714285714,16.942857142857143,9.423809523809524,13.741666666666667,16.266666666666666,9.022222222222222,13.444444444444445,15.733333333333334,8.644444444444444,13.2,15.299999999999999,8.299999999999999,13.0,15.0,8.0,0.0,18.954248366013076,26.50829562594269,1.607562750588462e-14,44.34389140271494,30.941607412195648,12.87797170150112,51.27486892192775,33.940242763772176,19.162536809595643,55.09229332758745,36.13445378151261,23.335488041370397,57.35832794656324,37.820512820512825,26.395173453996993,59.175465057817995,39.16540975364505,28.80844645550528,60.88486676721971,40.27149321266969,30.769230769230777,62.443438914027155,41.1764705882353,32.126696832579185,63.80090497737557,44.34389140271493
4fdw_A,74.4,59.8,74.4,69.24444444444444,67.28333333333333,74.39999999999999,59.800000000000004,66.21428571428571,70.84920634920634,56.55555555555555,65.46825396825396,69.03174603174604,54.43253968253968,64.86666666666666,67.9952380952381,52.60476190476191,64.33333333333333,67.3,51.01111111111111,63.84444444444444,66.86666666666666,49.6,63.4,66.60000000000001,48.300000000000004,63.0,66.33333333333333,47.0,0.0,6.92951015531662,9.565412186379938,1.9100611176346778e-14,19.623655913978496,11.002304147465454,4.772572111281807,23.98446833930706,12.005034988905974,7.215395118620922,26.83798429766173,12.813620071684603,8.608550947260635,29.294674859190987,13.530465949820801,9.543010752688183,31.43667861409797,14.187574671445649,10.125448028673851,33.333333333333336,14.784946236559147,10.483870967741932,35.08064516129032,15.322580645161295,10.842293906810049,36.82795698924731,19.623655913978507
4hg2_B,56.9,33.6,56.9,50.733333333333334,47.291666666666664,56.9,33.6,44.628571428571426,53.287301587301585,29.066666666666666,42.392857142857146,51.269841269841265,26.944444444444443,40.43809523809524,49.661904761904765,25.685714285714287,38.675,48.24444444444444,24.8,37.044444444444444,46.97777777777778,24.08888888888889,35.5,45.800000000000004,23.5,34.0,44.666666666666664,23.0,0.0,10.83772700644405,16.8863503222027,0.0,40.949033391915634,21.566658297765507,6.349206349206352,48.91622729935559,25.495857393924172,9.894830808714822,52.645967584456166,28.931291321449493,12.720729768181432,54.85814712528244,32.0298769771529,15.211872681116976,56.41476274165201,34.895528217145085,17.438000390548712,57.664518648701424,37.609841827768015,19.50790861159929,58.699472759226715,40.246045694200355,21.49970708845929,59.57820738137083,40.949033391915634
4i3m_A,55.1,27.1,55.1,45.53333333333333,41.80833333333333,55.1,27.099999999999998,39.29047619047619,48.419047619047625,23.015873015873016,37.111111111111114,45.50396825396825,21.07936507936508,35.06666666666667,43.919047619047625,19.83809523809524,33.13333333333333,42.93333333333334,19.033333333333335,31.31111111111111,42.06666666666667,18.466666666666665,29.6,41.199999999999996,18.0,28.0,40.333333333333336,17.666666666666668,0.0,17.362371445856024,24.12280701754387,0.0,50.81669691470055,28.692420706939764,12.125140437300137,58.228905597326644,32.64771123210324,17.415665600783573,61.743439057413646,36.35813672111312,20.29210958430558,63.996197390026786,39.866908650937695,22.081064730792495,65.45674531155474,43.17402702157693,23.653962492437984,66.48517846339989,46.27949183303085,25.22686025408349,67.33212341197822,49.18330308529946,26.799758015728973,67.9370840895342,50.81669691470054
4i4y_C,33.5,13.5,33.5,27.77777777777778,25.641666666666666,33.5,13.5,24.233333333333334,29.444444444444443,11.330158730158729,23.158730158730158,27.853174603174605,9.984126984126984,22.276190476190475,26.766666666666666,9.038095238095238,21.533333333333335,25.977777777777778,8.322222222222221,20.91111111111111,25.355555555555554,7.733333333333333,20.4,24.8,7.2,20.0,24.333333333333332,6.666666666666667,0.0,17.081260364842453,23.457711442786074,0.0,59.701492537313435,27.66169154228855,12.106135986733007,66.1786306562426,30.869462212745795,16.856195214404163,70.19663586827767,33.50390902629709,20.099502487562194,73.02061122956646,35.721393034825866,22.454394693200662,75.1575456053068,37.5787728026534,24.311774461028197,76.91542288557214,39.104477611940304,25.97014925373134,78.50746268656717,40.298507462686565,27.363184079601993,80.09950248756218,59.701492537313435
4kqd_A,47.4,19.2,47.4,43.13333333333333,40.99166666666667,47.4,19.2,39.49523809523809,44.77619047619047,15.065079365079365,38.28174603174603,43.269841269841265,13.273809523809524,37.23809523809524,42.261904761904766,12.085714285714287,36.30833333333333,41.44444444444444,11.127777777777778,35.46666666666667,40.77777777777778,10.4,34.7,40.199999999999996,9.9,34.0,39.666666666666664,9.666666666666666,0.0,9.001406469760898,13.519690576652598,0.0,59.493670886075954,16.676712879244526,5.535463130399846,68.21713214118277,19.236822717835373,8.713415042528974,71.9961824392204,21.43861764114928,10.839863371508928,74.50271247739602,23.400140646976098,12.56446319737459,76.52367557430848,25.175808720112514,13.970932958274725,78.05907172995781,26.79324894514767,15.189873417721524,79.11392405063292,28.270042194092824,16.315049226441634,79.60618846694797,59.493670886075954
4lor_A,28.5,13.6,28.5,22.488888888888887,20.041666666666668,28.5,13.6,18.704761904761906,24.49047619047619,12.757142857142858,17.805555555555557,22.261904761904763,12.261904761904761,17.166666666666668,21.023809523809522,11.823809523809523,16.725,20.166666666666668,11.433333333333332,16.42222222222222,19.333333333333332,11.066666666666668,16.2,18.5,10.700000000000001,16.0,17.666666666666668,10.333333333333334,0.0,21.091617933723203,29.678362573099413,0.0,52.280701754385966,34.36925647451963,14.068504594820384,55.238095238095234,37.524366471734886,21.888053467000834,56.97577276524646,39.76608187134503,26.23224728487887,58.51294903926483,41.315789473684205,29.23976608187134,59.883040935672526,42.37816764132554,32.163742690058484,61.169590643274844,43.1578947368421,35.08771929824562,62.456140350877185,43.85964912280702,38.01169590643275,63.742690058479525,52.280701754385966
4m18_A,46.7,26.1,46.7,42.46666666666667,39.641666666666666,46.699999999999996,26.099999999999998,37.47142857142857,44.56825396825397,21.987301587301587,35.642857142857146,42.87698412698413,19.896825396825395,34.03333333333333,41.56666666666667,18.428571428571427,32.59166666666667,40.49444444444445,17.444444444444446,31.288888888888888,39.53333333333333,16.77777777777778,30.1,38.6,16.3,29.0,37.666666666666664,16.0,0.0,9.064953604568167,15.114204139900078,1.521504787494861e-14,44.11134903640258,19.761394921994505,4.564766663267736,52.917983753101524,23.676965432854082,8.186329492539349,57.394378165256114,27.123483226266963,10.992148465381868,60.5383909452432,30.210563882940757,13.28812752795622,62.645729241018316,33.000237925291465,15.346181299072102,64.07328098976922,35.54603854389722,17.34475374732334,65.09635974304068,37.90149892933619,19.343326195574598,65.7387580299786,44.111349036402565
4mup_C,52.4,24.1,52.4,46.37777777777778,43.875,52.4,24.099999999999998,42.457142857142856,48.40793650793651,21.895238095238096,41.44047619047619,46.166666666666664,20.52777777777778,40.63809523809524,44.919047619047625,19.557142857142857,40.00833333333333,44.15555555555556,18.872222222222224,39.53333333333333,43.51111111111111,18.377777777777776,39.2,42.9,18.0,39.0,42.333333333333336,17.666666666666668,0.0,11.49279050042408,16.269083969465647,0.0,54.00763358778626,18.974918211559434,7.618441778747113,58.21519447473646,20.9151217739004,11.895674300254456,60.82485156912638,22.44638313340603,14.276626681206821,62.67720828789531,23.648218829516537,15.733672603901603,63.98430873621713,24.55470737913486,16.963528413910087,64.9279050042409,25.190839694656482,18.129770992366414,65.64885496183206,25.57251908396946,19.211195928753174,66.2849872773537,54.00763358778625
4n4u_A,59.3,39.0,59.3,52.28888888888889,49.391666666666666,59.300000000000004,39.0,47.75238095238095,54.639682539682546,36.91746031746032,46.67857142857143,52.14285714285714,35.63888888888889,45.904761904761905,50.5,34.81428571428571,45.30833333333333,49.333333333333336,34.25555555555555,44.82222222222222,48.44444444444445,33.800000000000004,44.4,47.699999999999996,33.4,44.0,47.0,33.0,0.0,11.823121603897313,16.7088251826869,-1.1982170923441826e-14,34.232715008431704,19.473219304585236,7.858882732407169,37.74458631119676,21.28402794507347,12.06938087207902,39.90069327337454,22.588934393318873,14.8397976391231,41.29125511924838,23.5947161326588,16.80719505340078,42.23346449316095,24.414465055274494,18.306164511898057,43.001686340640795,25.126475548060707,19.56155143338955,43.676222596964585,25.801011804384483,20.74198988195615,44.35075885328836,34.232715008431704
4nc7_B,44.9,36.5,44.9,40.22222222222222,37.50833333333333,44.9,36.5,35.647619047619045,42.31587301587302,34.093650793650795,34.25,40.452380952380956,32.67857142857143,33.13809523809524,39.01428571428571,31.733333333333334,32.21666666666667,37.85,30.994444444444444,31.42222222222222,36.84444444444444,30.42222222222222,30.7,35.9,30.0,30.0,35.0,29.666666666666668,0.0,10.418213313536253,16.462509279881214,0.0,18.708240534521156,20.606639092162478,5.755293951285038,24.06759288719199,23.719376391982177,9.905610351044638,27.219217308304163,26.19577897974334,13.108495068405984,29.324424647364513,28.24795842613214,15.701559020044538,30.9700569166048,30.017322444939374,17.94110368720614,32.24449393714427,31.625835189309576,20.044543429844097,33.184855233853,33.184855233853,22.048997772828507,33.92724573125464,18.708240534521156
4ose_B,41.4,22.3,41.4,32.333333333333336,29.166666666666668,41.4,22.3,27.523809523809526,34.952380952380956,19.728571428571428,26.543650793650794,32.01984126984127,18.46825396825397,25.923809523809524,30.204761904761906,17.814285714285713,25.525,28.933333333333334,17.31111111111111,25.266666666666666,27.955555555555552,16.91111111111111,25.1,27.2,16.599999999999998,25.0,26.666666666666668,16.333333333333332,0.0,21.900161030595804,29.549114331723022,0.0,46.13526570048309,33.51736829997699,15.57395905221991,52.34644582470669,35.88490146461161,22.65738823709837,55.39069089793727,37.382102599493905,27.04163791120312,56.970324361628705,38.34541062801932,30.112721417069242,58.18572195383789,38.969404186795494,32.47450348899625,59.15190552871712,39.3719806763285,34.29951690821256,59.90338164251208,39.61352657004831,35.58776167471819,60.547504025764894,46.13526570048309
4oyu_A,68.2,34.1,68.2,62.955555555555556,59.06666666666667,68.2,34.1,55.91904761904762,65.79523809523809,28.631746031746033,53.30952380952381,63.8015873015873,26.46428571428571,51.13809523809524,62.01428571428571,25.66190476190476,49.35,60.37777777777777,25.07777777777778,47.91111111111111,58.84444444444444,24.644444444444446,46.8,57.4,24.3,46.0,56.0,24.0,0.0,7.6898012381883385,13.391984359726294,0.0,50.0,18.007261555648657,3.5260438486245045,58.01796769538705,21.83354280128474,6.449285481543557,61.19606200251362,25.017455662616953,9.069962295768754,62.372573662896244,27.639296187683286,11.469534050179222,63.22906484196806,29.749103942652333,13.717823395242757,63.86445096122515,31.378299120234608,15.835777126099712,64.36950146627566,32.551319648093845,17.888563049853374,64.80938416422288,50.0
4pyr_A,45.9,21.0,45.9,39.31111111111111,35.483333333333334,45.9,21.0,32.90952380952381,42.28095238095238,17.83809523809524,31.00793650793651,39.58730158730159,16.146825396825395,29.52857142857143,37.55714285714286,15.214285714285715,28.341666666666665,35.92777777777778,14.583333333333334,27.377777777777776,34.6,14.111111111111112,26.6,33.5,13.700000000000001,26.0,32.666666666666664,13.333333333333334,0.0,14.354877753570564,22.69426289034132,0.0,54.248366013071895,28.30169104678908,7.884635335615731,61.13704741155722,32.444582771380155,13.753155583220936,64.82173116160044,35.66760037348273,18.17615935262994,66.85340802987862,38.25344952795933,21.725974340353424,68.22803195352213,40.35342532074558,24.61873638344226,69.25683853788428,42.047930283224396,27.015250544662305,70.15250544662308,43.35511982570806,28.83079157588962,70.9513435003631,54.248366013071895
4qpm_A,49.9,24.9,49.9,45.644444444444446,44.05,49.9,24.900000000000002,43.21904761904762,46.961904761904755,20.847619047619048,42.70238095238095,45.47222222222222,18.825396825396826,42.36666666666667,44.61428571428572,17.39047619047619,42.15833333333333,44.02222222222222,16.205555555555556,42.044444444444444,43.53333333333333,15.155555555555557,42.0,43.1,14.200000000000001,42.0,42.666666666666664,13.333333333333334,0.0,8.528167446003113,11.723446893787578,0.0,50.1002004008016,13.388682126157066,5.887966409008505,58.221204313388675,14.424086267773646,8.873302159875305,62.27375385692019,15.096860387441547,10.592613799026608,65.14934631167097,15.514362057448231,11.779113783121804,67.52393676241371,15.742596303718546,12.758851035404144,69.62814517924737,15.831663326653304,13.627254509018032,71.54308617234469,15.831663326653304,14.495657982631935,73.27989311957246,50.100200400801604
4rfx_C,44.1,15.3,44.1,34.93333333333333,29.058333333333334,44.1,15.299999999999999,24.97142857142857,39.44603174603174,12.861904761904762,22.03174603174603,35.654761904761905,11.277777777777779,19.876190476190477,32.41904761904762,10.214285714285714,18.291666666666668,29.683333333333334,9.38888888888889,17.155555555555555,27.400000000000002,8.666666666666666,16.4,25.5,8.0,16.0,24.0,7.333333333333333,0.0,20.786092214663654,34.10808767951625,0.0,65.3061224489796,43.37544541626174,10.553215995392877,70.83468307958104,50.04139221826297,19.15019976244466,74.42680776014109,54.92927329662023,26.48742036497139,76.83835438937479,58.5222978080121,32.69085411942555,78.71000251952633,61.098513479465865,37.868480725623584,80.34769463340893,62.81179138321996,42.17687074829932,81.859410430839,63.718820861678005,45.57823129251701,83.37112622826908,65.3061224489796
4tql_B,31.4,15.9,31.4,20.666666666666668,17.783333333333335,31.400000000000002,15.9,16.614285714285714,23.160317460317458,12.676190476190477,15.904761904761905,19.8015873015873,11.043650793650793,15.385714285714286,18.414285714285715,10.119047619047619,14.975,17.650000000000002,9.416666666666666,14.622222222222222,17.044444444444444,8.777777777777777,14.3,16.599999999999998,8.200000000000001,14.0,16.333333333333332,7.666666666666667,0.0,34.18259023354564,43.365180467091285,-1.1314374773250004e-14,49.36305732484076,47.08826205641492,26.241027196441213,59.62996663633606,49.34789202305126,36.93762005863917,64.82913759983825,51.00090991810737,41.3557779799818,67.77373369730057,52.308917197452224,43.78980891719744,70.01061571125267,53.432413305024774,45.718329794762916,72.04529370134466,54.458598726114644,47.133757961783445,73.88535031847132,55.4140127388535,47.983014861995755,75.58386411889596,49.36305732484076
4wyi_A,53.3,36.8,53.3,48.28888888888889,45.06666666666667,53.300000000000004,36.800000000000004,42.871428571428574,50.77936507936508,33.36825396825397,41.31349206349206,48.63095238095238,31.09920634920635,40.147619047619045,46.77142857142857,29.452380952380953,39.21666666666667,45.205555555555556,28.194444444444443,38.422222222222224,43.93333333333334,27.222222222222225,37.7,42.9,26.400000000000002,37.0,42.0,25.666666666666668,0.0,9.401709401709391,15.447154471544705,-1.3331008175611636e-14,30.95684803001875,19.565800053604924,4.729146192560823,37.3953959319813,22.488757854611507,8.759939247744123,41.65252092081359,24.676136871258823,12.248726882873218,44.7422496202984,26.42276422764227,15.186574942672499,47.102355638941006,27.91327913279132,17.57348342714195,48.92641234104648,29.268292682926823,19.512195121951216,50.46904315196998,30.581613508442775,21.20075046904315,51.844903064415256,30.95684803001876
4ycs_B,15.7,6.2,15.7,12.844444444444445,12.175,15.700000000000001,6.2,12.028571428571428,13.465079365079363,5.663492063492064,12.003968253968255,12.492063492063492,5.23015873015873,12.0,12.119047619047619,4.895238095238095,12.0,12.027777777777779,4.627777777777777,12.0,12.0,4.3999999999999995,12.0,12.0,4.2,12.0,12.0,4.0,0.0,18.18825194621372,22.45222929936305,-1.1314374773250004e-14,60.50955414012739,23.38489535941765,14.235163279749273,63.92680214336264,23.541603477909202,20.432716611060556,66.68688706905266,23.56687898089172,22.80861389141644,68.82013952077646,23.56687898089172,23.389950460014145,70.5237084217976,23.56687898089172,23.56687898089172,71.97452229299364,23.56687898089172,23.56687898089172,73.2484076433121,23.56687898089172,23.56687898089172,74.52229299363057,60.50955414012739
4zxf_D,48.4,16.8,48.4,41.8,38.641666666666666,48.4,16.8,36.733333333333334,44.32222222222222,13.687301587301588,35.46825396825397,41.82936507936508,11.96031746031746,34.614285714285714,40.08571428571428,10.91904761904762,34.03333333333333,38.65555555555556,10.016666666666667,33.62222222222222,37.4,9.177777777777779,33.3,36.300000000000004,8.4,33.0,35.333333333333336,7.666666666666667,0.0,13.636363636363638,20.161845730027547,0.0,65.2892561983471,24.104683195592283,8.425160697887968,71.72045126590581,26.71848353666535,13.575691984782885,75.28860028860028,28.482880755608026,17.178276269185364,77.43998425816608,29.683195592286502,20.133149678604216,79.30440771349863,30.5325987144169,22.727272727272727,81.0376492194674,31.19834710743802,24.999999999999993,82.64462809917356,31.818181818181813,26.997245179063352,84.15977961432507,65.2892561983471
5apa_A,43.1,27.6,43.1,39.08888888888889,36.583333333333336,43.1,27.599999999999998,34.628571428571426,40.94285714285714,24.726984126984124,33.00396825396825,39.51984126984127,23.4047619047619,31.6,38.319047619047616,22.53333333333333,30.35,37.26111111111111,21.87222222222222,29.2,36.266666666666666,21.37777777777778,28.1,35.300000000000004,21.0,27.0,34.333333333333336,20.666666666666668,0.0,9.306522299561747,15.119876256767204,0.0,35.962877030162424,19.655286708650987,5.0049718263175365,42.62880712996723,23.42466762420359,8.306632784591018,45.69660810960116,26.682134570765662,11.092696939564698,47.71848414539831,29.582366589327144,13.547306006702758,49.25238463521527,32.25058004640372,15.854601701469457,50.399587522557354,34.80278422273782,18.09744779582366,51.27610208816705,37.35498839907193,20.340293890177875,52.04949729311679,35.96287703016241
5els_A,51.8,30.9,51.8,44.2,41.50833333333333,51.800000000000004,30.900000000000002,40.20952380952381,46.45873015873016,28.88730158730159,39.36507936507937,43.69444444444445,27.738095238095237,38.766666666666666,42.39047619047619,26.919047619047618,38.358333333333334,41.59444444444444,26.183333333333334,38.111111111111114,40.93333333333333,25.51111111111111,38.0,40.300000000000004,24.900000000000002,38.0,39.666666666666664,24.333333333333332,0.0,14.671814671814662,19.868082368082366,-1.3717041230889966e-14,40.34749034749034,22.375436661150943,10.311331739903155,44.2330085187228,24.005638291352568,15.647790647790632,46.45155359441074,25.160875160875158,18.165103879389587,48.03272660415518,25.949163449163443,19.701844701844703,49.453024453024454,26.426426426426413,20.97812097812098,50.75075075075075,26.640926640926637,22.20077220077219,51.930501930501926,26.640926640926637,23.423423423423422,53.024453024453024,40.34749034749035
5fwh_A,41.0,27.5,41.0,35.86666666666667,33.49166666666667,41.0,27.5,31.695238095238096,37.642857142857146,25.233333333333334,30.226190476190474,36.214285714285715,23.805555555555557,29.0,35.11904761904762,22.685714285714287,27.983333333333334,34.19444444444444,21.8,27.155555555555555,33.333333333333336,21.08888888888889,26.5,32.5,20.5,26.0,31.666666666666668,20.0,0.0,12.52032520325203,18.3130081300813,0.0,32.926829268292686,22.694541231126593,8.188153310104523,38.45528455284553,26.277584204413476,11.672473867595816,41.93766937669376,29.26829268292683,14.343786295005804,44.66898954703832,31.74796747967479,16.598915989159895,46.829268292682926,33.766937669376695,18.69918699186991,48.56368563685637,35.36585365853659,20.73170731707317,50.0,36.58536585365854,22.76422764227642,51.21951219512195,32.926829268292686
5h7f_A,26.7,20.6,26.7,22.8,21.075,26.7,20.599999999999998,19.833333333333332,24.11111111111111,17.934920634920633,18.86111111111111,23.0,16.428571428571427,18.071428571428573,22.142857142857142,15.30952380952381,17.416666666666668,21.416666666666668,14.5,16.866666666666667,20.77777777777778,13.888888888888888,16.4,20.2,13.4,16.0,19.666666666666668,13.0,0.0,14.606741573033704,21.06741573033708,0.0,22.84644194756555,25.717852684144823,9.696213066999583,32.82801260329351,29.35913441531419,13.85767790262172,38.469769930444095,32.31674692348849,17.067950775815945,42.66095951489209,34.76903870162297,19.787765293383263,45.69288389513109,36.82896379525593,22.180607573865995,47.98168955472326,38.57677902621723,24.344569288389515,49.81273408239701,40.0749063670412,26.342072409488132,51.31086142322098,22.846441947565534
5htx_A,68.4,44.1,68.4,62.044444444444444,59.06666666666667,68.39999999999999,44.1,57.34285714285714,64.44761904761906,40.36666666666667,56.15079365079365,61.8968253968254,38.202380952380956,55.233333333333334,60.27619047619047,36.82857142857143,54.49166666666667,59.18333333333334,35.93888888888889,53.888888888888886,58.4,35.31111111111111,53.4,57.699999999999996,34.800000000000004,53.0,57.0,34.333333333333336,0.0,9.291747888239124,13.645224171539963,2.0776103384798248e-14,35.526315789473685,16.165413533834595,5.778334725703141,40.984405458089675,17.90819641696835,9.5075652093196,44.14856585909217,19.24951267056531,11.87691450849347,46.157059314954054,20.333820662768037,13.474658869395713,47.457764782326194,21.215074723846666,14.619883040935681,48.375568551007156,21.929824561403517,15.64327485380118,49.122807017543856,22.51461988304094,16.66666666666667,49.80506822612086,35.526315789473685
5jkq_A,54.3,24.7,54.3,47.48888888888889,44.425,54.300000000000004,24.7,42.77619047619048,50.00317460317461,21.52063492063492,41.742063492063494,47.23809523809524,19.96031746031746,41.05238095238095,45.53333333333333,19.142857142857142,40.59166666666667,44.34444444444444,18.666666666666668,40.28888888888889,43.37777777777777,18.333333333333332,40.1,42.6,18.0,40.0,42.0,17.666666666666668,0.0,12.543482709228563,18.186003683241253,-1.3085501579375695e-14,54.51197053406998,21.22248531088309,7.913122277763151,60.36715484229297,23.12695489491069,13.005349469437858,63.24066766055717,24.397088485486275,16.144874155923876,64.74611944225204,25.245549416820126,18.334356455903418,65.62308164518109,25.80315121751585,20.1145897278494,66.23695518723144,26.151012891344376,21.546961325966844,66.85082872928176,26.33517495395948,22.651933701657455,67.4647022713321,54.51197053406998
5kbe_B,51.4,33.5,51.4,45.68888888888889,42.2,51.4,33.5,40.02857142857143,48.45396825396825,31.3031746031746,38.68650793650794,45.92460317460317,30.043650793650794,37.89047619047619,43.804761904761904,29.047619047619047,37.45,41.99444444444445,28.11111111111111,37.22222222222222,40.422222222222224,27.222222222222225,37.1,39.1,26.400000000000002,37.0,38.0,25.666666666666668,0.0,11.111111111111107,17.898832684824896,0.0,34.824902723735406,22.123401889938847,5.731579272435311,39.09888209499105,24.734420356988448,10.652523006608616,41.549317522080166,26.28312025199184,14.776727811747268,43.48712247544932,27.140077821011666,18.29874621703415,45.309122351923904,27.5832252485949,21.35754431474275,47.03847816688283,27.821011673151748,23.92996108949416,48.638132295719835,28.015564202334627,26.070038910505833,50.06485084306095,34.824902723735406
5o75_A,4.2,0.7,4.2,1.7333333333333334,0.9583333333333334,4.2,0.7000000000000001,0.5523809523809524,2.373015873015873,0.16666666666666666,0.3134920634920635,1.6666666666666667,0.027777777777777776,0.16666666666666666,1.2142857142857142,0.0,0.075,0.8888888888888888,0.0,0.022222222222222223,0.6666666666666666,0.0,0.0,0.5,0.0,0.0,0.3333333333333333,0.0,0.0,58.730158730158735,77.18253968253968,0.0,83.33333333333333,86.84807256235828,43.499622071050645,96.03174603174602,92.53590325018897,60.31746031746031,99.33862433862434,96.03174603174602,71.08843537414965,100.0,98.21428571428571,78.83597883597884,100.0,99.47089947089948,84.12698412698413,100.0,100.0,88.09523809523809,100.0,100.0,92.06349206349206,100.0,83.33333333333333
6c8v_A,70.1,40.2,70.1,64.06666666666666,61.3,70.10000000000001,40.199999999999996,59.77142857142857,66.32380952380952,37.404761904761905,58.916666666666664,64.01190476190476,35.76587301587302,58.43809523809524,62.23333333333333,34.733333333333334,58.175,60.911111111111104,33.93888888888889,58.044444444444444,59.97777777777778,33.31111111111111,58.0,59.300000000000004,32.800000000000004,58.0,58.666666666666664,32.333333333333336,0.0,8.606752258678076,12.553495007132666,-2.027226064936092e-14,42.65335235378032,14.734053393111873,5.386862305549899,46.6408532029074,15.953399904897761,8.684871951633717,48.97878314426102,16.636098091162278,11.222063718497386,50.451735615786966,17.0114122681883,13.108258044064039,51.58503724837533,17.1976541448724,14.439689332699306,52.4805832937074,17.261055634807413,15.406562054208262,53.20970042796005,17.261055634807413,16.310033285782215,53.875416072277694,42.653352353780306
6elm_A,5.5,2.3,5.5,4.2,3.8,5.5,2.3000000000000003,3.6142857142857143,4.538095238095238,1.6587301587301588,3.5,4.1190476190476195,1.2103174603174602,3.4,3.8714285714285714,0.8476190476190476,3.3,3.766666666666667,0.5444444444444444,3.2,3.733333333333333,0.2888888888888889,3.1,3.6999999999999997,0.09999999999999999,3.0,3.6666666666666665,0.0,0.0,23.63636363636363,30.909090909090914,0.0,58.18181818181818,34.285714285714285,17.489177489177493,69.84126984126983,36.36363636363637,25.1082251082251,77.994227994228,38.18181818181818,29.61038961038961,84.5887445887446,40.00000000000001,31.515151515151505,90.1010101010101,41.81818181818181,32.12121212121213,94.74747474747474,43.63636363636363,32.727272727272734,98.18181818181819,45.45454545454545,33.333333333333336,100.0,58.18181818181818
6i9s_B,8.5,9.6,8.5,5.288888888888889,4.05,8.5,9.6,3.342857142857143,6.292063492063492,7.32063492063492,2.9007936507936507,5.257936507936508,5.944444444444444,2.6,4.5095238095238095,4.942857142857143,2.3833333333333333,3.983333333333333,4.155555555555556,2.2222222222222223,3.6,3.511111111111111,2.1,3.3000000000000003,3.0,2.0,3.0,2.6666666666666665,0.0,37.77777777777778,52.35294117647059,0.0,-12.941176470588232,60.67226890756302,25.97572362278245,13.874883286647997,65.87301587301587,38.14192343604108,30.06535947712419,69.41176470588235,46.94677871148459,41.84873949579831,71.9607843137255,53.137254901960794,51.11111111111111,73.85620915032679,57.64705882352942,58.692810457516345,75.29411764705883,61.17647058823528,64.70588235294117,76.47058823529412,64.70588235294117,68.62745098039215,-12.941176470588232
6os5_A,65.9,36.0,65.9,60.955555555555556,58.641666666666666,65.89999999999999,36.0,57.09047619047619,62.75238095238095,33.76349206349206,55.88095238095238,61.0515873015873,32.72222222222222,54.87619047619047,59.919047619047625,31.919047619047618,54.016666666666666,59.044444444444444,31.322222222222223,53.266666666666666,58.28888888888889,30.844444444444445,52.6,57.6,30.400000000000002,52.0,57.0,30.0,0.0,7.50295059855,11.014162873039968,2.1564271191505315e-14,45.37177541729894,13.36801792036998,4.776356673170034,48.76556591275864,15.203410651058611,7.357227159958587,50.345641544427586,16.728087289544053,9.075800274586314,51.56441939446493,18.0323722812342,10.402967459113142,52.470072500421516,19.170460293373807,11.549485752824149,53.195076715562294,20.182094081942342,12.594840667678307,53.86949924127465,21.092564491654027,13.505311077389992,54.476479514415786,45.37177541729894
6p0g_A,22.4,29.3,22.4,19.333333333333332,17.916666666666668,22.400000000000002,29.3,17.223809523809525,20.51904761904762,27.34920634920635,16.833333333333332,19.142857142857142,26.146825396825395,16.571428571428573,18.261904761904763,25.271428571428572,16.375,17.75,24.566666666666666,16.22222222222222,17.444444444444446,23.933333333333334,16.1,17.2,23.3,16.0,17.0,22.666666666666668,0.0,13.69047619047619,20.014880952380942,-1.5860328923216522e-14,-30.80357142857144,23.1079931972789,8.39710884353741,-22.094671201814077,24.851190476190474,14.540816326530608,-16.726899092970523,26.020408163265294,18.473639455782305,-12.818877551020417,26.897321428571423,20.75892857142857,-9.672619047619055,27.57936507936508,22.12301587301586,-6.845238095238102,28.124999999999993,23.21428571428571,-4.017857142857153,28.57142857142857,24.107142857142854,-1.1904761904762022,-30.80357142857144
6pse_B,30.4,17.5,30.4,26.4,24.558333333333334,30.400000000000002,17.5,23.333333333333332,27.833333333333332,15.066666666666668,22.30952380952381,26.392857142857142,13.607142857142856,21.366666666666667,25.542857142857144,12.566666666666668,20.475,24.994444444444444,11.855555555555556,19.622222222222224,24.53333333333333,11.31111111111111,18.8,24.099999999999998,10.799999999999999,18.0,23.666666666666668,10.333333333333334,0.0,13.157894736842106,19.216008771929822,-1.1686558153949017e-14,42.43421052631578,23.24561403508772,8.44298245614035,50.43859649122806,26.613408521303253,13.181390977443606,55.23966165413535,29.71491228070175,15.977443609022549,58.66228070175437,32.648026315789465,17.781432748538013,61.001461988304094,35.453216374269005,19.298245614035093,62.792397660818715,38.1578947368421,20.723684210526322,64.47368421052633,40.78947368421052,22.149122807017534,66.00877192982455,42.43421052631578
6qpr_A,45.3,22.0,45.3,39.6,36.21666666666667,45.300000000000004,22.0,33.87619047619047,42.2031746031746,17.99206349206349,32.12698412698413,39.92857142857143,16.174603174603174,30.785714285714285,38.19047619047619,15.052380952380952,29.758333333333333,36.75,14.200000000000001,28.977777777777778,35.44444444444444,13.577777777777778,28.4,34.300000000000004,13.1,28.0,33.333333333333336,12.666666666666666,0.0,12.582781456953633,20.05150846210448,-1.5685270105079476e-14,51.43487858719646,25.218122569115945,6.8362591541399444,60.28242054732121,29.07950523844563,11.857458215074098,64.29447422824906,32.04036581520025,15.69431304530642,66.771785977084,34.30831493745401,18.87417218543046,68.65342163355407,36.031395634044635,21.756193279372084,70.02698062300712,37.306843267108164,24.282560706401753,71.08167770419425,38.18984547461368,26.416482707873424,72.03826342899191,51.43487858719646
6r1g_B,49.0,24.3,49.0,43.266666666666666,40.358333333333334,49.0,24.3,38.733333333333334,45.63333333333333,22.246031746031747,37.817460317460316,43.23412698412699,20.678571428571427,37.27619047619048,41.31428571428571,19.39047619047619,36.90833333333333,39.83888888888889,18.288888888888888,36.6,38.800000000000004,17.377777777777776,36.3,38.199999999999996,16.7,36.0,38.0,16.333333333333332,0.0,11.700680272108846,17.636054421768705,0.0,50.40816326530612,20.95238095238095,6.87074829931973,54.59993521218011,22.821509556203438,11.767087787495944,57.798833819241985,23.926141885325553,15.685131195335286,60.42759961127309,24.676870748299326,18.69614512471655,62.67573696145125,25.306122448979586,20.816326530612237,64.53514739229024,25.91836734693878,22.04081632653062,65.91836734693877,26.53061224489796,22.448979591836736,66.66666666666667,50.40816326530612
6vzw_B,89.2,46.5,89.2,80.75555555555556,76.71666666666667,89.2,46.5,74.05238095238096,83.9063492063492,43.782539682539685,72.11904761904762,81.0,41.70634920634921,70.73333333333333,79.01428571428572,40.01428571428571,69.75,77.15555555555555,38.62777777777778,69.04444444444445,75.39999999999999,37.4,68.5,73.7,36.199999999999996,68.0,72.0,35.0,0.0,9.46686596910812,13.99476831091181,0.0,47.869955156950674,16.981635703608795,5.934586091536768,50.91643533347569,19.149049754430923,9.192825112107625,53.24400313189551,20.702541106128553,11.418962203715564,55.140935297885974,21.80493273542601,13.502740408570014,56.69531639262581,22.59591429995017,15.470852017937233,58.07174887892376,23.206278026905835,17.376681614349774,59.4170403587444,23.766816143497763,19.282511210762333,60.76233183856502,47.869955156950674
6y4z_B,69.0,42.7,69.0,63.22222222222222,60.50833333333333,69.0,42.699999999999996,59.05714285714286,65.45238095238095,40.128571428571426,58.242063492063494,63.07936507936508,38.46825396825397,57.75714285714286,61.34761904761905,37.41428571428572,57.45,60.12777777777777,36.67777777777778,57.24444444444445,59.28888888888889,36.044444444444444,57.1,58.699999999999996,35.5,57.0,58.333333333333336,35.0,0.0,8.373590982286634,12.306763285024156,0.0,38.115942028985515,14.409937888198758,5.14147688060732,41.842650103519674,15.591212330342762,8.580630319760749,44.24890729238555,16.293995859213247,11.090407177363698,45.77639751552794,16.739130434782606,12.858293075684388,46.84380032206119,17.03703703703703,14.07407407407407,47.76167471819646,17.2463768115942,14.927536231884064,48.55072463768116,17.391304347826086,15.45893719806763,49.27536231884058,38.1159420289855
6y93_A,31.6,24.8,31.6,25.488888888888887,22.916666666666668,31.599999999999998,24.8,21.266666666666666,27.51111111111111,23.16190476190476,19.944444444444443,25.444444444444443,22.0515873015873,18.80952380952381,24.28571428571429,21.157142857142855,17.783333333333335,23.333333333333332,20.461111111111112,16.822222222222223,22.555555555555557,19.955555555555556,15.9,21.900000000000002,19.599999999999998,15.0,21.333333333333332,19.333333333333332,0.0,19.338959212376942,27.4789029535865,1.1242764806330699e-14,21.518987341772153,32.70042194092827,12.939521800281303,26.70283303194696,36.884669479606195,19.479606188466956,30.21649588105285,40.476190476190474,23.14647377938517,33.04701627486439,43.72362869198312,26.160337552742625,35.249648382559776,46.76511954992968,28.62165963431786,36.849507735583686,49.68354430379747,30.696202531645564,37.97468354430381,52.53164556962026,32.489451476793256,38.81856540084389,21.518987341772153
6ywn_A,43.3,25.9,43.3,38.77777777777778,36.61666666666667,43.300000000000004,25.900000000000002,35.32857142857143,40.509523809523806,22.685714285714287,34.44047619047619,38.73412698412698,20.702380952380953,33.77142857142857,37.542857142857144,19.404761904761905,33.24166666666667,36.68888888888889,18.61111111111111,32.8,35.97777777777778,18.11111111111111,32.4,35.300000000000004,17.7,32.0,34.666666666666664,17.333333333333332,0.0,10.44393122915062,15.434949961508847,-1.6409762950579683e-14,40.18475750577367,18.409765753876602,6.444517760914993,47.60805014846585,20.460794017376,10.544741376150155,52.18849664577147,22.005938634114145,13.29594193335532,55.185307379302756,23.229407236335636,15.268154991018726,57.018219142930455,24.24942263279446,16.91044393122914,58.17295355401591,25.173210161662816,18.47575057736719,59.12240184757506,26.096997690531175,19.93841416474211,59.96920708237106,40.18475750577367
6zul_E,52.2,28.7,52.2,46.4,43.95,52.199999999999996,28.7,42.357142857142854,48.319047619047616,26.328571428571426,41.1468253968254,46.45634920634921,24.876984126984127,40.13809523809524,45.180952380952384,23.895238095238096,39.25,44.23888888888889,23.155555555555555,38.44444444444444,43.51111111111111,22.51111111111111,37.7,42.9,21.900000000000002,37.0,42.333333333333336,21.333333333333332,0.0,11.11111111111112,15.804597701149424,1.3611929803833337e-14,45.01915708812261,18.856048166393006,7.434774676153997,49.56212370005474,21.174663990755946,11.003162439944049,52.34294228547102,23.10709724502828,13.44645137748586,54.22368180988871,24.80842911877395,15.251170710940833,55.640698169433804,26.351638995317167,16.645381013197106,56.875266070668374,27.777777777777775,17.816091954022998,58.04597701149425,29.118773946360157,18.901660280970628,59.131545338441896,45.01915708812261
7bkf_A,49.6,26.2,49.6,43.53333333333333,41.041666666666664,49.6,26.2,39.08095238095238,45.371428571428574,22.042857142857144,37.42460317460318,43.96031746031746,19.96825396825397,35.96666666666667,42.79047619047619,18.547619047619047,34.641666666666666,41.75555555555555,17.555555555555554,33.4,40.800000000000004,16.88888888888889,32.2,39.9,16.400000000000002,31.0,39.0,16.0,0.0,12.231182795698931,17.254704301075275,0.0,47.17741935483871,21.207757296466973,8.525345622119813,55.55875576036866,24.54717101894521,11.370327700972862,59.74142345110087,27.486559139784944,13.728878648233486,62.605606758832565,30.157930107526884,15.815412186379936,64.6057347670251,32.66129032258065,17.741935483870964,65.94982078853046,35.08064516129032,19.55645161290323,66.93548387096774,37.5,21.370967741935488,67.74193548387096,47.17741935483871
