protein_name,base_mean,fine_mean,fine_best1,filter_k1,filter_k2,filter_k3,filter_k4,filter_k5,filter_k6,filter_k7,filter_k8,filter_k9,filter_k10,red_filter_k1,red_filter_k2,red_filter_k3,red_filter_k4,red_filter_k5,red_filter_k6,red_filter_k7,red_filter_k8,red_filter_k9,red_filter_k10,red_fine
1jxm_A,64.2,35.4,35.4,64.2,54.46666666666667,50.3,48.12380952380953,46.76984126984127,45.77619047619048,44.958333333333336,44.24444444444445,43.6,43.0,0.0,15.160955347871237,21.651090342679133,25.040795134253077,27.14977995351827,28.697522622756264,29.971443406022846,31.0834198684666,32.087227414330215,33.02180685358256,44.859813084112155
1og1_A,56.9,30.0,30.0,56.9,49.71111111111111,45.975,43.62380952380953,41.97222222222222,40.69047619047619,39.61666666666667,38.666666666666664,37.8,37.0,0.0,12.634251122827575,19.200351493848853,23.332496443217,26.235110330013672,28.4877395597958,30.374926772114815,32.04452255418864,33.5676625659051,34.973637961335676,47.27592267135325
1qw2_A,102.9,71.4,71.4,102.9,96.4,93.75,92.4047619047619,91.49603174603175,90.77142857142857,90.175,89.68888888888888,89.3,89.0,0.0,6.316812439261419,8.892128279883387,10.199453931232368,11.082573619016772,11.786755518533948,12.366375121477171,12.838786308174074,13.216715257531591,13.50826044703596,30.612244897959183
1s29_A,19.4,21.9,21.9,19.4,16.644444444444446,15.841666666666667,15.504761904761905,15.305555555555555,15.166666666666666,15.075,15.022222222222222,15.0,15.0,0.0,14.203894616265739,18.341924398625423,20.07854688267059,21.10538373424971,21.821305841924396,22.293814432989688,22.565864833906065,22.680412371134015,22.680412371134015,-12.88659793814433
1y4m_A,15.0,5.6,5.6,15.0,9.622222222222222,7.15,5.857142857142857,5.071428571428571,4.504761904761905,4.041666666666667,3.6444444444444444,3.3,3.0,0.0,35.851851851851855,52.333333333333336,60.95238095238095,66.19047619047619,69.96825396825398,73.05555555555556,75.70370370370371,78.0,80.0,62.666666666666664
1y9l_A,16.5,10.7,10.7,16.5,14.488888888888889,13.558333333333334,13.0,12.587301587301587,12.233333333333333,11.908333333333333,11.6,11.3,11.0,0.0,12.188552188552189,17.828282828282827,21.21212121212121,23.713323713323717,25.85858585858586,27.82828282828283,29.6969696969697,31.51515151515151,33.333333333333336,35.151515151515156
1zx4_C,41.8,29.3,29.3,41.8,37.24444444444445,34.90833333333333,33.24285714285714,31.904761904761905,30.733333333333334,29.666666666666668,28.68888888888889,27.8,27.0,0.0,10.898458266879306,16.48724082934609,20.471633629528366,23.672818409660508,26.475279106858046,29.027113237639547,31.36629452418925,33.49282296650717,35.4066985645933,29.904306220095684
2bk8_A,8.1,7.4,7.4,8.1,6.066666666666666,5.033333333333333,4.347619047619047,3.8134920634920637,3.3666666666666667,2.975,2.6222222222222222,2.3,2.0,0.0,25.102880658436213,37.86008230452675,46.32569077013522,52.91985106799921,58.43621399176954,63.27160493827161,67.62688614540467,71.60493827160494,75.30864197530865,8.641975308641968
2c5u_A,68.0,34.3,34.3,68.0,62.51111111111111,60.125,58.67142857142857,57.67063492063492,56.92857142857143,56.34166666666667,55.84444444444444,55.4,55.0,0.0,8.071895424836597,11.580882352941176,13.718487394957984,15.19024276377218,16.281512605042014,17.14460784313725,17.875816993464056,18.529411764705884,19.11764705882353,49.55882352941177
2efx_F,39.0,22.2,22.2,39.0,34.644444444444446,32.666666666666664,31.428571428571427,30.52777777777778,29.87142857142857,29.416666666666668,29.133333333333333,29.0,29.0,0.0,11.168091168091165,16.239316239316246,19.41391941391942,21.723646723646723,23.40659340659341,24.57264957264957,25.2991452991453,25.641025641025642,25.641025641025642,43.07692307692308
2fck_A,69.1,34.5,34.5,69.1,63.17777777777778,60.025,57.96666666666667,56.52777777777778,55.53809523809524,54.88333333333333,54.46666666666667,54.2,54.0,0.0,8.570509728252125,13.133140376266276,16.11191509889049,18.194243447499588,19.626490248776783,20.57404727448142,21.177038109020735,21.562952243125892,21.852387843704772,50.072358900144714
2fdr_A,40.8,19.6,19.6,40.8,36.4,34.791666666666664,33.88095238095238,33.27777777777778,32.838095238095235,32.50833333333333,32.266666666666666,32.1,32.0,0.0,10.784313725490193,14.726307189542483,16.958450046685336,18.43681917211328,19.514472455648928,20.32271241830065,20.91503267973856,21.323529411764696,21.568627450980387,51.96078431372548
2fno_A,84.1,39.3,39.3,84.1,77.73333333333333,74.3,72.0952380952381,70.61507936507937,69.60952380952381,68.93333333333334,68.4888888888889,68.2,68.0,0.0,7.570352754657147,11.652794292508917,14.274389898646723,16.034388388728452,17.230054923277276,18.034086405073314,18.562557801558977,18.906064209274664,19.143876337693218,53.269916765755056
2gj8_B,77.6,41.6,41.6,77.6,72.11111111111111,69.05833333333334,66.89047619047619,65.28571428571429,64.06190476190476,63.09166666666667,62.28888888888889,61.6,61.0,0.0,7.073310423825877,11.00730240549827,13.800932744231705,15.86892488954343,17.445999018163967,18.69630584192439,19.730813287514312,20.618556701030922,21.391752577319583,46.39175257731958
2gs9_A,68.1,45.6,45.6,68.1,63.111111111111114,61.43333333333333,60.49523809523809,59.861111111111114,59.37619047619047,58.975,58.62222222222222,58.3,58.0,0.0,7.325828030673834,9.789525208027408,11.167051255156977,12.098221569587196,12.810292986504436,13.399412628487509,13.91744167074563,14.390602055800292,14.83113069016152,33.0396475770925
2gt4_C,40.0,31.4,31.4,40.0,36.51111111111111,35.141666666666666,34.352380952380955,33.857142857142854,33.53809523809524,33.333333333333336,33.2,33.1,33.0,0.0,8.722222222222218,12.145833333333336,14.119047619047615,15.357142857142865,16.154761904761905,16.66666666666666,16.999999999999993,17.249999999999996,17.5,21.500000000000004
2ich_A,45.7,12.6,12.6,45.7,38.111111111111114,34.7,32.8,31.563492063492063,30.64761904761905,29.891666666666666,29.22222222222222,28.6,28.0,0.0,16.60588378312667,24.070021881838073,28.22757111597375,30.933277760411244,32.93737626341565,34.59153902261124,36.05640651592512,37.41794310722101,38.7308533916849,72.4288840262582
2idl_B,30.3,13.0,13.0,30.3,26.88888888888889,24.833333333333332,23.295238095238094,22.015873015873016,20.88095238095238,19.833333333333332,18.844444444444445,17.9,17.0,0.0,11.257792445911258,18.041804180418048,23.11802608832312,27.340353082927344,31.085965739431092,34.543454345434554,37.80711404473781,40.92409240924093,43.8943894389439,57.0957095709571
2pt5_B,18.3,13.0,13.0,18.3,13.977777777777778,11.775,10.31904761904762,9.253968253968255,8.471428571428572,7.9,7.488888888888889,7.2,7.0,0.0,23.618700667880997,35.65573770491803,43.61176164454853,49.431867464654346,53.7080405932865,56.830601092896174,59.07710989678203,60.655737704918046,61.748633879781416,28.961748633879786
2r6v_A,70.1,41.2,41.2,70.1,62.733333333333334,59.78333333333333,58.423809523809524,57.71031746031746,57.25714285714286,56.90833333333333,56.6,56.3,56.0,0.0,10.508796956728474,14.717070851164998,16.65647714149853,17.674297488848122,18.320766252292636,18.818354731336182,19.258202567760335,19.68616262482168,20.114122681883018,41.2268188302425
2rfr_A,111.2,58.7,58.7,111.2,105.64444444444445,103.475,102.1952380952381,101.30952380952381,100.64285714285714,100.10833333333333,99.66666666666667,99.3,99.0,0.0,4.996003197442048,6.946942446043174,8.097807468311066,8.894313120931828,9.493833504624877,9.974520383693047,10.371702637889685,10.701438848920867,10.971223021582736,47.21223021582734
2vn8_A,62.3,47.4,47.4,62.3,54.55555555555556,50.325,47.60476190476191,45.69047619047619,44.24761904761905,43.108333333333334,42.2,41.5,41.0,0.0,12.43088995897984,19.221508828250396,23.58786211113658,26.660551861193913,28.976534433998314,30.80524344569288,32.26324237560192,33.3868378812199,34.18940609951845,23.916532905296947
2wjj_B,38.2,24.5,24.5,38.2,34.82222222222222,33.19166666666667,32.21904761904762,31.555555555555557,31.066666666666666,30.7,30.42222222222222,30.2,30.0,0.0,8.842350203606753,13.110820244328094,15.656943405634504,17.39383362420012,18.67364746945899,19.63350785340315,20.3606748109366,20.942408376963357,21.46596858638744,35.86387434554974
2wjr_A,43.2,24.8,24.8,43.2,37.37777777777778,34.325,32.333333333333336,30.896825396825395,29.8,28.933333333333334,28.22222222222222,27.6,27.0,0.0,13.477366255144034,20.54398148148148,25.15432098765432,28.47957084068196,31.018518518518523,33.0246913580247,34.67078189300412,36.111111111111114,37.5,42.592592592592595
2x7p_A,58.4,36.8,36.8,58.4,51.24444444444445,48.583333333333336,47.2,46.44444444444444,45.99047619047619,45.675,45.422222222222224,45.2,45.0,0.0,12.252663622526631,16.8093607305936,19.178082191780813,20.47184170471842,21.249184605348994,21.78938356164384,22.222222222222214,22.60273972602739,22.945205479452053,36.986301369863014
2yn0_A,22.5,11.3,11.3,22.5,18.57777777777778,16.975,16.0,15.253968253968255,14.633333333333333,14.108333333333333,13.666666666666666,13.3,13.0,0.0,17.43209876543209,24.55555555555555,28.88888888888889,32.20458553791887,34.96296296296297,37.2962962962963,39.25925925925926,40.888888888888886,42.22222222222222,49.77777777777778
3adl_A,15.3,12.7,12.7,15.3,11.266666666666667,8.908333333333333,7.338095238095238,6.190476190476191,5.309523809523809,4.608333333333333,4.022222222222222,3.5,3.0,0.0,26.361655773420477,41.77559912854031,52.038593215063806,59.53937130407719,65.29723000311235,69.880174291939,73.71096586782862,77.12418300653594,80.3921568627451,16.99346405228759
3bfo_D,10.0,8.5,8.5,10.0,6.444444444444445,4.675,3.376190476190476,2.361111111111111,1.5666666666666667,0.9583333333333334,0.5111111111111111,0.2,0.0,0.0,35.55555555555556,53.25,66.23809523809523,76.38888888888889,84.33333333333334,90.41666666666666,94.88888888888889,98.00000000000001,100.0,15.0
3bkv_A,52.7,23.9,23.9,52.7,48.93333333333333,46.44166666666667,44.56190476190476,42.98015873015873,41.56666666666667,40.275,39.08888888888889,38.0,37.0,0.0,7.147375079063895,11.875395319418088,15.442305954639922,18.443721574651377,21.125869702719793,23.57685009487667,25.827535315201352,27.89373814041746,29.79127134724858,54.64895635673625
3cbn_A,34.6,16.1,16.1,34.6,31.955555555555556,30.666666666666668,29.85238095238095,29.273809523809526,28.83809523809524,28.508333333333333,28.266666666666666,28.1,28.0,0.0,7.6429030186255655,11.36801541425819,13.721442334159105,15.393614093036057,16.65290393614093,17.605973025048176,18.304431599229293,18.786127167630056,19.075144508670522,53.46820809248555
3d5l_A,40.3,24.9,24.9,40.3,35.4,32.891666666666666,31.261904761904763,30.107142857142858,29.238095238095237,28.558333333333334,28.0,27.5,27.0,0.0,12.15880893300248,18.382961124896607,22.427035330261127,25.292449485997867,27.44889519083067,29.13564929693961,30.52109181141439,31.761786600496276,33.00248138957816,38.21339950372208
3dhu_A,93.2,50.8,50.8,93.2,88.82222222222222,86.625,84.96190476190476,83.69444444444444,82.73809523809524,82.03333333333333,81.53333333333333,81.2,81.0,0.0,4.697186456843111,7.054721030042921,8.839157980788885,10.19909394372914,11.22521970161455,11.981402002861236,12.517882689556515,12.875536480686694,13.090128755364809,45.49356223175967
3eaf_A,83.1,34.8,34.8,83.1,75.86666666666666,72.65833333333333,70.89047619047619,69.66269841269842,68.67619047619047,67.83333333333333,67.11111111111111,66.5,66.0,0.0,8.704372242278382,12.565182511030883,14.692567761159811,16.170038011193235,17.357171508796057,18.37144003208985,19.240540179168327,19.97593261131167,20.577617328519853,58.12274368231047
3eki_A,74.7,38.5,38.5,74.7,66.77777777777777,63.93333333333333,62.44285714285714,61.47222222222222,60.74761904761905,60.166666666666664,59.68888888888889,59.3,59.0,0.0,10.605384500966842,14.41320838911201,16.40849110728629,17.707868511081365,18.67788614776567,19.455600178491753,20.09519559720363,20.61579651941098,21.01740294511379,48.46050870147256
3fnr_A,80.3,42.2,42.2,80.3,72.22222222222223,67.43333333333334,64.16190476190476,61.75396825396825,59.833333333333336,58.18333333333333,56.68888888888889,55.3,54.0,0.0,10.05949910059498,16.023246160232453,20.09725434382968,23.09592994524501,25.487754254877537,27.542548775425487,29.40362529403625,31.133250311332503,32.75217932752179,47.447073474470734
3fz4_A,19.6,21.7,21.7,19.6,15.71111111111111,13.95,12.785714285714286,11.94047619047619,11.304761904761905,10.825,10.466666666666667,10.2,10.0,0.0,19.84126984126985,28.82653061224491,34.7667638483965,39.07920310981537,42.32264334305151,44.770408163265316,46.59863945578232,47.9591836734694,48.9795918367347,-10.714285714285701
3g73_B,36.6,14.0,14.0,36.6,30.977777777777778,28.291666666666668,26.585714285714285,25.376984126984127,24.485714285714284,23.833333333333332,23.377777777777776,23.1,23.0,0.0,15.361262902246514,22.700364298724956,27.361436377829822,30.66397779512534,33.099141295862616,34.88160291438981,36.12629022465089,36.885245901639344,37.15846994535519,61.748633879781416
3g74_F,10.0,11.2,11.2,10.0,6.777777777777778,5.275,4.533333333333333,4.119047619047619,3.8380952380952382,3.6083333333333334,3.4,3.2,3.0,0.0,32.22222222222222,47.24999999999999,54.666666666666664,58.80952380952382,61.61904761904761,63.916666666666664,66.0,68.0,70.0,-11.999999999999993
3gg7_A,49.7,25.7,25.7,49.7,44.62222222222222,41.63333333333333,39.56190476190476,38.03968253968254,36.885714285714286,35.983333333333334,35.24444444444445,34.6,34.0,0.0,10.216856695729945,16.230717639168347,20.398581967998467,23.461403340679002,25.783271054900833,27.598926894701545,29.08562486027275,30.382293762575454,31.58953722334004,48.289738430583505
3hj7_A,15.8,9.6,9.6,15.8,11.733333333333333,9.508333333333333,7.819047619047619,6.424603174603175,5.233333333333333,4.208333333333333,3.3333333333333335,2.6,2.0,0.0,25.738396624472582,39.820675105485236,50.51235684147077,59.33795459111915,66.87763713080169,73.36497890295361,78.90295358649789,83.54430379746834,87.34177215189872,39.24050632911393
3hmt_A,11.7,8.4,8.4,11.7,8.688888888888888,7.491666666666666,6.890476190476191,6.535714285714286,6.3,6.141666666666667,6.044444444444444,6.0,6.0,0.0,25.73599240265907,35.96866096866097,41.1070411070411,44.13919413919413,46.15384615384615,47.5071225071225,48.338081671415004,48.71794871794871,48.71794871794871,28.205128205128197
3ht2_A,43.5,22.1,22.1,43.5,38.977777777777774,36.041666666666664,33.857142857142854,32.17857142857143,30.85238095238095,29.758333333333333,28.8,27.9,27.0,0.0,10.395913154533853,17.145593869731808,22.16748768472907,26.02627257799671,29.074986316365628,31.590038314176248,33.793103448275865,35.862068965517246,37.93103448275862,49.195402298850574
3id2_A,58.2,30.2,30.2,58.2,49.28888888888889,44.266666666666666,40.857142857142854,38.29761904761905,36.22380952380952,34.45,32.86666666666667,31.4,30.0,0.0,15.31118747613593,23.94043528064147,29.79872361315661,34.19653084601538,37.75977745049911,40.807560137457045,43.52806414662085,46.048109965635746,48.453608247422686,48.10996563573884
3ipj_B,15.2,12.9,12.9,15.2,13.11111111111111,11.733333333333333,10.628571428571428,9.694444444444445,8.871428571428572,8.116666666666667,7.4,6.7,6.0,0.0,13.74269005847953,22.80701754385965,30.075187969924812,36.22076023391812,41.63533834586466,46.60087719298245,51.315789473684205,55.92105263157895,60.52631578947368,15.131578947368414
3jrr_B,51.6,16.4,16.4,51.6,42.86666666666667,38.30833333333333,35.523809523809526,33.71825396825397,32.53809523809524,31.783333333333335,31.333333333333332,31.1,31.0,0.0,16.925064599483207,25.759043927648587,31.155407899593946,34.65454657315123,36.941675895164266,38.40439276485788,39.2764857881137,39.72868217054263,39.922480620155035,68.2170542635659
3lq7_C,100.5,53.5,53.5,100.5,93.44444444444444,90.25,88.26190476190476,86.92063492063492,85.96190476190476,85.25,84.71111111111111,84.3,84.0,0.0,7.020453289110007,10.199004975124378,12.177209192134567,13.511806049119478,14.465766406064914,15.17412935323383,15.710337202874518,16.11940298507463,16.417910447761194,46.766169154228855
3m1m_A,38.1,24.0,24.0,38.1,32.044444444444444,28.833333333333332,26.68095238095238,25.150793650793652,24.057142857142857,23.275,22.711111111111112,22.3,22.0,0.0,15.893846602508022,24.32195975503063,29.971253593300844,33.98741823938674,36.85789276340458,38.91076115485565,40.390784485272675,41.46981627296588,42.257217847769034,37.00787401574804
3pji_A,15.0,7.7,7.7,15.0,12.577777777777778,11.4,10.804761904761905,10.476190476190476,10.271428571428572,10.133333333333333,10.044444444444444,10.0,10.0,0.0,16.14814814814815,23.999999999999996,27.968253968253965,30.158730158730158,31.52380952380952,32.44444444444445,33.03703703703704,33.333333333333336,33.333333333333336,48.666666666666664
3pms_A,74.9,39.4,39.4,74.9,67.97777777777777,64.65,62.542857142857144,61.0,59.838095238095235,58.99166666666667,58.422222222222224,58.1,58.0,0.0,9.24195223260645,13.684913217623498,16.49818806027084,18.558077436582114,20.109352152075793,21.23943035157989,21.999703308114526,22.42990654205608,22.5634178905207,47.396528704939925
3q4q_A,76.3,50.6,50.6,76.3,68.88888888888889,64.38333333333334,61.09047619047619,58.65079365079365,56.857142857142854,55.575,54.71111111111111,54.2,54.0,0.0,9.713120722295034,15.618173875054596,19.933845097672098,23.131332043520768,25.4821194532859,27.162516382699863,28.294742973642055,28.96461336828309,29.2267365661861,33.68283093053735
3qp3_B,20.4,9.4,9.4,20.4,16.555555555555557,14.258333333333333,12.67142857142857,11.444444444444445,10.40952380952381,9.483333333333333,8.622222222222222,7.8,7.0,0.0,18.84531590413942,30.10620915032679,37.88515406162465,43.89978213507625,48.972922502334264,53.51307189542483,57.73420479302832,61.764705882352935,65.68627450980391,53.921568627450974
3tbo_A,17.1,6.9,6.9,17.1,14.555555555555555,13.3,12.40952380952381,11.69047619047619,11.071428571428571,10.516666666666667,10.0,9.5,9.0,0.0,14.879792072774537,22.222222222222225,27.42968532442217,31.634642160957963,35.254803675856316,38.499025341130604,41.52046783625731,44.44444444444445,47.36842105263158,59.64912280701755
3tvz_A,38.9,21.8,21.8,38.9,33.2,31.533333333333335,30.623809523809523,30.003968253968253,29.6,29.35,29.2,29.1,29.0,0.0,14.652956298200502,18.937446443873174,21.27555392336883,22.868976210878525,23.907455012853465,24.550128534704367,24.93573264781491,25.192802056555266,25.44987146529563,43.95886889460154
3wmz_A,87.4,52.0,52.0,87.4,78.64444444444445,74.73333333333333,72.48571428571428,71.03968253968254,70.01904761904763,69.26666666666667,68.71111111111111,68.3,68.0,0.0,10.017798118484622,14.492753623188412,17.064400130761697,18.7188986960154,19.886673204751006,20.747520976353933,21.383168065090267,21.853546910755156,22.196796338672772,40.50343249427918
3zrh_A,72.3,40.0,40.0,72.3,66.37777777777778,63.208333333333336,61.17619047619048,59.785714285714285,58.7952380952381,58.075,57.55555555555556,57.2,57.0,0.0,8.19117873059781,12.574919317657901,15.38562866363696,17.30883224659158,18.67878548376473,19.674965421853383,20.393422468111257,20.88520055325034,21.16182572614108,44.674965421853386
4efr_C,35.6,8.7,8.7,35.6,31.266666666666666,28.733333333333334,27.090476190476192,25.916666666666668,24.985714285714284,24.175,23.42222222222222,22.7,22.0,0.0,12.172284644194763,19.288389513108616,23.903156768325307,27.200374531835205,29.81540930979134,32.092696629213485,34.20724094881399,36.23595505617978,38.20224719101124,75.56179775280899
4er8_A,22.1,12.3,12.3,22.1,17.91111111111111,16.241666666666667,15.261904761904763,14.59920634920635,14.114285714285714,13.741666666666667,13.444444444444445,13.2,13.0,0.0,18.954248366013076,26.50829562594269,30.941607412195648,33.940242763772176,36.13445378151261,37.820512820512825,39.16540975364505,40.27149321266969,41.1764705882353,44.34389140271493
4fdw_A,74.4,59.8,59.8,74.4,69.24444444444444,67.28333333333333,66.21428571428571,65.46825396825396,64.86666666666666,64.33333333333333,63.84444444444444,63.4,63.0,0.0,6.92951015531662,9.565412186379938,11.002304147465454,12.005034988905974,12.813620071684603,13.530465949820801,14.187574671445649,14.784946236559147,15.322580645161295,19.623655913978507
4hg2_B,56.9,33.6,33.6,56.9,50.733333333333334,47.291666666666664,44.628571428571426,42.392857142857146,40.43809523809524,38.675,37.044444444444444,35.5,34.0,0.0,10.83772700644405,16.8863503222027,21.566658297765507,25.495857393924172,28.931291321449493,32.0298769771529,34.895528217145085,37.609841827768015,40.246045694200355,40.949033391915634
4i3m_A,55.1,27.1,27.1,55.1,45.53333333333333,41.80833333333333,39.29047619047619,37.111111111111114,35.06666666666667,33.13333333333333,31.31111111111111,29.6,28.0,0.0,17.362371445856024,24.12280701754387,28.692420706939764,32.64771123210324,36.35813672111312,39.866908650937695,43.17402702157693,46.27949183303085,49.18330308529946,50.81669691470054
4i4y_C,33.5,13.5,13.5,33.5,27.77777777777778,25.641666666666666,24.233333333333334,23.158730158730158,22.276190476190475,21.533333333333335,20.91111111111111,20.4,20.0,0.0,17.081260364842453,23.457711442786074,27.66169154228855,30.869462212745795,33.50390902629709,35.721393034825866,37.5787728026534,39.104477611940304,40.298507462686565,59.701492537313435
4kqd_A,47.4,19.2,19.2,47.4,43.13333333333333,40.99166666666667,39.49523809523809,38.28174603174603,37.23809523809524,36.30833333333333,35.46666666666667,34.7,34.0,0.0,9.001406469760898,13.519690576652598,16.676712879244526,19.236822717835373,21.43861764114928,23.400140646976098,25.175808720112514,26.79324894514767,28.270042194092824,59.493670886075954
4lor_A,28.5,13.6,13.6,28.5,22.488888888888887,20.041666666666668,18.704761904761906,17.805555555555557,17.166666666666668,16.725,16.42222222222222,16.2,16.0,0.0,21.091617933723203,29.678362573099413,34.36925647451963,37.524366471734886,39.76608187134503,41.315789473684205,42.37816764132554,43.1578947368421,43.85964912280702,52.280701754385966
4m18_A,46.7,26.1,26.1,46.7,42.46666666666667,39.641666666666666,37.47142857142857,35.642857142857146,34.03333333333333,32.59166666666667,31.288888888888888,30.1,29.0,0.0,9.064953604568167,15.114204139900078,19.761394921994505,23.676965432854082,27.123483226266963,30.210563882940757,33.000237925291465,35.54603854389722,37.90149892933619,44.111349036402565
4mup_C,52.4,24.1,24.1,52.4,46.37777777777778,43.875,42.457142857142856,41.44047619047619,40.63809523809524,40.00833333333333,39.53333333333333,39.2,39.0,0.0,11.49279050042408,16.269083969465647,18.974918211559434,20.9151217739004,22.44638313340603,23.648218829516537,24.55470737913486,25.190839694656482,25.57251908396946,54.00763358778625
4n4u_A,59.3,39.0,39.0,59.3,52.28888888888889,49.391666666666666,47.75238095238095,46.67857142857143,45.904761904761905,45.30833333333333,44.82222222222222,44.4,44.0,0.0,11.823121603897313,16.7088251826869,19.473219304585236,21.28402794507347,22.588934393318873,23.5947161326588,24.414465055274494,25.126475548060707,25.801011804384483,34.232715008431704
4nc7_B,44.9,36.5,36.5,44.9,40.22222222222222,37.50833333333333,35.647619047619045,34.25,33.13809523809524,32.21666666666667,31.42222222222222,30.7,30.0,0.0,10.418213313536253,16.462509279881214,20.606639092162478,23.719376391982177,26.19577897974334,28.24795842613214,30.017322444939374,31.625835189309576,33.184855233853,18.708240534521156
4ose_B,41.4,22.3,22.3,41.4,32.333333333333336,29.166666666666668,27.523809523809526,26.543650793650794,25.923809523809524,25.525,25.266666666666666,25.1,25.0,0.0,21.900161030595804,29.549114331723022,33.51736829997699,35.88490146461161,37.382102599493905,38.34541062801932,38.969404186795494,39.3719806763285,39.61352657004831,46.13526570048309
4oyu_A,68.2,34.1,34.1,68.2,62.955555555555556,59.06666666666667,55.91904761904762,53.30952380952381,51.13809523809524,49.35,47.91111111111111,46.8,46.0,0.0,7.6898012381883385,13.391984359726294,18.007261555648657,21.83354280128474,25.017455662616953,27.639296187683286,29.749103942652333,31.378299120234608,32.551319648093845,50.0
4pyr_A,45.9,21.0,21.0,45.9,39.31111111111111,35.483333333333334,32.90952380952381,31.00793650793651,29.52857142857143,28.341666666666665,27.377777777777776,26.6,26.0,0.0,14.354877753570564,22.69426289034132,28.30169104678908,32.444582771380155,35.66760037348273,38.25344952795933,40.35342532074558,42.047930283224396,43.35511982570806,54.248366013071895
4qpm_A,49.9,24.9,24.9,49.9,45.644444444444446,44.05,43.21904761904762,42.70238095238095,42.36666666666667,42.15833333333333,42.044444444444444,42.0,42.0,0.0,8.528167446003113,11.723446893787578,13.388682126157066,14.424086267773646,15.096860387441547,15.514362057448231,15.742596303718546,15.831663326653304,15.831663326653304,50.100200400801604
4rfx_C,44.1,15.3,15.3,44.1,34.93333333333333,29.058333333333334,24.97142857142857,22.03174603174603,19.876190476190477,18.291666666666668,17.155555555555555,16.4,16.0,0.0,20.786092214663654,34.10808767951625,43.37544541626174,50.04139221826297,54.92927329662023,58.5222978080121,61.098513479465865,62.81179138321996,63.718820861678005,65.3061224489796
4tql_B,31.4,15.9,15.9,31.4,20.666666666666668,17.783333333333335,16.614285714285714,15.904761904761905,15.385714285714286,14.975,14.622222222222222,14.3,14.0,0.0,34.18259023354564,43.365180467091285,47.08826205641492,49.34789202305126,51.00090991810737,52.308917197452224,53.432413305024774,54.458598726114644,55.4140127388535,49.36305732484076
4wyi_A,53.3,36.8,36.8,53.3,48.28888888888889,45.06666666666667,42.871428571428574,41.31349206349206,40.147619047619045,39.21666666666667,38.422222222222224,37.7,37.0,0.0,9.401709401709391,15.447154471544705,19.565800053604924,22.488757854611507,24.676136871258823,26.42276422764227,27.91327913279132,29.268292682926823,30.581613508442775,30.95684803001876
4ycs_B,15.7,6.2,6.2,15.7,12.844444444444445,12.175,12.028571428571428,12.003968253968255,12.0,12.0,12.0,12.0,12.0,0.0,18.18825194621372,22.45222929936305,23.38489535941765,23.541603477909202,23.56687898089172,23.56687898089172,23.56687898089172,23.56687898089172,23.56687898089172,60.50955414012739
4zxf_D,48.4,16.8,16.8,48.4,41.8,38.641666666666666,36.733333333333334,35.46825396825397,34.614285714285714,34.03333333333333,33.62222222222222,33.3,33.0,0.0,13.636363636363638,20.161845730027547,24.104683195592283,26.71848353666535,28.482880755608026,29.683195592286502,30.5325987144169,31.19834710743802,31.818181818181813,65.2892561983471
5apa_A,43.1,27.6,27.6,43.1,39.08888888888889,36.583333333333336,34.628571428571426,33.00396825396825,31.6,30.35,29.2,28.1,27.0,0.0,9.306522299561747,15.119876256767204,19.655286708650987,23.42466762420359,26.682134570765662,29.582366589327144,32.25058004640372,34.80278422273782,37.35498839907193,35.96287703016241
5els_A,51.8,30.9,30.9,51.8,44.2,41.50833333333333,40.20952380952381,39.36507936507937,38.766666666666666,38.358333333333334,38.111111111111114,38.0,38.0,0.0,14.671814671814662,19.868082368082366,22.375436661150943,24.005638291352568,25.160875160875158,25.949163449163443,26.426426426426413,26.640926640926637,26.640926640926637,40.34749034749035
5fwh_A,41.0,27.5,27.5,41.0,35.86666666666667,33.49166666666667,31.695238095238096,30.226190476190474,29.0,27.983333333333334,27.155555555555555,26.5,26.0,0.0,12.52032520325203,18.3130081300813,22.694541231126593,26.277584204413476,29.26829268292683,31.74796747967479,33.766937669376695,35.36585365853659,36.58536585365854,32.926829268292686
5h7f_A,26.7,20.6,20.6,26.7,22.8,21.075,19.833333333333332,18.86111111111111,18.071428571428573,17.416666666666668,16.866666666666667,16.4,16.0,0.0,14.606741573033704,21.06741573033708,25.717852684144823,29.35913441531419,32.31674692348849,34.76903870162297,36.82896379525593,38.57677902621723,40.0749063670412,22.846441947565534
5htx_A,68.4,44.1,44.1,68.4,62.044444444444444,59.06666666666667,57.34285714285714,56.15079365079365,55.233333333333334,54.49166666666667,53.888888888888886,53.4,53.0,0.0,9.291747888239124,13.645224171539963,16.165413533834595,17.90819641696835,19.24951267056531,20.333820662768037,21.215074723846666,21.929824561403517,22.51461988304094,35.526315789473685
5jkq_A,54.3,24.7,24.7,54.3,47.48888888888889,44.425,42.77619047619048,41.742063492063494,41.05238095238095,40.59166666666667,40.28888888888889,40.1,40.0,0.0,12.543482709228563,18.186003683241253,21.22248531088309,23.12695489491069,24.397088485486275,25.245549416820126,25.80315121751585,26.151012891344376,26.33517495395948,54.51197053406998
5kbe_B,51.4,33.5,33.5,51.4,45.68888888888889,42.2,40.02857142857143,38.68650793650794,37.89047619047619,37.45,37.22222222222222,37.1,37.0,0.0,11.111111111111107,17.898832684824896,22.123401889938847,24.734420356988448,26.28312025199184,27.140077821011666,27.5832252485949,27.821011673151748,28.015564202334627,34.824902723735406
5o75_A,4.2,0.7,0.7,4.2,1.7333333333333334,0.9583333333333334,0.5523809523809524,0.3134920634920635,0.16666666666666666,0.075,0.022222222222222223,0.0,0.0,0.0,58.730158730158735,77.18253968253968,86.84807256235828,92.53590325018897,96.03174603174602,98.21428571428571,99.47089947089948,100.0,100.0,83.33333333333333
6c8v_A,70.1,40.2,40.2,70.1,64.06666666666666,61.3,59.77142857142857,58.916666666666664,58.43809523809524,58.175,58.044444444444444,58.0,58.0,0.0,8.606752258678076,12.553495007132666,14.734053393111873,15.953399904897761,16.636098091162278,17.0114122681883,17.1976541448724,17.261055634807413,17.261055634807413,42.653352353780306
6elm_A,5.5,2.3,2.3,5.5,4.2,3.8,3.6142857142857143,3.5,3.4,3.3,3.2,3.1,3.0,0.0,23.63636363636363,30.909090909090914,34.285714285714285,36.36363636363637,38.18181818181818,40.00000000000001,41.81818181818181,43.63636363636363,45.45454545454545,58.18181818181818
6i9s_B,8.5,9.6,9.6,8.5,5.288888888888889,4.05,3.342857142857143,2.9007936507936507,2.6,2.3833333333333333,2.2222222222222223,2.1,2.0,0.0,37.77777777777778,52.35294117647059,60.67226890756302,65.87301587301587,69.41176470588235,71.9607843137255,73.85620915032679,75.29411764705883,76.47058823529412,-12.941176470588232
6os5_A,65.9,36.0,36.0,65.9,60.955555555555556,58.641666666666666,57.09047619047619,55.88095238095238,54.87619047619047,54.016666666666666,53.266666666666666,52.6,52.0,0.0,7.50295059855,11.014162873039968,13.36801792036998,15.203410651058611,16.728087289544053,18.0323722812342,19.170460293373807,20.182094081942342,21.092564491654027,45.37177541729894
6p0g_A,22.4,29.3,29.3,22.4,19.333333333333332,17.916666666666668,17.223809523809525,16.833333333333332,16.571428571428573,16.375,16.22222222222222,16.1,16.0,0.0,13.69047619047619,20.014880952380942,23.1079931972789,24.851190476190474,26.020408163265294,26.897321428571423,27.57936507936508,28.124999999999993,28.57142857142857,-30.80357142857144
6pse_B,30.4,17.5,17.5,30.4,26.4,24.558333333333334,23.333333333333332,22.30952380952381,21.366666666666667,20.475,19.622222222222224,18.8,18.0,0.0,13.157894736842106,19.216008771929822,23.24561403508772,26.613408521303253,29.71491228070175,32.648026315789465,35.453216374269005,38.1578947368421,40.78947368421052,42.43421052631578
6qpr_A,45.3,22.0,22.0,45.3,39.6,36.21666666666667,33.87619047619047,32.12698412698413,30.785714285714285,29.758333333333333,28.977777777777778,28.4,28.0,0.0,12.582781456953633,20.05150846210448,25.218122569115945,29.07950523844563,32.04036581520025,34.30831493745401,36.031395634044635,37.306843267108164,38.18984547461368,51.43487858719646
6r1g_B,49.0,24.3,24.3,49.0,43.266666666666666,40.358333333333334,38.733333333333334,37.817460317460316,37.27619047619048,36.90833333333333,36.6,36.3,36.0,0.0,11.700680272108846,17.636054421768705,20.95238095238095,22.821509556203438,23.926141885325553,24.676870748299326,25.306122448979586,25.91836734693878,26.53061224489796,50.40816326530612
6vzw_B,89.2,46.5,46.5,89.2,80.75555555555556,76.71666666666667,74.05238095238096,72.11904761904762,70.73333333333333,69.75,69.04444444444445,68.5,68.0,0.0,9.46686596910812,13.99476831091181,16.981635703608795,19.149049754430923,20.702541106128553,21.80493273542601,22.59591429995017,23.206278026905835,23.766816143497763,47.869955156950674
6y4z_B,69.0,42.7,42.7,69.0,63.22222222222222,60.50833333333333,59.05714285714286,58.242063492063494,57.75714285714286,57.45,57.24444444444445,57.1,57.0,0.0,8.373590982286634,12.306763285024156,14.409937888198758,15.591212330342762,16.293995859213247,16.739130434782606,17.03703703703703,17.2463768115942,17.391304347826086,38.1159420289855
6y93_A,31.6,24.8,24.8,31.6,25.488888888888887,22.916666666666668,21.266666666666666,19.944444444444443,18.80952380952381,17.783333333333335,16.822222222222223,15.9,15.0,0.0,19.338959212376942,27.4789029535865,32.70042194092827,36.884669479606195,40.476190476190474,43.72362869198312,46.76511954992968,49.68354430379747,52.53164556962026,21.518987341772153
6ywn_A,43.3,25.9,25.9,43.3,38.77777777777778,36.61666666666667,35.32857142857143,34.44047619047619,33.77142857142857,33.24166666666667,32.8,32.4,32.0,0.0,10.44393122915062,15.434949961508847,18.409765753876602,20.460794017376,22.005938634114145,23.229407236335636,24.24942263279446,25.173210161662816,26.096997690531175,40.18475750577367
6zul_E,52.2,28.7,28.7,52.2,46.4,43.95,42.357142857142854,41.1468253968254,40.13809523809524,39.25,38.44444444444444,37.7,37.0,0.0,11.11111111111112,15.804597701149424,18.856048166393006,21.174663990755946,23.10709724502828,24.80842911877395,26.351638995317167,27.777777777777775,29.118773946360157,45.01915708812261
7bkf_A,49.6,26.2,26.2,49.6,43.53333333333333,41.041666666666664,39.08095238095238,37.42460317460318,35.96666666666667,34.641666666666666,33.4,32.2,31.0,0.0,12.231182795698931,17.254704301075275,21.207757296466973,24.54717101894521,27.486559139784944,30.157930107526884,32.66129032258065,35.08064516129032,37.5,47.17741935483871
