protein_name,base,finetuned
1jxm_A,7.1331058020477816,5.631399317406144
1og1_A,0.045871559633027525,0.18348623853211007
1qw2_A,0.18617021276595744,0.2127659574468085
1s29_A,0.11904761904761904,0.11904761904761904
1y4m_A,0.5185185185185185,0.0
1y9l_A,0.0,0.0
1zx4_C,0.10869565217391304,0.21739130434782608
2bk8_A,0.3370786516853933,0.22471910112359553
2c5u_A,0.054495912806539516,0.027247956403269758
2efx_F,0.0,0.0
2fck_A,0.05780346820809249,0.028901734104046246
2fdr_A,0.04524886877828054,0.0
2fno_A,0.020833333333333336,0.020833333333333336
2gj8_B,0.4878048780487805,0.03048780487804878
2gs9_A,0.32019704433497537,0.22167487684729065
2gt4_C,0.0,0.06578947368421054
2ich_A,0.0,0.03058103975535168
2idl_B,0.045871559633027525,0.0
2pt5_B,0.125,0.0
2r6v_A,0.0,0.0
2rfr_A,0.0,0.0
2vn8_A,0.16666666666666669,0.16666666666666669
2wjj_B,0.125,0.125
2wjr_A,0.0,0.0
2x7p_A,0.16393442622950818,0.0
2yn0_A,0.0,0.0
3adl_A,0.0,0.0
3bfo_D,0.12048192771084339,0.3614457831325302
3bkv_A,0.11538461538461539,0.0
3cbn_A,0.0,0.0
3d5l_A,0.0,0.0
3dhu_A,0.04597701149425287,0.04597701149425287
3eaf_A,0.026525198938992044,0.0
3eki_A,0.025316455696202535,0.0
3fnr_A,0.04444444444444444,0.0
3fz4_A,0.17857142857142858,0.44642857142857145
3g73_B,22.94776119402985,22.798507462686565
3g74_F,0.0,0.0
3gg7_A,0.16666666666666669,0.04166666666666667
3hj7_A,0.0,0.0
3hmt_A,0.5376344086021505,0.0
3ht2_A,0.0,0.21897810218978103
3id2_A,0.426829268292683,0.2439024390243903
3ipj_B,0.0,0.0
3jrr_B,0.3669724770642202,0.045871559633027525
3lq7_C,0.022123893805309734,0.022123893805309734
3m1m_A,0.0,0.03058103975535168
3pji_A,0.0,0.0
3pms_A,0.0,0.0
3q4q_A,0.1404494382022472,0.08426966292134833
3qp3_B,0.42105263157894735,0.7368421052631579
3tbo_A,0.0,0.0
3tvz_A,0.06097560975609756,0.0
3wmz_A,0.0,0.0
3zrh_A,2.10762331838565,1.7264573991031391
4b6d_C,0.0,0.0
4efr_C,0.0,0.0
4er8_A,0.0,0.06369426751592357
4fdw_A,0.0,0.02544529262086514
4hg2_B,0.040160642570281124,0.040160642570281124
4i3m_A,0.02994011976047904,0.08982035928143713
4i4y_C,0.0,0.0
4kqd_A,0.0,0.08849557522123894
4lor_A,15.723076923076922,7.815384615384616
4m18_A,1.2709832134292565,0.07194244604316546
4mup_C,0.0,0.0
4n4u_A,0.06430868167202572,0.09646302250803859
4nc7_B,0.11764705882352941,0.0
4ose_B,0.03546099290780142,0.0
4oyu_A,4.920212765957447,5.1861702127659575
4pyr_A,0.03367003367003367,0.0
4qpm_A,0.660919540229885,0.4885057471264368
4rfx_C,5.377358490566038,6.367924528301887
4tql_B,1.072961373390558,0.6008583690987125
4wyi_A,0.050761421319796954,0.0
4ycs_B,0.0,0.0
4zxf_D,0.49689440993788814,0.09316770186335403
5apa_A,0.04878048780487805,0.0975609756097561
5els_A,0.047619047619047616,0.0
5fwh_A,0.0,0.0
5h7f_A,0.05747126436781609,0.22988505747126436
5htx_A,0.02320185614849188,0.04640371229698376
5jkq_A,0.036231884057971016,0.0
5kbe_B,0.02262443438914027,0.04524886877828054
5o75_A,0.0,0.0
6c8v_A,0.026595744680851064,0.026595744680851064
6elm_A,0.0,0.0
6i9s_B,0.25773195876288657,0.20618556701030927
6os5_A,0.0,0.054495912806539516
6p0g_A,0.0,0.11299435028248588
6pse_B,12.722772277227723,12.821782178217822
6qpr_A,0.056657223796033995,0.0
6r1g_B,0.18404907975460122,0.0
6vzw_B,2.2696629213483144,2.3146067415730336
6y4z_B,3.2193732193732196,3.1339031339031336
6y93_A,0.11363636363636362,0.07575757575757576
6ywn_A,0.056338028169014086,0.11267605633802817
6zul_E,0.0,0.0
7bkf_A,0.0746268656716418,0.11194029850746268
7m10_A,0.0,0.0
