protein_name,model,seq_idx,protein_length,n_windows_valid,n_windows_dropped,propred_alleles,propred_windows,netmhc_total,iedb_hits
3bfo_D,base,0,91,83,0,22.0,9,0,0.0
3bfo_D,base,1,91,83,0,22.0,10,12,0.0
3bfo_D,base,2,91,83,0,23.0,12,2,0.0
3bfo_D,base,3,91,83,0,24.0,11,10,0.0
3bfo_D,base,4,91,83,0,23.0,10,10,0.0
3bfo_D,base,5,91,83,0,27.0,10,15,0.0
3bfo_D,base,6,91,83,0,20.0,8,10,0.0
3bfo_D,base,7,91,83,0,17.0,11,7,0.0
3bfo_D,base,8,91,83,0,32.0,12,22,0.0
3bfo_D,base,9,91,83,0,15.0,9,12,0.0
3bfo_D,finetuned,0,91,83,0,20.0,9,4,0.0
3bfo_D,finetuned,1,91,83,0,15.0,6,6,0.0
3bfo_D,finetuned,2,91,83,0,20.0,8,8,0.0
3bfo_D,finetuned,3,91,83,0,16.0,7,8,0.0
3bfo_D,finetuned,4,91,83,0,22.0,11,0,0.0
3bfo_D,finetuned,5,91,83,0,16.0,8,7,0.0
3bfo_D,finetuned,6,91,83,0,16.0,8,15,0.0
3bfo_D,finetuned,7,91,83,0,15.0,7,13,0.0
3bfo_D,finetuned,8,91,83,0,17.0,10,4,0.0
3bfo_D,finetuned,9,91,83,0,20.0,11,20,0.0
2wjj_B,base,0,168,160,0,52.0,25,37,0.0
2wjj_B,base,1,168,160,0,64.0,29,44,0.0
2wjj_B,base,2,168,160,0,59.0,27,30,0.0
2wjj_B,base,3,168,160,0,57.0,29,37,0.0
2wjj_B,base,4,168,160,0,71.0,29,32,0.0
2wjj_B,base,5,168,160,0,67.0,30,33,0.0
2wjj_B,base,6,168,160,0,58.0,28,37,0.0
2wjj_B,base,7,168,160,0,77.0,30,47,0.0
2wjj_B,base,8,168,160,0,72.0,33,41,0.0
2wjj_B,base,9,168,160,0,72.0,32,44,0.0
2wjj_B,finetuned,0,168,160,0,44.0,21,14,0.0
2wjj_B,finetuned,1,168,160,0,57.0,28,32,0.0
2wjj_B,finetuned,2,168,160,0,51.0,24,25,0.0
2wjj_B,finetuned,3,168,160,0,54.0,24,17,0.0
2wjj_B,finetuned,4,168,160,0,53.0,24,29,0.0
2wjj_B,finetuned,5,168,160,0,64.0,28,25,0.0
2wjj_B,finetuned,6,168,160,0,49.0,25,19,0.0
2wjj_B,finetuned,7,168,160,0,55.0,25,28,0.0
2wjj_B,finetuned,8,168,160,0,58.0,30,19,0.0
2wjj_B,finetuned,9,168,160,0,58.0,30,37,0.0
6r1g_B,base,0,171,163,0,47.0,20,36,0.0
6r1g_B,base,1,171,163,0,63.0,27,54,0.0
6r1g_B,base,2,171,163,0,55.0,25,40,0.0
6r1g_B,base,3,171,163,0,46.0,24,58,0.0
6r1g_B,base,4,171,163,0,55.0,26,49,0.0
6r1g_B,base,5,171,163,0,59.0,27,63,0.0
6r1g_B,base,6,171,163,0,43.0,20,39,0.0
6r1g_B,base,7,171,163,0,40.0,22,39,0.0
6r1g_B,base,8,171,163,0,60.0,24,55,0.0
6r1g_B,base,9,171,163,0,59.0,27,57,0.0
6r1g_B,finetuned,0,171,163,0,43.0,18,14,0.0
6r1g_B,finetuned,1,171,163,0,49.0,24,32,0.0
6r1g_B,finetuned,2,171,163,0,43.0,21,19,0.0
6r1g_B,finetuned,3,171,163,0,41.0,21,28,0.0
6r1g_B,finetuned,4,171,163,0,37.0,17,27,0.0
6r1g_B,finetuned,5,171,163,0,44.0,23,20,0.0
6r1g_B,finetuned,6,171,163,0,52.0,28,31,0.0
6r1g_B,finetuned,7,171,163,0,43.0,19,29,0.0
6r1g_B,finetuned,8,171,163,0,55.0,25,16,0.0
6r1g_B,finetuned,9,171,163,0,52.0,23,27,0.0
3g74_F,base,0,100,92,0,35.0,17,7,0.0
3g74_F,base,1,100,92,0,39.0,17,5,0.0
3g74_F,base,2,100,92,0,49.0,17,5,0.0
3g74_F,base,3,100,92,0,40.0,16,17,0.0
3g74_F,base,4,100,92,0,45.0,17,3,0.0
3g74_F,base,5,100,92,0,35.0,15,10,0.0
3g74_F,base,6,100,92,0,26.0,15,15,0.0
3g74_F,base,7,100,92,0,44.0,17,17,0.0
3g74_F,base,8,100,92,0,29.0,11,6,0.0
3g74_F,base,9,100,92,0,36.0,19,15,0.0
3g74_F,finetuned,0,100,92,0,45.0,18,17,0.0
3g74_F,finetuned,1,100,92,0,40.0,17,16,0.0
3g74_F,finetuned,2,100,92,0,48.0,18,5,0.0
3g74_F,finetuned,3,100,92,0,37.0,15,9,0.0
3g74_F,finetuned,4,100,92,0,35.0,15,0,0.0
3g74_F,finetuned,5,100,92,0,46.0,16,11,0.0
3g74_F,finetuned,6,100,92,0,38.0,16,8,0.0
3g74_F,finetuned,7,100,92,0,41.0,18,7,0.0
3g74_F,finetuned,8,100,92,0,62.0,20,27,0.0
3g74_F,finetuned,9,100,92,0,25.0,14,12,0.0
3pji_A,base,0,141,133,0,43.0,19,10,0.0
3pji_A,base,1,141,133,0,24.0,12,10,0.0
3pji_A,base,2,141,133,0,49.0,20,12,0.0
3pji_A,base,3,141,133,0,21.0,11,13,0.0
3pji_A,base,4,141,133,0,46.0,14,12,0.0
3pji_A,base,5,141,133,0,42.0,16,15,0.0
3pji_A,base,6,141,133,0,44.0,15,20,0.0
3pji_A,base,7,141,133,0,41.0,17,19,0.0
3pji_A,base,8,141,133,0,34.0,14,20,0.0
3pji_A,base,9,141,133,0,50.0,15,19,0.0
3pji_A,finetuned,0,141,133,0,33.0,14,4,0.0
3pji_A,finetuned,1,141,133,0,27.0,14,6,0.0
3pji_A,finetuned,2,141,133,0,56.0,21,19,0.0
3pji_A,finetuned,3,141,133,0,42.0,14,0,0.0
3pji_A,finetuned,4,141,133,0,34.0,15,9,0.0
3pji_A,finetuned,5,141,133,0,29.0,13,15,0.0
3pji_A,finetuned,6,141,133,0,35.0,15,0,0.0
3pji_A,finetuned,7,141,133,0,48.0,16,9,0.0
3pji_A,finetuned,8,141,133,0,35.0,18,8,0.0
3pji_A,finetuned,9,141,133,0,27.0,15,7,0.0
1y9l_A,base,0,115,107,0,20.0,13,15,0.0
1y9l_A,base,1,115,107,0,27.0,14,14,0.0
1y9l_A,base,2,115,107,0,17.0,12,14,0.0
1y9l_A,base,3,115,107,0,21.0,14,18,0.0
1y9l_A,base,4,115,107,0,22.0,12,11,0.0
1y9l_A,base,5,115,107,0,21.0,11,16,0.0
1y9l_A,base,6,115,107,0,13.0,11,22,0.0
1y9l_A,base,7,115,107,0,33.0,17,20,0.0
1y9l_A,base,8,115,107,0,18.0,12,15,0.0
1y9l_A,base,9,115,107,0,19.0,15,20,0.0
1y9l_A,finetuned,0,115,107,0,19.0,10,14,0.0
1y9l_A,finetuned,1,115,107,0,16.0,13,18,0.0
1y9l_A,finetuned,2,115,107,0,18.0,13,7,0.0
1y9l_A,finetuned,3,115,107,0,18.0,12,2,0.0
1y9l_A,finetuned,4,115,107,0,12.0,9,0,0.0
1y9l_A,finetuned,5,115,107,0,17.0,9,9,0.0
1y9l_A,finetuned,6,115,107,0,17.0,12,15,0.0
1y9l_A,finetuned,7,115,107,0,17.0,12,10,0.0
1y9l_A,finetuned,8,115,107,0,25.0,17,13,0.0
1y9l_A,finetuned,9,115,107,0,19.0,16,19,0.0
4b6d_C,base,0,61,53,0,11.0,5,0,0.0
4b6d_C,base,1,61,53,0,2.0,2,0,0.0
4b6d_C,base,2,61,53,0,7.0,4,0,0.0
4b6d_C,base,3,61,53,0,6.0,2,0,0.0
4b6d_C,base,4,61,53,0,1.0,1,0,0.0
4b6d_C,base,5,61,53,0,10.0,5,0,0.0
4b6d_C,base,6,61,53,0,2.0,1,0,0.0
4b6d_C,base,7,61,53,0,6.0,3,0,0.0
4b6d_C,base,8,61,53,0,11.0,4,0,0.0
4b6d_C,base,9,61,53,0,4.0,3,0,0.0
4b6d_C,finetuned,0,61,53,0,1.0,1,0,0.0
4b6d_C,finetuned,1,61,53,0,0.0,0,0,0.0
4b6d_C,finetuned,2,61,53,0,3.0,3,0,0.0
4b6d_C,finetuned,3,61,53,0,8.0,5,0,0.0
4b6d_C,finetuned,4,61,53,0,0.0,0,0,0.0
4b6d_C,finetuned,5,61,53,0,7.0,4,0,0.0
4b6d_C,finetuned,6,61,53,0,3.0,3,0,0.0
4b6d_C,finetuned,7,61,53,0,7.0,4,0,0.0
4b6d_C,finetuned,8,61,53,0,3.0,3,0,0.0
4b6d_C,finetuned,9,61,53,0,3.0,2,0,0.0
3hmt_A,base,0,101,93,0,20.0,12,17,0.0
3hmt_A,base,1,101,93,0,22.0,12,13,0.0
3hmt_A,base,2,101,93,0,21.0,11,9,0.0
3hmt_A,base,3,101,93,0,23.0,14,8,0.0
3hmt_A,base,4,101,93,0,10.0,6,9,0.0
3hmt_A,base,5,101,93,0,13.0,8,6,0.0
3hmt_A,base,6,101,93,0,14.0,9,11,0.0
3hmt_A,base,7,101,93,0,23.0,11,17,0.0
3hmt_A,base,8,101,93,0,22.0,11,6,0.0
3hmt_A,base,9,101,93,0,27.0,13,21,0.0
3hmt_A,finetuned,0,101,93,0,18.0,11,9,0.0
3hmt_A,finetuned,1,101,93,0,13.0,8,13,0.0
3hmt_A,finetuned,2,101,93,0,16.0,11,12,0.0
3hmt_A,finetuned,3,101,93,0,18.0,11,10,0.0
3hmt_A,finetuned,4,101,93,0,10.0,7,3,0.0
3hmt_A,finetuned,5,101,93,0,16.0,9,11,0.0
3hmt_A,finetuned,6,101,93,0,11.0,6,3,0.0
3hmt_A,finetuned,7,101,93,0,10.0,8,6,0.0
3hmt_A,finetuned,8,101,93,0,12.0,7,11,0.0
3hmt_A,finetuned,9,101,93,0,12.0,8,6,0.0
3tbo_A,base,0,94,78,9,18.0,13,16,0.0
3tbo_A,base,1,94,78,9,14.0,7,14,0.0
3tbo_A,base,2,94,78,9,35.0,15,9,0.0
3tbo_A,base,3,94,78,9,31.0,14,17,0.0
3tbo_A,base,4,94,78,9,11.0,7,17,0.0
3tbo_A,base,5,94,78,9,6.0,4,20,0.0
3tbo_A,base,6,94,78,9,9.0,4,18,0.0
3tbo_A,base,7,94,78,9,7.0,4,14,0.0
3tbo_A,base,8,94,78,9,11.0,6,25,0.0
3tbo_A,base,9,94,78,9,16.0,10,21,0.0
3tbo_A,finetuned,0,94,78,9,7.0,5,8,0.0
3tbo_A,finetuned,1,94,78,9,13.0,9,0,0.0
3tbo_A,finetuned,2,94,78,9,13.0,8,7,0.0
3tbo_A,finetuned,3,94,78,9,5.0,5,0,0.0
3tbo_A,finetuned,4,94,78,9,6.0,6,4,0.0
3tbo_A,finetuned,5,94,78,9,15.0,6,11,0.0
3tbo_A,finetuned,6,94,78,9,17.0,6,4,0.0
3tbo_A,finetuned,7,94,78,9,7.0,4,12,0.0
3tbo_A,finetuned,8,94,78,9,11.0,6,9,0.0
3tbo_A,finetuned,9,94,78,9,17.0,5,14,0.0
3adl_A,base,0,82,74,0,19.0,11,22,0.0
3adl_A,base,1,82,74,0,22.0,7,18,0.0
3adl_A,base,2,82,74,0,7.0,5,3,0.0
3adl_A,base,3,82,74,0,25.0,10,17,0.0
3adl_A,base,4,82,74,0,16.0,7,14,0.0
3adl_A,base,5,82,74,0,15.0,6,8,0.0
3adl_A,base,6,82,74,0,16.0,8,23,0.0
3adl_A,base,7,82,74,0,18.0,6,9,0.0
3adl_A,base,8,82,74,0,20.0,9,23,0.0
3adl_A,base,9,82,74,0,20.0,9,16,0.0
3adl_A,finetuned,0,82,74,0,11.0,4,4,0.0
3adl_A,finetuned,1,82,74,0,15.0,6,16,0.0
3adl_A,finetuned,2,82,74,0,17.0,5,5,0.0
3adl_A,finetuned,3,82,74,0,25.0,11,16,0.0
3adl_A,finetuned,4,82,74,0,19.0,7,11,0.0
3adl_A,finetuned,5,82,74,0,20.0,11,12,0.0
3adl_A,finetuned,6,82,74,0,14.0,7,17,0.0
3adl_A,finetuned,7,82,74,0,25.0,12,17,0.0
3adl_A,finetuned,8,82,74,0,14.0,7,9,0.0
3adl_A,finetuned,9,82,74,0,20.0,8,20,0.0
2bk8_A,base,0,97,89,0,20.0,11,2,0.0
2bk8_A,base,1,97,89,0,17.0,11,10,0.0
2bk8_A,base,2,97,89,0,19.0,9,6,0.0
2bk8_A,base,3,97,89,0,19.0,9,9,0.0
2bk8_A,base,4,97,89,0,13.0,9,5,0.0
2bk8_A,base,5,97,89,0,15.0,8,9,0.0
2bk8_A,base,6,97,89,0,13.0,9,7,0.0
2bk8_A,base,7,97,89,0,17.0,8,7,0.0
2bk8_A,base,8,97,89,0,14.0,7,13,0.0
2bk8_A,base,9,97,89,0,20.0,11,13,0.0
2bk8_A,finetuned,0,97,89,0,10.0,7,8,0.0
2bk8_A,finetuned,1,97,89,0,17.0,10,7,0.0
2bk8_A,finetuned,2,97,89,0,13.0,7,6,0.0
2bk8_A,finetuned,3,97,89,0,15.0,9,6,0.0
2bk8_A,finetuned,4,97,89,0,10.0,9,8,0.0
2bk8_A,finetuned,5,97,89,0,17.0,11,5,0.0
2bk8_A,finetuned,6,97,89,0,15.0,8,8,0.0
2bk8_A,finetuned,7,97,89,0,9.0,8,8,0.0
2bk8_A,finetuned,8,97,89,0,12.0,6,9,0.0
2bk8_A,finetuned,9,97,89,0,16.0,8,9,0.0
6elm_A,base,0,98,90,0,13.0,7,4,0.0
6elm_A,base,1,98,90,0,19.0,9,4,0.0
6elm_A,base,2,98,90,0,25.0,12,4,0.0
6elm_A,base,3,98,90,0,16.0,11,7,0.0
6elm_A,base,4,98,90,0,18.0,8,3,0.0
6elm_A,base,5,98,90,0,20.0,9,4,0.0
6elm_A,base,6,98,90,0,13.0,9,11,0.0
6elm_A,base,7,98,90,0,19.0,9,4,0.0
6elm_A,base,8,98,90,0,21.0,11,7,0.0
6elm_A,base,9,98,90,0,11.0,8,7,0.0
6elm_A,finetuned,0,98,90,0,11.0,7,3,0.0
6elm_A,finetuned,1,98,90,0,10.0,6,4,0.0
6elm_A,finetuned,2,98,90,0,16.0,10,3,0.0
6elm_A,finetuned,3,98,90,0,15.0,11,0,0.0
6elm_A,finetuned,4,98,90,0,13.0,7,4,0.0
6elm_A,finetuned,5,98,90,0,10.0,8,1,0.0
6elm_A,finetuned,6,98,90,0,15.0,9,5,0.0
6elm_A,finetuned,7,98,90,0,17.0,10,3,0.0
6elm_A,finetuned,8,98,90,0,13.0,9,0,0.0
6elm_A,finetuned,9,98,90,0,10.0,6,0,0.0
4ycs_B,base,0,128,120,0,27.0,15,12,0.0
4ycs_B,base,1,128,120,0,21.0,10,22,0.0
4ycs_B,base,2,128,120,0,15.0,11,21,0.0
4ycs_B,base,3,128,120,0,17.0,11,12,0.0
4ycs_B,base,4,128,120,0,14.0,9,12,0.0
4ycs_B,base,5,128,120,0,15.0,7,12,0.0
4ycs_B,base,6,128,120,0,23.0,13,12,0.0
4ycs_B,base,7,128,120,0,19.0,8,14,0.0
4ycs_B,base,8,128,120,0,18.0,10,13,0.0
4ycs_B,base,9,128,120,0,25.0,11,27,0.0
4ycs_B,finetuned,0,128,120,0,14.0,6,7,0.0
4ycs_B,finetuned,1,128,120,0,19.0,11,7,0.0
4ycs_B,finetuned,2,128,120,0,11.0,7,6,0.0
4ycs_B,finetuned,3,128,120,0,14.0,10,8,0.0
4ycs_B,finetuned,4,128,120,0,17.0,8,4,0.0
4ycs_B,finetuned,5,128,120,0,12.0,6,6,0.0
4ycs_B,finetuned,6,128,120,0,18.0,9,8,0.0
4ycs_B,finetuned,7,128,120,0,14.0,8,3,0.0
4ycs_B,finetuned,8,128,120,0,12.0,6,5,0.0
4ycs_B,finetuned,9,128,120,0,15.0,9,8,0.0
1s29_A,base,0,92,84,0,21.0,7,16,0.0
1s29_A,base,1,92,84,0,36.0,12,17,0.0
1s29_A,base,2,92,84,0,29.0,9,15,0.0
1s29_A,base,3,92,84,0,19.0,9,30,0.0
1s29_A,base,4,92,84,0,20.0,7,15,0.0
1s29_A,base,5,92,84,0,23.0,10,17,0.0
1s29_A,base,6,92,84,0,24.0,8,24,0.0
1s29_A,base,7,92,84,0,15.0,8,17,0.0
1s29_A,base,8,92,84,0,26.0,10,18,0.0
1s29_A,base,9,92,84,0,22.0,10,25,0.0
1s29_A,finetuned,0,92,84,0,12.0,5,21,0.0
1s29_A,finetuned,1,92,84,0,13.0,5,18,0.0
1s29_A,finetuned,2,92,84,0,26.0,12,23,0.0
1s29_A,finetuned,3,92,84,0,14.0,7,26,0.0
1s29_A,finetuned,4,92,84,0,16.0,9,15,0.0
1s29_A,finetuned,5,92,84,0,25.0,10,18,0.0
1s29_A,finetuned,6,92,84,0,25.0,15,24,0.0
1s29_A,finetuned,7,92,84,0,26.0,16,29,0.0
1s29_A,finetuned,8,92,84,0,21.0,9,22,0.0
1s29_A,finetuned,9,92,84,0,33.0,13,23,0.0
3ipj_B,base,0,95,87,0,28.0,15,17,0.0
3ipj_B,base,1,95,87,0,31.0,15,16,0.0
3ipj_B,base,2,95,87,0,29.0,13,17,0.0
3ipj_B,base,3,95,87,0,28.0,13,18,0.0
3ipj_B,base,4,95,87,0,34.0,15,13,0.0
3ipj_B,base,5,95,87,0,27.0,16,6,0.0
3ipj_B,base,6,95,87,0,33.0,14,20,0.0
3ipj_B,base,7,95,87,0,25.0,13,13,0.0
3ipj_B,base,8,95,87,0,25.0,13,17,0.0
3ipj_B,base,9,95,87,0,29.0,14,15,0.0
3ipj_B,finetuned,0,95,87,0,36.0,13,4,0.0
3ipj_B,finetuned,1,95,87,0,27.0,13,9,0.0
3ipj_B,finetuned,2,95,87,0,43.0,17,13,0.0
3ipj_B,finetuned,3,95,87,0,38.0,16,10,0.0
3ipj_B,finetuned,4,95,87,0,29.0,14,15,0.0
3ipj_B,finetuned,5,95,87,0,34.0,16,20,0.0
3ipj_B,finetuned,6,95,87,0,27.0,14,8,0.0
3ipj_B,finetuned,7,95,87,0,42.0,20,13,0.0
3ipj_B,finetuned,8,95,87,0,34.0,15,18,0.0
3ipj_B,finetuned,9,95,87,0,35.0,16,19,0.0
5o75_A,base,0,78,70,0,16.0,9,1,0.0
5o75_A,base,1,78,70,0,26.0,11,0,0.0
5o75_A,base,2,78,70,0,16.0,8,0,0.0
5o75_A,base,3,78,70,0,23.0,11,5,0.0
5o75_A,base,4,78,70,0,17.0,9,15,0.0
5o75_A,base,5,78,70,0,24.0,11,2,0.0
5o75_A,base,6,78,70,0,21.0,12,8,0.0
5o75_A,base,7,78,70,0,20.0,10,2,0.0
5o75_A,base,8,78,70,0,31.0,12,5,0.0
5o75_A,base,9,78,70,0,18.0,11,4,0.0
5o75_A,finetuned,0,78,70,0,12.0,5,0,0.0
5o75_A,finetuned,1,78,70,0,7.0,5,0,0.0
5o75_A,finetuned,2,78,70,0,8.0,6,0,0.0
5o75_A,finetuned,3,78,70,0,13.0,7,2,0.0
5o75_A,finetuned,4,78,70,0,10.0,6,0,0.0
5o75_A,finetuned,5,78,70,0,7.0,5,1,0.0
5o75_A,finetuned,6,78,70,0,12.0,7,4,0.0
5o75_A,finetuned,7,78,70,0,10.0,7,0,0.0
5o75_A,finetuned,8,78,70,0,19.0,10,0,0.0
5o75_A,finetuned,9,78,70,0,21.0,13,0,0.0
1y4m_A,base,0,159,135,18,47.0,15,26,0.0
1y4m_A,base,1,159,135,18,5.0,4,8,0.0
1y4m_A,base,2,159,135,18,35.0,11,10,0.0
1y4m_A,base,3,159,135,18,6.0,6,3,0.0
1y4m_A,base,4,159,135,18,40.0,16,22,0.0
1y4m_A,base,5,159,135,18,38.0,12,15,0.0
1y4m_A,base,6,159,135,18,23.0,10,9,0.0
1y4m_A,base,7,159,135,18,54.0,19,23,0.0
1y4m_A,base,8,159,135,18,10.0,6,6,0.0
1y4m_A,base,9,159,135,18,32.0,14,28,0.0
1y4m_A,finetuned,0,159,135,18,37.0,14,2,0.0
1y4m_A,finetuned,1,159,135,18,18.0,9,4,0.0
1y4m_A,finetuned,2,159,135,18,14.0,9,0,0.0
1y4m_A,finetuned,3,159,135,18,36.0,16,0,0.0
1y4m_A,finetuned,4,159,135,18,11.0,7,3,0.0
1y4m_A,finetuned,5,159,135,18,31.0,12,6,0.0
1y4m_A,finetuned,6,159,135,18,0.0,0,0,0.0
1y4m_A,finetuned,7,159,135,18,25.0,11,12,0.0
1y4m_A,finetuned,8,159,135,18,5.0,4,9,0.0
1y4m_A,finetuned,9,159,135,18,16.0,11,20,0.0
2pt5_B,base,0,168,160,0,40.0,21,7,0.0
2pt5_B,base,1,168,160,0,37.0,17,9,0.0
2pt5_B,base,2,168,160,0,41.0,22,20,0.0
2pt5_B,base,3,168,160,0,33.0,20,20,0.0
2pt5_B,base,4,168,160,0,34.0,16,18,0.0
2pt5_B,base,5,168,160,0,36.0,19,21,0.0
2pt5_B,base,6,168,160,0,46.0,22,13,0.0
2pt5_B,base,7,168,160,0,42.0,24,29,0.0
2pt5_B,base,8,168,160,0,38.0,23,17,0.0
2pt5_B,base,9,168,160,0,46.0,25,29,0.0
2pt5_B,finetuned,0,168,160,0,38.0,20,17,0.0
2pt5_B,finetuned,1,168,160,0,33.0,18,9,0.0
2pt5_B,finetuned,2,168,160,0,34.0,19,5,0.0
2pt5_B,finetuned,3,168,160,0,29.0,14,13,0.0
2pt5_B,finetuned,4,168,160,0,32.0,18,12,0.0
2pt5_B,finetuned,5,168,160,0,29.0,18,11,0.0
2pt5_B,finetuned,6,168,160,0,41.0,23,10,0.0
2pt5_B,finetuned,7,168,160,0,27.0,18,19,0.0
2pt5_B,finetuned,8,168,160,0,22.0,11,14,0.0
2pt5_B,finetuned,9,168,160,0,38.0,19,20,0.0
7m10_A,base,0,86,70,9,20.0,9,0,0.0
7m10_A,base,1,86,70,9,24.0,12,1,0.0
7m10_A,base,2,86,70,9,22.0,12,0,0.0
7m10_A,base,3,86,70,9,19.0,12,0,0.0
7m10_A,base,4,86,70,9,18.0,7,0,0.0
7m10_A,base,5,86,70,9,18.0,7,0,0.0
7m10_A,base,6,86,70,9,20.0,10,0,0.0
7m10_A,base,7,86,70,9,18.0,10,0,0.0
7m10_A,base,8,86,70,9,17.0,9,0,0.0
7m10_A,base,9,86,70,9,18.0,11,0,0.0
7m10_A,finetuned,0,86,70,9,19.0,8,0,0.0
7m10_A,finetuned,1,86,70,9,21.0,11,0,0.0
7m10_A,finetuned,2,86,70,9,23.0,8,1,0.0
7m10_A,finetuned,3,86,70,9,20.0,12,0,0.0
7m10_A,finetuned,4,86,70,9,18.0,9,0,0.0
7m10_A,finetuned,5,86,70,9,18.0,10,0,0.0
7m10_A,finetuned,6,86,70,9,26.0,13,0,0.0
7m10_A,finetuned,7,86,70,9,16.0,9,0,0.0
7m10_A,finetuned,8,86,70,9,20.0,9,3,0.0
7m10_A,finetuned,9,86,70,9,18.0,9,0,0.0
3cbn_A,base,0,145,137,0,42.0,18,29,0.0
3cbn_A,base,1,145,137,0,38.0,17,28,0.0
3cbn_A,base,2,145,137,0,58.0,20,37,0.0
3cbn_A,base,3,145,137,0,22.0,11,42,0.0
3cbn_A,base,4,145,137,0,32.0,14,38,0.0
3cbn_A,base,5,145,137,0,36.0,17,34,0.0
3cbn_A,base,6,145,137,0,37.0,17,34,0.0
3cbn_A,base,7,145,137,0,29.0,14,33,0.0
3cbn_A,base,8,145,137,0,35.0,16,32,0.0
3cbn_A,base,9,145,137,0,33.0,16,39,0.0
3cbn_A,finetuned,0,145,137,0,29.0,14,5,0.0
3cbn_A,finetuned,1,145,137,0,29.0,14,14,0.0
3cbn_A,finetuned,2,145,137,0,30.0,15,11,0.0
3cbn_A,finetuned,3,145,137,0,14.0,10,21,0.0
3cbn_A,finetuned,4,145,137,0,25.0,14,11,0.0
3cbn_A,finetuned,5,145,137,0,36.0,17,7,0.0
3cbn_A,finetuned,6,145,137,0,32.0,19,19,0.0
3cbn_A,finetuned,7,145,137,0,15.0,10,18,0.0
3cbn_A,finetuned,8,145,137,0,39.0,17,21,0.0
3cbn_A,finetuned,9,145,137,0,29.0,15,34,0.0
3hj7_A,base,0,136,128,0,26.0,14,8,0.0
3hj7_A,base,1,136,128,0,26.0,15,18,0.0
3hj7_A,base,2,136,128,0,39.0,17,28,0.0
3hj7_A,base,3,136,128,0,29.0,14,14,0.0
3hj7_A,base,4,136,128,0,29.0,14,15,0.0
3hj7_A,base,5,136,128,0,24.0,10,2,0.0
3hj7_A,base,6,136,128,0,33.0,15,20,0.0
3hj7_A,base,7,136,128,0,35.0,17,15,0.0
3hj7_A,base,8,136,128,0,39.0,19,21,0.0
3hj7_A,base,9,136,128,0,27.0,14,17,0.0
3hj7_A,finetuned,0,136,128,0,14.0,10,8,0.0
3hj7_A,finetuned,1,136,128,0,17.0,10,9,0.0
3hj7_A,finetuned,2,136,128,0,19.0,10,15,0.0
3hj7_A,finetuned,3,136,128,0,28.0,14,11,0.0
3hj7_A,finetuned,4,136,128,0,25.0,15,13,0.0
3hj7_A,finetuned,5,136,128,0,16.0,10,2,0.0
3hj7_A,finetuned,6,136,128,0,25.0,14,9,0.0
3hj7_A,finetuned,7,136,128,0,27.0,14,9,0.0
3hj7_A,finetuned,8,136,128,0,23.0,15,7,0.0
3hj7_A,finetuned,9,136,128,0,32.0,18,13,0.0
4er8_A,base,0,165,157,0,49.0,21,26,0.0
4er8_A,base,1,165,157,0,57.0,21,13,0.0
4er8_A,base,2,165,157,0,50.0,22,15,0.0
4er8_A,base,3,165,157,0,58.0,19,21,0.0
4er8_A,base,4,165,157,0,65.0,24,17,0.0
4er8_A,base,5,165,157,0,52.0,20,29,0.0
4er8_A,base,6,165,157,0,52.0,22,37,0.0
4er8_A,base,7,165,157,0,51.0,21,24,0.0
4er8_A,base,8,165,157,0,73.0,29,18,0.0
4er8_A,base,9,165,157,0,71.0,27,21,0.0
4er8_A,finetuned,0,165,157,0,44.0,26,9,0.0
4er8_A,finetuned,1,165,157,0,45.0,21,12,0.0
4er8_A,finetuned,2,165,157,0,47.0,23,6,0.0
4er8_A,finetuned,3,165,157,0,37.0,20,9,0.0
4er8_A,finetuned,4,165,157,0,40.0,18,11,0.0
4er8_A,finetuned,5,165,157,0,47.0,20,12,0.0
4er8_A,finetuned,6,165,157,0,39.0,17,18,0.0
4er8_A,finetuned,7,165,157,0,47.0,23,15,0.0
4er8_A,finetuned,8,165,157,0,62.0,24,19,0.0
4er8_A,finetuned,9,165,157,0,55.0,22,12,0.0
3fz4_A,base,0,120,112,0,29.0,14,22,0.0
3fz4_A,base,1,120,112,0,38.0,20,10,0.0
3fz4_A,base,2,120,112,0,38.0,17,19,0.0
3fz4_A,base,3,120,112,0,30.0,17,25,0.0
3fz4_A,base,4,120,112,0,28.0,18,33,0.0
3fz4_A,base,5,120,112,0,23.0,15,19,0.0
3fz4_A,base,6,120,112,0,34.0,19,12,0.0
3fz4_A,base,7,120,112,0,34.0,18,18,0.0
3fz4_A,base,8,120,112,0,30.0,18,23,0.0
3fz4_A,base,9,120,112,0,31.0,15,15,0.0
3fz4_A,finetuned,0,120,112,0,31.0,17,13,0.0
3fz4_A,finetuned,1,120,112,0,31.0,16,19,0.0
3fz4_A,finetuned,2,120,112,0,24.0,16,15,0.0
3fz4_A,finetuned,3,120,112,0,33.0,19,23,0.0
3fz4_A,finetuned,4,120,112,0,46.0,19,18,0.0
3fz4_A,finetuned,5,120,112,0,26.0,16,15,0.0
3fz4_A,finetuned,6,120,112,0,31.0,18,21,0.0
3fz4_A,finetuned,7,120,112,0,33.0,17,34,0.0
3fz4_A,finetuned,8,120,112,0,38.0,19,34,0.0
3fz4_A,finetuned,9,120,112,0,36.0,19,25,0.0
3qp3_B,base,0,103,95,0,31.0,13,7,0.0
3qp3_B,base,1,103,95,0,34.0,14,18,0.0
3qp3_B,base,2,103,95,0,30.0,10,20,0.0
3qp3_B,base,3,103,95,0,25.0,10,22,0.0
3qp3_B,base,4,103,95,0,35.0,12,25,0.0
3qp3_B,base,5,103,95,0,41.0,13,26,0.0
3qp3_B,base,6,103,95,0,18.0,11,15,0.0
3qp3_B,base,7,103,95,0,43.0,15,16,0.0
3qp3_B,base,8,103,95,0,40.0,16,28,0.0
3qp3_B,base,9,103,95,0,34.0,13,27,0.0
3qp3_B,finetuned,0,103,95,0,15.0,9,1,0.0
3qp3_B,finetuned,1,103,95,0,20.0,10,7,0.0
3qp3_B,finetuned,2,103,95,0,14.0,8,1,0.0
3qp3_B,finetuned,3,103,95,0,23.0,11,11,0.0
3qp3_B,finetuned,4,103,95,0,16.0,7,5,0.0
3qp3_B,finetuned,5,103,95,0,18.0,9,10,0.0
3qp3_B,finetuned,6,103,95,0,18.0,9,12,0.0
3qp3_B,finetuned,7,103,95,0,19.0,9,3,0.0
3qp3_B,finetuned,8,103,95,0,19.0,11,20,0.0
3qp3_B,finetuned,9,103,95,0,20.0,11,24,0.0
4i4y_C,base,0,146,138,0,46.0,22,24,0.0
4i4y_C,base,1,146,138,0,57.0,23,29,0.0
4i4y_C,base,2,146,138,0,59.0,24,20,0.0
4i4y_C,base,3,146,138,0,60.0,27,29,0.0
4i4y_C,base,4,146,138,0,62.0,24,40,0.0
4i4y_C,base,5,146,138,0,55.0,24,36,0.0
4i4y_C,base,6,146,138,0,66.0,28,37,0.0
4i4y_C,base,7,146,138,0,55.0,24,31,0.0
4i4y_C,base,8,146,138,0,61.0,25,58,0.0
4i4y_C,base,9,146,138,0,61.0,23,31,0.0
4i4y_C,finetuned,0,146,138,0,39.0,14,7,0.0
4i4y_C,finetuned,1,146,138,0,32.0,15,14,0.0
4i4y_C,finetuned,2,146,138,0,36.0,14,12,0.0
4i4y_C,finetuned,3,146,138,0,35.0,14,1,0.0
4i4y_C,finetuned,4,146,138,0,42.0,21,12,0.0
4i4y_C,finetuned,5,146,138,0,42.0,19,12,0.0
4i4y_C,finetuned,6,146,138,0,52.0,20,20,0.0
4i4y_C,finetuned,7,146,138,0,45.0,18,16,0.0
4i4y_C,finetuned,8,146,138,0,51.0,21,18,0.0
4i4y_C,finetuned,9,146,138,0,47.0,19,23,0.0
3gg7_A,base,0,248,240,0,75.0,35,42,0.0
3gg7_A,base,1,248,240,0,86.0,41,61,0.0
3gg7_A,base,2,248,240,0,95.0,38,52,0.0
3gg7_A,base,3,248,240,0,79.0,39,48,0.0
3gg7_A,base,4,248,240,0,100.0,38,34,0.0
3gg7_A,base,5,248,240,0,121.0,50,52,0.0
3gg7_A,base,6,248,240,0,87.0,37,58,0.0
3gg7_A,base,7,248,240,0,108.0,44,40,0.0
3gg7_A,base,8,248,240,0,75.0,37,56,0.0
3gg7_A,base,9,248,240,0,111.0,46,54,0.0
3gg7_A,finetuned,0,248,240,0,61.0,32,18,0.0
3gg7_A,finetuned,1,248,240,0,77.0,35,23,0.0
3gg7_A,finetuned,2,248,240,0,69.0,37,31,0.0
3gg7_A,finetuned,3,248,240,0,58.0,29,26,0.0
3gg7_A,finetuned,4,248,240,0,69.0,39,26,0.0
3gg7_A,finetuned,5,248,240,0,78.0,40,28,0.0
3gg7_A,finetuned,6,248,240,0,78.0,34,15,0.0
3gg7_A,finetuned,7,248,240,0,86.0,36,20,0.0
3gg7_A,finetuned,8,248,240,0,64.0,31,36,0.0
3gg7_A,finetuned,9,248,240,0,75.0,36,34,0.0
1og1_A,base,0,226,218,0,85.0,40,75,0.0
1og1_A,base,1,226,218,0,68.0,32,37,0.0
1og1_A,base,2,226,218,0,70.0,37,60,0.0
1og1_A,base,3,226,218,0,75.0,31,50,0.0
1og1_A,base,4,226,218,0,83.0,36,68,0.0
1og1_A,base,5,226,218,0,68.0,29,48,0.0
1og1_A,base,6,226,218,0,65.0,32,45,0.0
1og1_A,base,7,226,218,0,68.0,35,63,0.0
1og1_A,base,8,226,218,0,70.0,33,55,0.0
1og1_A,base,9,226,218,0,84.0,37,68,0.0
1og1_A,finetuned,0,226,218,0,56.0,30,9,0.0
1og1_A,finetuned,1,226,218,0,67.0,29,17,0.0
1og1_A,finetuned,2,226,218,0,55.0,27,30,0.0
1og1_A,finetuned,3,226,218,0,68.0,34,24,0.0
1og1_A,finetuned,4,226,218,0,49.0,22,46,0.0
1og1_A,finetuned,5,226,218,0,51.0,27,31,0.0
1og1_A,finetuned,6,226,218,0,57.0,25,25,0.0
1og1_A,finetuned,7,226,218,0,64.0,29,44,0.0
1og1_A,finetuned,8,226,218,0,60.0,29,41,0.0
1og1_A,finetuned,9,226,218,0,55.0,33,33,0.0
4rfx_C,base,0,228,212,9,4.0,4,16,0.0
4rfx_C,base,1,228,212,9,7.0,6,58,0.0
4rfx_C,base,2,228,212,9,12.0,8,20,0.0
4rfx_C,base,3,228,212,9,10.0,8,51,0.0
4rfx_C,base,4,228,212,9,14.0,10,39,0.0
4rfx_C,base,5,228,212,9,15.0,12,36,0.0
4rfx_C,base,6,228,212,9,24.0,18,56,0.0
4rfx_C,base,7,228,212,9,11.0,7,61,0.0
4rfx_C,base,8,228,212,9,18.0,16,48,0.0
4rfx_C,base,9,228,212,9,14.0,8,56,0.0
4rfx_C,finetuned,0,228,212,9,6.0,4,16,0.0
4rfx_C,finetuned,1,228,212,9,11.0,9,21,0.0
4rfx_C,finetuned,2,228,212,9,8.0,8,14,0.0
4rfx_C,finetuned,3,228,212,9,12.0,10,17,0.0
4rfx_C,finetuned,4,228,212,9,4.0,4,14,0.0
4rfx_C,finetuned,5,228,212,9,14.0,6,8,0.0
4rfx_C,finetuned,6,228,212,9,8.0,8,12,0.0
4rfx_C,finetuned,7,228,212,9,2.0,2,2,0.0
4rfx_C,finetuned,8,228,212,9,11.0,7,25,0.0
4rfx_C,finetuned,9,228,212,9,6.0,5,24,0.0
5fwh_A,base,0,196,188,0,77.0,37,40,0.0
5fwh_A,base,1,196,188,0,50.0,28,45,0.0
5fwh_A,base,2,196,188,0,68.0,31,41,0.0
5fwh_A,base,3,196,188,0,53.0,28,42,0.0
5fwh_A,base,4,196,188,0,58.0,29,40,0.0
5fwh_A,base,5,196,188,0,48.0,28,31,0.0
5fwh_A,base,6,196,188,0,51.0,25,38,0.0
5fwh_A,base,7,196,188,0,68.0,30,61,0.0
5fwh_A,base,8,196,188,0,52.0,23,26,0.0
5fwh_A,base,9,196,188,0,80.0,31,46,0.0
5fwh_A,finetuned,0,196,188,0,60.0,28,18,0.0
5fwh_A,finetuned,1,196,188,0,54.0,26,33,0.0
5fwh_A,finetuned,2,196,188,0,41.0,20,29,0.0
5fwh_A,finetuned,3,196,188,0,57.0,28,18,0.0
5fwh_A,finetuned,4,196,188,0,44.0,27,24,0.0
5fwh_A,finetuned,5,196,188,0,43.0,23,27,0.0
5fwh_A,finetuned,6,196,188,0,68.0,34,32,0.0
5fwh_A,finetuned,7,196,188,0,64.0,32,38,0.0
5fwh_A,finetuned,8,196,188,0,51.0,29,25,0.0
5fwh_A,finetuned,9,196,188,0,61.0,32,31,0.0
3bkv_A,base,0,268,260,0,87.0,35,37,0.0
3bkv_A,base,1,268,260,0,64.0,34,59,0.0
3bkv_A,base,2,268,260,0,59.0,31,52,0.0
3bkv_A,base,3,268,260,0,72.0,36,59,0.0
3bkv_A,base,4,268,260,0,84.0,41,57,0.0
3bkv_A,base,5,268,260,0,79.0,35,52,0.0
3bkv_A,base,6,268,260,0,70.0,32,59,0.0
3bkv_A,base,7,268,260,0,79.0,34,51,0.0
3bkv_A,base,8,268,260,0,75.0,39,47,0.0
3bkv_A,base,9,268,260,0,77.0,33,54,0.0
3bkv_A,finetuned,0,268,260,0,59.0,31,25,0.0
3bkv_A,finetuned,1,268,260,0,76.0,35,15,0.0
3bkv_A,finetuned,2,268,260,0,70.0,36,32,0.0
3bkv_A,finetuned,3,268,260,0,63.0,30,24,0.0
3bkv_A,finetuned,4,268,260,0,61.0,29,12,0.0
3bkv_A,finetuned,5,268,260,0,61.0,30,28,0.0
3bkv_A,finetuned,6,268,260,0,70.0,36,18,0.0
3bkv_A,finetuned,7,268,260,0,59.0,28,26,0.0
3bkv_A,finetuned,8,268,260,0,64.0,32,38,0.0
3bkv_A,finetuned,9,268,260,0,70.0,34,21,0.0
5h7f_A,base,0,182,174,0,66.0,22,25,0.0
5h7f_A,base,1,182,174,0,65.0,24,20,0.0
5h7f_A,base,2,182,174,0,67.0,24,28,0.0
5h7f_A,base,3,182,174,0,73.0,28,23,0.0
5h7f_A,base,4,182,174,0,58.0,22,27,0.0
5h7f_A,base,5,182,174,0,83.0,26,29,0.0
5h7f_A,base,6,182,174,0,63.0,21,16,0.0
5h7f_A,base,7,182,174,0,75.0,26,31,0.0
5h7f_A,base,8,182,174,0,78.0,26,26,0.0
5h7f_A,base,9,182,174,0,60.0,21,42,0.0
5h7f_A,finetuned,0,182,174,0,41.0,19,8,0.0
5h7f_A,finetuned,1,182,174,0,58.0,22,19,0.0
5h7f_A,finetuned,2,182,174,0,44.0,18,15,0.0
5h7f_A,finetuned,3,182,174,0,43.0,17,16,0.0
5h7f_A,finetuned,4,182,174,0,56.0,22,26,0.0
5h7f_A,finetuned,5,182,174,0,40.0,19,24,0.0
5h7f_A,finetuned,6,182,174,0,51.0,19,21,0.0
5h7f_A,finetuned,7,182,174,0,52.0,20,26,0.0
5h7f_A,finetuned,8,182,174,0,45.0,20,17,0.0
5h7f_A,finetuned,9,182,174,0,64.0,24,34,0.0
3jrr_B,base,0,226,218,0,78.0,30,38,0.0
3jrr_B,base,1,226,218,0,74.0,36,31,0.0
3jrr_B,base,2,226,218,0,81.0,27,32,0.0
3jrr_B,base,3,226,218,0,77.0,28,48,0.0
3jrr_B,base,4,226,218,0,70.0,31,56,0.0
3jrr_B,base,5,226,218,0,78.0,31,61,0.0
3jrr_B,base,6,226,218,0,76.0,30,69,0.0
3jrr_B,base,7,226,218,0,84.0,31,60,0.0
3jrr_B,base,8,226,218,0,97.0,38,72,0.0
3jrr_B,base,9,226,218,0,88.0,29,49,0.0
3jrr_B,finetuned,0,226,218,0,58.0,25,11,0.0
3jrr_B,finetuned,1,226,218,0,60.0,27,12,0.0
3jrr_B,finetuned,2,226,218,0,62.0,22,11,0.0
3jrr_B,finetuned,3,226,218,0,66.0,27,20,0.0
3jrr_B,finetuned,4,226,218,0,71.0,32,17,0.0
3jrr_B,finetuned,5,226,218,0,69.0,26,13,0.0
3jrr_B,finetuned,6,226,218,0,74.0,32,25,0.0
3jrr_B,finetuned,7,226,218,0,59.0,27,13,0.0
3jrr_B,finetuned,8,226,218,0,82.0,32,20,0.0
3jrr_B,finetuned,9,226,218,0,58.0,30,22,0.0
4kqd_A,base,0,242,226,9,84.0,38,46,0.0
4kqd_A,base,1,242,226,9,83.0,35,41,0.0
4kqd_A,base,2,242,226,9,78.0,34,34,0.0
4kqd_A,base,3,242,226,9,80.0,32,44,0.0
4kqd_A,base,4,242,226,9,81.0,34,45,0.0
4kqd_A,base,5,242,226,9,76.0,31,50,0.0
4kqd_A,base,6,242,226,9,84.0,35,59,0.0
4kqd_A,base,7,242,226,9,88.0,39,48,0.0
4kqd_A,base,8,242,226,9,84.0,38,57,0.0
4kqd_A,base,9,242,226,9,84.0,34,50,0.0
4kqd_A,finetuned,0,242,226,9,66.0,23,8,0.0
4kqd_A,finetuned,1,242,226,9,72.0,33,12,0.0
4kqd_A,finetuned,2,242,226,9,60.0,22,11,0.0
4kqd_A,finetuned,3,242,226,9,72.0,28,19,0.0
4kqd_A,finetuned,4,242,226,9,73.0,33,21,0.0
4kqd_A,finetuned,5,242,226,9,76.0,32,21,0.0
4kqd_A,finetuned,6,242,226,9,69.0,27,30,0.0
4kqd_A,finetuned,7,242,226,9,73.0,28,10,0.0
4kqd_A,finetuned,8,242,226,9,57.0,24,18,0.0
4kqd_A,finetuned,9,242,226,9,88.0,35,42,0.0
5apa_A,base,0,213,205,0,59.0,29,44,0.0
5apa_A,base,1,213,205,0,56.0,24,48,0.0
5apa_A,base,2,213,205,0,68.0,30,38,0.0
5apa_A,base,3,213,205,0,54.0,27,53,0.0
5apa_A,base,4,213,205,0,81.0,31,44,0.0
5apa_A,base,5,213,205,0,71.0,32,45,0.0
5apa_A,base,6,213,205,0,72.0,25,27,0.0
5apa_A,base,7,213,205,0,73.0,28,46,0.0
5apa_A,base,8,213,205,0,70.0,28,38,0.0
5apa_A,base,9,213,205,0,64.0,29,48,0.0
5apa_A,finetuned,0,213,205,0,47.0,21,20,0.0
5apa_A,finetuned,1,213,205,0,47.0,23,30,0.0
5apa_A,finetuned,2,213,205,0,57.0,29,29,0.0
5apa_A,finetuned,3,213,205,0,56.0,28,25,0.0
5apa_A,finetuned,4,213,205,0,43.0,20,28,0.0
5apa_A,finetuned,5,213,205,0,45.0,23,24,0.0
5apa_A,finetuned,6,213,205,0,40.0,22,21,0.0
5apa_A,finetuned,7,213,205,0,49.0,23,35,0.0
5apa_A,finetuned,8,213,205,0,53.0,30,43,0.0
5apa_A,finetuned,9,213,205,0,38.0,21,21,0.0
6zul_E,base,0,270,246,18,79.0,37,37,0.0
6zul_E,base,1,270,246,18,81.0,40,49,0.0
6zul_E,base,2,270,246,18,82.0,37,57,0.0
6zul_E,base,3,270,246,18,74.0,36,44,0.0
6zul_E,base,4,270,246,18,88.0,42,48,0.0
6zul_E,base,5,270,246,18,79.0,41,52,0.0
6zul_E,base,6,270,246,18,94.0,43,55,0.0
6zul_E,base,7,270,246,18,86.0,41,46,0.0
6zul_E,base,8,270,246,18,92.0,41,61,0.0
6zul_E,base,9,270,246,18,90.0,42,73,0.0
6zul_E,finetuned,0,270,246,18,83.0,33,16,0.0
6zul_E,finetuned,1,270,246,18,81.0,34,27,0.0
6zul_E,finetuned,2,270,246,18,72.0,32,28,0.0
6zul_E,finetuned,3,270,246,18,69.0,35,26,0.0
6zul_E,finetuned,4,270,246,18,62.0,31,28,0.0
6zul_E,finetuned,5,270,246,18,47.0,26,22,0.0
6zul_E,finetuned,6,270,246,18,76.0,35,31,0.0
6zul_E,finetuned,7,270,246,18,66.0,30,34,0.0
6zul_E,finetuned,8,270,246,18,75.0,33,36,0.0
6zul_E,finetuned,9,270,246,18,55.0,32,39,0.0
2fdr_A,base,0,229,221,0,57.0,27,38,0.0
2fdr_A,base,1,229,221,0,71.0,32,37,0.0
2fdr_A,base,2,229,221,0,67.0,27,32,0.0
2fdr_A,base,3,229,221,0,71.0,35,39,0.0
2fdr_A,base,4,229,221,0,55.0,28,43,0.0
2fdr_A,base,5,229,221,0,65.0,30,36,0.0
2fdr_A,base,6,229,221,0,81.0,29,33,0.0
2fdr_A,base,7,229,221,0,58.0,27,45,0.0
2fdr_A,base,8,229,221,0,103.0,38,47,0.0
2fdr_A,base,9,229,221,0,89.0,37,58,0.0
2fdr_A,finetuned,0,229,221,0,51.0,28,17,0.0
2fdr_A,finetuned,1,229,221,0,55.0,26,23,0.0
2fdr_A,finetuned,2,229,221,0,38.0,22,25,0.0
2fdr_A,finetuned,3,229,221,0,60.0,29,15,0.0
2fdr_A,finetuned,4,229,221,0,48.0,25,18,0.0
2fdr_A,finetuned,5,229,221,0,39.0,20,7,0.0
2fdr_A,finetuned,6,229,221,0,67.0,28,18,0.0
2fdr_A,finetuned,7,229,221,0,40.0,24,26,0.0
2fdr_A,finetuned,8,229,221,0,62.0,25,27,0.0
2fdr_A,finetuned,9,229,221,0,46.0,28,20,0.0
5els_A,base,0,226,210,9,46.0,21,43,0.0
5els_A,base,1,226,210,9,47.0,21,38,0.0
5els_A,base,2,226,210,9,50.0,23,61,0.0
5els_A,base,3,226,210,9,47.0,25,46,0.0
5els_A,base,4,226,210,9,47.0,18,51,0.0
5els_A,base,5,226,210,9,59.0,25,75,0.0
5els_A,base,6,226,210,9,59.0,22,38,0.0
5els_A,base,7,226,210,9,55.0,24,46,0.0
5els_A,base,8,226,210,9,54.0,23,47,0.0
5els_A,base,9,226,210,9,75.0,27,73,0.0
5els_A,finetuned,0,226,210,9,41.0,18,15,0.0
5els_A,finetuned,1,226,210,9,40.0,19,30,0.0
5els_A,finetuned,2,226,210,9,48.0,20,32,0.0
5els_A,finetuned,3,226,210,9,40.0,20,31,0.0
5els_A,finetuned,4,226,210,9,38.0,21,29,0.0
5els_A,finetuned,5,226,210,9,48.0,23,29,0.0
5els_A,finetuned,6,226,210,9,53.0,21,32,0.0
5els_A,finetuned,7,226,210,9,55.0,23,40,0.0
5els_A,finetuned,8,226,210,9,44.0,19,38,0.0
5els_A,finetuned,9,226,210,9,44.0,21,33,0.0
3id2_A,base,0,180,164,9,49.0,19,44,0.0
3id2_A,base,1,180,164,9,59.0,24,61,0.0
3id2_A,base,2,180,164,9,50.0,25,71,0.0
3id2_A,base,3,180,164,9,47.0,22,79,0.0
3id2_A,base,4,180,164,9,42.0,19,53,0.0
3id2_A,base,5,180,164,9,61.0,27,30,0.0
3id2_A,base,6,180,164,9,45.0,21,47,0.0
3id2_A,base,7,180,164,9,61.0,26,58,0.0
3id2_A,base,8,180,164,9,52.0,23,72,0.0
3id2_A,base,9,180,164,9,58.0,29,67,0.0
3id2_A,finetuned,0,180,164,9,44.0,19,16,0.0
3id2_A,finetuned,1,180,164,9,44.0,20,27,0.0
3id2_A,finetuned,2,180,164,9,41.0,20,32,0.0
3id2_A,finetuned,3,180,164,9,52.0,22,39,0.0
3id2_A,finetuned,4,180,164,9,30.0,15,27,0.0
3id2_A,finetuned,5,180,164,9,39.0,17,38,0.0
3id2_A,finetuned,6,180,164,9,41.0,18,25,0.0
3id2_A,finetuned,7,180,164,9,32.0,18,31,0.0
3id2_A,finetuned,8,180,164,9,53.0,23,36,0.0
3id2_A,finetuned,9,180,164,9,39.0,19,31,0.0
7bkf_A,base,0,276,268,0,91.0,40,53,0.0
7bkf_A,base,1,276,268,0,80.0,38,52,0.0
7bkf_A,base,2,276,268,0,82.0,37,50,0.0
7bkf_A,base,3,276,268,0,81.0,39,43,0.0
7bkf_A,base,4,276,268,0,60.0,29,50,0.0
7bkf_A,base,5,276,268,0,65.0,29,43,0.0
7bkf_A,base,6,276,268,0,80.0,40,31,0.0
7bkf_A,base,7,276,268,0,81.0,39,48,0.0
7bkf_A,base,8,276,268,0,71.0,35,48,0.0
7bkf_A,base,9,276,268,0,75.0,31,78,0.0
7bkf_A,finetuned,0,276,268,0,68.0,35,18,0.0
7bkf_A,finetuned,1,276,268,0,59.0,31,13,0.0
7bkf_A,finetuned,2,276,268,0,57.0,29,31,0.0
7bkf_A,finetuned,3,276,268,0,54.0,28,20,0.0
7bkf_A,finetuned,4,276,268,0,56.0,25,22,0.0
7bkf_A,finetuned,5,276,268,0,56.0,26,31,0.0
7bkf_A,finetuned,6,276,268,0,82.0,31,17,0.0
7bkf_A,finetuned,7,276,268,0,54.0,29,36,0.0
7bkf_A,finetuned,8,276,268,0,70.0,37,48,0.0
7bkf_A,finetuned,9,276,268,0,75.0,36,26,3.0
2idl_B,base,0,234,218,9,50.0,22,17,0.0
2idl_B,base,1,234,218,9,54.0,27,31,0.0
2idl_B,base,2,234,218,9,52.0,25,34,0.0
2idl_B,base,3,234,218,9,75.0,28,28,0.0
2idl_B,base,4,234,218,9,47.0,18,34,0.0
2idl_B,base,5,234,218,9,55.0,28,31,0.0
2idl_B,base,6,234,218,9,60.0,28,26,0.0
2idl_B,base,7,234,218,9,52.0,28,28,0.0
2idl_B,base,8,234,218,9,42.0,22,38,0.0
2idl_B,base,9,234,218,9,60.0,26,36,0.0
2idl_B,finetuned,0,234,218,9,45.0,23,14,0.0
2idl_B,finetuned,1,234,218,9,52.0,23,12,0.0
2idl_B,finetuned,2,234,218,9,63.0,28,7,0.0
2idl_B,finetuned,3,234,218,9,48.0,23,2,0.0
2idl_B,finetuned,4,234,218,9,40.0,17,10,0.0
2idl_B,finetuned,5,234,218,9,41.0,18,12,0.0
2idl_B,finetuned,6,234,218,9,41.0,22,23,0.0
2idl_B,finetuned,7,234,218,9,44.0,20,23,0.0
2idl_B,finetuned,8,234,218,9,55.0,22,10,0.0
2idl_B,finetuned,9,234,218,9,52.0,26,17,0.0
6i9s_B,base,0,202,194,0,42.0,24,4,0.0
6i9s_B,base,1,202,194,0,23.0,14,12,0.0
6i9s_B,base,2,202,194,0,24.0,16,3,0.0
6i9s_B,base,3,202,194,0,24.0,14,2,0.0
6i9s_B,base,4,202,194,0,24.0,14,9,0.0
6i9s_B,base,5,202,194,0,48.0,23,10,0.0
6i9s_B,base,6,202,194,0,37.0,19,21,0.0
6i9s_B,base,7,202,194,0,33.0,19,6,0.0
6i9s_B,base,8,202,194,0,38.0,20,6,0.0
6i9s_B,base,9,202,194,0,27.0,14,12,0.0
6i9s_B,finetuned,0,202,194,0,23.0,13,10,0.0
6i9s_B,finetuned,1,202,194,0,25.0,15,6,0.0
6i9s_B,finetuned,2,202,194,0,20.0,10,4,0.0
6i9s_B,finetuned,3,202,194,0,21.0,12,16,0.0
6i9s_B,finetuned,4,202,194,0,32.0,16,20,0.0
6i9s_B,finetuned,5,202,194,0,22.0,13,0,0.0
6i9s_B,finetuned,6,202,194,0,20.0,14,12,0.0
6i9s_B,finetuned,7,202,194,0,29.0,16,4,0.0
6i9s_B,finetuned,8,202,194,0,25.0,15,14,0.0
6i9s_B,finetuned,9,202,194,0,26.0,14,10,0.0
6pse_B,base,0,226,202,18,13.0,11,26,0.0
6pse_B,base,1,226,202,18,12.0,8,28,0.0
6pse_B,base,2,226,202,18,5.0,5,38,1.0
6pse_B,base,3,226,202,18,10.0,10,28,0.0
6pse_B,base,4,226,202,18,20.0,14,29,0.0
6pse_B,base,5,226,202,18,14.0,11,37,0.0
6pse_B,base,6,226,202,18,28.0,16,42,0.0
6pse_B,base,7,226,202,18,15.0,11,18,0.0
6pse_B,base,8,226,202,18,26.0,16,27,0.0
6pse_B,base,9,226,202,18,37.0,17,31,0.0
6pse_B,finetuned,0,226,202,18,14.0,9,22,0.0
6pse_B,finetuned,1,226,202,18,17.0,12,16,0.0
6pse_B,finetuned,2,226,202,18,10.0,8,15,0.0
6pse_B,finetuned,3,226,202,18,11.0,5,23,0.0
6pse_B,finetuned,4,226,202,18,11.0,11,23,0.0
6pse_B,finetuned,5,226,202,18,34.0,16,16,0.0
6pse_B,finetuned,6,226,202,18,11.0,7,11,0.0
6pse_B,finetuned,7,226,202,18,14.0,10,8,0.0
6pse_B,finetuned,8,226,202,18,6.0,4,12,0.0
6pse_B,finetuned,9,226,202,18,17.0,11,29,3.0
4hg2_B,base,0,257,249,0,83.0,34,34,0.0
4hg2_B,base,1,257,249,0,82.0,35,66,0.0
4hg2_B,base,2,257,249,0,80.0,37,56,0.0
4hg2_B,base,3,257,249,0,71.0,32,57,0.0
4hg2_B,base,4,257,249,0,70.0,31,59,0.0
4hg2_B,base,5,257,249,0,75.0,33,61,0.0
4hg2_B,base,6,257,249,0,70.0,33,75,0.0
4hg2_B,base,7,257,249,0,84.0,37,61,0.0
4hg2_B,base,8,257,249,0,86.0,39,51,0.0
4hg2_B,base,9,257,249,0,54.0,29,49,0.0
4hg2_B,finetuned,0,257,249,0,60.0,26,32,0.0
4hg2_B,finetuned,1,257,249,0,28.0,16,20,0.0
4hg2_B,finetuned,2,257,249,0,59.0,31,30,0.0
4hg2_B,finetuned,3,257,249,0,61.0,29,34,0.0
4hg2_B,finetuned,4,257,249,0,45.0,20,21,0.0
4hg2_B,finetuned,5,257,249,0,44.0,22,28,0.0
4hg2_B,finetuned,6,257,249,0,57.0,28,40,0.0
4hg2_B,finetuned,7,257,249,0,60.0,31,46,0.0
4hg2_B,finetuned,8,257,249,0,46.0,24,28,0.0
4hg2_B,finetuned,9,257,249,0,56.0,28,57,0.0
6p0g_A,base,0,185,177,0,56.0,26,18,0.0
6p0g_A,base,1,185,177,0,56.0,25,17,0.0
6p0g_A,base,2,185,177,0,68.0,31,20,0.0
6p0g_A,base,3,185,177,0,63.0,29,21,0.0
6p0g_A,base,4,185,177,0,65.0,35,16,0.0
6p0g_A,base,5,185,177,0,47.0,26,29,0.0
6p0g_A,base,6,185,177,0,65.0,34,19,0.0
6p0g_A,base,7,185,177,0,71.0,32,27,0.0
6p0g_A,base,8,185,177,0,81.0,34,29,0.0
6p0g_A,base,9,185,177,0,62.0,25,28,0.0
6p0g_A,finetuned,0,185,177,0,61.0,31,19,0.0
6p0g_A,finetuned,1,185,177,0,72.0,32,35,0.0
6p0g_A,finetuned,2,185,177,0,59.0,28,29,0.0
6p0g_A,finetuned,3,185,177,0,61.0,27,24,0.0
6p0g_A,finetuned,4,185,177,0,53.0,23,29,0.0
6p0g_A,finetuned,5,185,177,0,57.0,27,25,0.0
6p0g_A,finetuned,6,185,177,0,52.0,26,33,0.0
6p0g_A,finetuned,7,185,177,0,60.0,29,29,0.0
6p0g_A,finetuned,8,185,177,0,60.0,33,38,0.0
6p0g_A,finetuned,9,185,177,0,61.0,30,32,0.0
2yn0_A,base,0,271,263,0,49.0,31,20,0.0
2yn0_A,base,1,271,263,0,63.0,34,16,0.0
2yn0_A,base,2,271,263,0,80.0,42,20,0.0
2yn0_A,base,3,271,263,0,69.0,34,13,0.0
2yn0_A,base,4,271,263,0,62.0,35,21,0.0
2yn0_A,base,5,271,263,0,60.0,34,19,0.0
2yn0_A,base,6,271,263,0,74.0,40,23,0.0
2yn0_A,base,7,271,263,0,88.0,41,31,0.0
2yn0_A,base,8,271,263,0,80.0,38,35,0.0
2yn0_A,base,9,271,263,0,58.0,33,27,0.0
2yn0_A,finetuned,0,271,263,0,52.0,34,9,0.0
2yn0_A,finetuned,1,271,263,0,62.0,29,12,0.0
2yn0_A,finetuned,2,271,263,0,44.0,24,9,0.0
2yn0_A,finetuned,3,271,263,0,60.0,33,9,0.0
2yn0_A,finetuned,4,271,263,0,53.0,30,14,0.0
2yn0_A,finetuned,5,271,263,0,51.0,28,8,0.0
2yn0_A,finetuned,6,271,263,0,50.0,27,14,0.0
2yn0_A,finetuned,7,271,263,0,55.0,32,12,0.0
2yn0_A,finetuned,8,271,263,0,64.0,36,18,0.0
2yn0_A,finetuned,9,271,263,0,59.0,33,8,0.0
3d5l_A,base,0,215,207,0,35.0,23,27,0.0
3d5l_A,base,1,215,207,0,47.0,25,32,0.0
3d5l_A,base,2,215,207,0,46.0,23,40,0.0
3d5l_A,base,3,215,207,0,31.0,17,45,0.0
3d5l_A,base,4,215,207,0,47.0,23,32,0.0
3d5l_A,base,5,215,207,0,66.0,31,47,0.0
3d5l_A,base,6,215,207,0,46.0,25,40,0.0
3d5l_A,base,7,215,207,0,50.0,24,47,0.0
3d5l_A,base,8,215,207,0,49.0,28,39,0.0
3d5l_A,base,9,215,207,0,53.0,25,54,0.0
3d5l_A,finetuned,0,215,207,0,37.0,19,32,0.0
3d5l_A,finetuned,1,215,207,0,47.0,26,20,0.0
3d5l_A,finetuned,2,215,207,0,37.0,19,13,0.0
3d5l_A,finetuned,3,215,207,0,46.0,21,20,0.0
3d5l_A,finetuned,4,215,207,0,65.0,31,22,0.0
3d5l_A,finetuned,5,215,207,0,38.0,23,30,0.0
3d5l_A,finetuned,6,215,207,0,57.0,28,33,0.0
3d5l_A,finetuned,7,215,207,0,50.0,23,20,0.0
3d5l_A,finetuned,8,215,207,0,59.0,28,26,0.0
3d5l_A,finetuned,9,215,207,0,52.0,24,33,0.0
3tvz_A,base,0,172,164,0,49.0,23,29,0.0
3tvz_A,base,1,172,164,0,49.0,23,30,0.0
3tvz_A,base,2,172,164,0,54.0,24,36,0.0
3tvz_A,base,3,172,164,0,59.0,26,30,0.0
3tvz_A,base,4,172,164,0,63.0,27,54,0.0
3tvz_A,base,5,172,164,0,48.0,24,63,0.0
3tvz_A,base,6,172,164,0,43.0,23,37,0.0
3tvz_A,base,7,172,164,0,58.0,28,37,0.0
3tvz_A,base,8,172,164,0,64.0,26,36,0.0
3tvz_A,base,9,172,164,0,58.0,27,37,0.0
3tvz_A,finetuned,0,172,164,0,38.0,18,21,0.0
3tvz_A,finetuned,1,172,164,0,50.0,22,19,0.0
3tvz_A,finetuned,2,172,164,0,42.0,21,20,0.0
3tvz_A,finetuned,3,172,164,0,46.0,26,15,0.0
3tvz_A,finetuned,4,172,164,0,54.0,26,18,0.0
3tvz_A,finetuned,5,172,164,0,48.0,24,24,0.0
3tvz_A,finetuned,6,172,164,0,56.0,23,19,0.0
3tvz_A,finetuned,7,172,164,0,45.0,20,17,0.0
3tvz_A,finetuned,8,172,164,0,48.0,19,30,0.0
3tvz_A,finetuned,9,172,164,0,55.0,22,35,0.0
4tql_B,base,0,241,233,0,10.0,5,19,0.0
4tql_B,base,1,241,233,0,16.0,14,25,0.0
4tql_B,base,2,241,233,0,27.0,17,42,0.0
4tql_B,base,3,241,233,0,13.0,13,24,0.0
4tql_B,base,4,241,233,0,9.0,7,18,0.0
4tql_B,base,5,241,233,0,14.0,12,23,0.0
4tql_B,base,6,241,233,0,21.0,15,14,0.0
4tql_B,base,7,241,233,0,8.0,6,17,0.0
4tql_B,base,8,241,233,0,37.0,21,74,0.0
4tql_B,base,9,241,233,0,28.0,14,58,4.0
4tql_B,finetuned,0,241,233,0,10.0,8,6,0.0
4tql_B,finetuned,1,241,233,0,9.0,8,13,0.0
4tql_B,finetuned,2,241,233,0,9.0,5,27,0.0
4tql_B,finetuned,3,241,233,0,17.0,13,31,0.0
4tql_B,finetuned,4,241,233,0,10.0,10,4,0.0
4tql_B,finetuned,5,241,233,0,12.0,10,14,0.0
4tql_B,finetuned,6,241,233,0,11.0,9,15,0.0
4tql_B,finetuned,7,241,233,0,12.0,8,13,0.0
4tql_B,finetuned,8,241,233,0,12.0,10,21,0.0
4tql_B,finetuned,9,241,233,0,13.0,8,15,0.0
2wjr_A,base,0,214,206,0,102.0,42,58,0.0
2wjr_A,base,1,214,206,0,74.0,34,42,0.0
2wjr_A,base,2,214,206,0,82.0,36,27,0.0
2wjr_A,base,3,214,206,0,94.0,41,34,0.0
2wjr_A,base,4,214,206,0,82.0,38,33,0.0
2wjr_A,base,5,214,206,0,103.0,40,48,0.0
2wjr_A,base,6,214,206,0,105.0,45,42,0.0
2wjr_A,base,7,214,206,0,96.0,42,44,0.0
2wjr_A,base,8,214,206,0,98.0,38,53,0.0
2wjr_A,base,9,214,206,0,82.0,40,51,0.0
2wjr_A,finetuned,0,214,206,0,67.0,35,23,0.0
2wjr_A,finetuned,1,214,206,0,78.0,39,25,0.0
2wjr_A,finetuned,2,214,206,0,85.0,33,18,0.0
2wjr_A,finetuned,3,214,206,0,82.0,34,14,0.0
2wjr_A,finetuned,4,214,206,0,96.0,39,26,0.0
2wjr_A,finetuned,5,214,206,0,88.0,34,27,0.0
2wjr_A,finetuned,6,214,206,0,75.0,38,14,0.0
2wjr_A,finetuned,7,214,206,0,78.0,32,29,0.0
2wjr_A,finetuned,8,214,206,0,110.0,50,34,0.0
2wjr_A,finetuned,9,214,206,0,102.0,43,38,0.0
4efr_C,base,0,239,231,0,70.0,29,29,0.0
4efr_C,base,1,239,231,0,67.0,32,22,0.0
4efr_C,base,2,239,231,0,87.0,36,30,0.0
4efr_C,base,3,239,231,0,78.0,36,39,0.0
4efr_C,base,4,239,231,0,76.0,36,41,0.0
4efr_C,base,5,239,231,0,83.0,37,35,0.0
4efr_C,base,6,239,231,0,87.0,44,43,0.0
4efr_C,base,7,239,231,0,78.0,37,44,0.0
4efr_C,base,8,239,231,0,90.0,39,31,0.0
4efr_C,base,9,239,231,0,75.0,36,42,0.0
4efr_C,finetuned,0,239,231,0,50.0,24,4,0.0
4efr_C,finetuned,1,239,231,0,61.0,26,13,0.0
4efr_C,finetuned,2,239,231,0,47.0,28,5,0.0
4efr_C,finetuned,3,239,231,0,47.0,25,1,0.0
4efr_C,finetuned,4,239,231,0,59.0,26,6,0.0
4efr_C,finetuned,5,239,231,0,52.0,27,7,0.0
4efr_C,finetuned,6,239,231,0,60.0,27,9,0.0
4efr_C,finetuned,7,239,231,0,69.0,32,12,0.0
4efr_C,finetuned,8,239,231,0,45.0,25,13,0.0
4efr_C,finetuned,9,239,231,0,74.0,38,17,0.0
4i3m_A,base,0,350,334,9,60.0,34,49,0.0
4i3m_A,base,1,350,334,9,47.0,26,28,0.0
4i3m_A,base,2,350,334,9,60.0,34,49,0.0
4i3m_A,base,3,350,334,9,56.0,27,54,0.0
4i3m_A,base,4,350,334,9,55.0,31,49,0.0
4i3m_A,base,5,350,334,9,62.0,35,49,0.0
4i3m_A,base,6,350,334,9,61.0,33,71,0.0
4i3m_A,base,7,350,334,9,74.0,37,67,0.0
4i3m_A,base,8,350,334,9,62.0,29,44,0.0
4i3m_A,base,9,350,334,9,81.0,37,91,0.0
4i3m_A,finetuned,0,350,334,9,44.0,29,20,0.0
4i3m_A,finetuned,1,350,334,9,55.0,30,31,0.0
4i3m_A,finetuned,2,350,334,9,46.0,26,24,0.0
4i3m_A,finetuned,3,350,334,9,42.0,20,24,0.0
4i3m_A,finetuned,4,350,334,9,47.0,28,33,0.0
4i3m_A,finetuned,5,350,334,9,52.0,30,21,0.0
4i3m_A,finetuned,6,350,334,9,51.0,35,17,0.0
4i3m_A,finetuned,7,350,334,9,37.0,25,16,0.0
4i3m_A,finetuned,8,350,334,9,61.0,27,36,0.0
4i3m_A,finetuned,9,350,334,9,66.0,35,49,0.0
6y4z_B,base,0,359,351,0,100.0,43,70,0.0
6y4z_B,base,1,359,351,0,99.0,47,67,0.0
6y4z_B,base,2,359,351,0,106.0,45,84,0.0
6y4z_B,base,3,359,351,0,111.0,52,60,0.0
6y4z_B,base,4,359,351,0,105.0,50,62,0.0
6y4z_B,base,5,359,351,0,109.0,51,58,0.0
6y4z_B,base,6,359,351,0,112.0,51,57,0.0
6y4z_B,base,7,359,351,0,123.0,55,79,0.0
6y4z_B,base,8,359,351,0,108.0,49,76,0.0
6y4z_B,base,9,359,351,0,117.0,53,77,0.0
6y4z_B,finetuned,0,359,351,0,113.0,47,33,0.0
6y4z_B,finetuned,1,359,351,0,108.0,50,51,0.0
6y4z_B,finetuned,2,359,351,0,91.0,44,40,0.0
6y4z_B,finetuned,3,359,351,0,93.0,42,51,0.0
6y4z_B,finetuned,4,359,351,0,95.0,42,32,0.0
6y4z_B,finetuned,5,359,351,0,87.0,44,43,0.0
6y4z_B,finetuned,6,359,351,0,109.0,48,40,0.0
6y4z_B,finetuned,7,359,351,0,100.0,47,43,0.0
6y4z_B,finetuned,8,359,351,0,106.0,50,41,0.0
6y4z_B,finetuned,9,359,351,0,100.0,43,53,0.0
6y93_A,base,0,280,264,9,53.0,28,15,0.0
6y93_A,base,1,280,264,9,75.0,35,33,0.0
6y93_A,base,2,280,264,9,78.0,37,24,0.0
6y93_A,base,3,280,264,9,52.0,31,31,0.0
6y93_A,base,4,280,264,9,85.0,37,49,0.0
6y93_A,base,5,280,264,9,67.0,35,33,0.0
6y93_A,base,6,280,264,9,47.0,26,27,0.0
6y93_A,base,7,280,264,9,64.0,34,25,0.0
6y93_A,base,8,280,264,9,71.0,38,29,0.0
6y93_A,base,9,280,264,9,77.0,36,50,0.0
6y93_A,finetuned,0,280,264,9,57.0,30,28,0.0
6y93_A,finetuned,1,280,264,9,54.0,27,29,0.0
6y93_A,finetuned,2,280,264,9,61.0,28,22,0.0
6y93_A,finetuned,3,280,264,9,59.0,35,24,0.0
6y93_A,finetuned,4,280,264,9,50.0,28,20,0.0
6y93_A,finetuned,5,280,264,9,71.0,36,32,0.0
6y93_A,finetuned,6,280,264,9,60.0,31,27,0.0
6y93_A,finetuned,7,280,264,9,47.0,27,19,0.0
6y93_A,finetuned,8,280,264,9,54.0,31,19,0.0
6y93_A,finetuned,9,280,264,9,54.0,28,28,0.0
5jkq_A,base,0,284,276,0,118.0,47,48,0.0
5jkq_A,base,1,284,276,0,98.0,42,41,0.0
5jkq_A,base,2,284,276,0,78.0,36,45,0.0
5jkq_A,base,3,284,276,0,119.0,47,40,0.0
5jkq_A,base,4,284,276,0,80.0,38,56,0.0
5jkq_A,base,5,284,276,0,97.0,42,54,0.0
5jkq_A,base,6,284,276,0,104.0,44,52,0.0
5jkq_A,base,7,284,276,0,89.0,42,70,0.0
5jkq_A,base,8,284,276,0,88.0,44,66,0.0
5jkq_A,base,9,284,276,0,91.0,40,71,0.0
5jkq_A,finetuned,0,284,276,0,77.0,40,17,0.0
5jkq_A,finetuned,1,284,276,0,74.0,43,40,0.0
5jkq_A,finetuned,2,284,276,0,75.0,40,20,0.0
5jkq_A,finetuned,3,284,276,0,88.0,37,21,0.0
5jkq_A,finetuned,4,284,276,0,83.0,38,21,0.0
5jkq_A,finetuned,5,284,276,0,75.0,37,16,0.0
5jkq_A,finetuned,6,284,276,0,75.0,40,21,0.0
5jkq_A,finetuned,7,284,276,0,68.0,37,27,0.0
5jkq_A,finetuned,8,284,276,0,85.0,43,29,0.0
5jkq_A,finetuned,9,284,276,0,83.0,44,35,0.0
2gt4_C,base,0,320,304,9,109.0,54,33,0.0
2gt4_C,base,1,320,304,9,109.0,50,34,0.0
2gt4_C,base,2,320,304,9,112.0,48,39,0.0
2gt4_C,base,3,320,304,9,92.0,46,38,0.0
2gt4_C,base,4,320,304,9,146.0,55,53,0.0
2gt4_C,base,5,320,304,9,116.0,49,34,0.0
2gt4_C,base,6,320,304,9,131.0,50,45,0.0
2gt4_C,base,7,320,304,9,134.0,54,39,0.0
2gt4_C,base,8,320,304,9,108.0,43,42,0.0
2gt4_C,base,9,320,304,9,127.0,58,43,0.0
2gt4_C,finetuned,0,320,304,9,98.0,43,36,0.0
2gt4_C,finetuned,1,320,304,9,96.0,45,30,0.0
2gt4_C,finetuned,2,320,304,9,104.0,43,27,0.0
2gt4_C,finetuned,3,320,304,9,92.0,42,31,0.0
2gt4_C,finetuned,4,320,304,9,85.0,44,32,0.0
2gt4_C,finetuned,5,320,304,9,107.0,45,36,0.0
2gt4_C,finetuned,6,320,304,9,90.0,42,38,0.0
2gt4_C,finetuned,7,320,304,9,86.0,36,30,0.0
2gt4_C,finetuned,8,320,304,9,84.0,46,23,0.0
2gt4_C,finetuned,9,320,304,9,85.0,45,31,0.0
4zxf_D,base,0,330,322,0,101.0,47,51,0.0
4zxf_D,base,1,330,322,0,77.0,34,33,0.0
4zxf_D,base,2,330,322,0,107.0,50,50,0.0
4zxf_D,base,3,330,322,0,120.0,51,66,0.0
4zxf_D,base,4,330,322,0,96.0,45,37,0.0
4zxf_D,base,5,330,322,0,106.0,44,45,0.0
4zxf_D,base,6,330,322,0,106.0,49,36,0.0
4zxf_D,base,7,330,322,0,124.0,57,56,0.0
4zxf_D,base,8,330,322,0,137.0,53,48,0.0
4zxf_D,base,9,330,322,0,112.0,50,62,0.0
4zxf_D,finetuned,0,330,322,0,98.0,41,20,0.0
4zxf_D,finetuned,1,330,322,0,76.0,43,9,0.0
4zxf_D,finetuned,2,330,322,0,90.0,41,16,0.0
4zxf_D,finetuned,3,330,322,0,86.0,43,6,0.0
4zxf_D,finetuned,4,330,322,0,91.0,44,8,0.0
4zxf_D,finetuned,5,330,322,0,87.0,36,15,0.0
4zxf_D,finetuned,6,330,322,0,91.0,46,17,0.0
4zxf_D,finetuned,7,330,322,0,76.0,38,17,0.0
4zxf_D,finetuned,8,330,322,0,123.0,56,30,0.0
4zxf_D,finetuned,9,330,322,0,92.0,48,30,0.0
2fck_A,base,0,362,346,9,150.0,65,75,0.0
2fck_A,base,1,362,346,9,112.0,52,56,0.0
2fck_A,base,2,362,346,9,93.0,43,54,0.0
2fck_A,base,3,362,346,9,98.0,52,72,0.0
2fck_A,base,4,362,346,9,106.0,54,70,0.0
2fck_A,base,5,362,346,9,112.0,54,59,0.0
2fck_A,base,6,362,346,9,81.0,42,71,0.0
2fck_A,base,7,362,346,9,177.0,79,82,0.0
2fck_A,base,8,362,346,9,119.0,53,69,0.0
2fck_A,base,9,362,346,9,137.0,60,83,0.0
2fck_A,finetuned,0,362,346,9,101.0,51,30,0.0
2fck_A,finetuned,1,362,346,9,95.0,44,25,0.0
2fck_A,finetuned,2,362,346,9,71.0,35,40,0.0
2fck_A,finetuned,3,362,346,9,90.0,37,24,0.0
2fck_A,finetuned,4,362,346,9,86.0,45,51,0.0
2fck_A,finetuned,5,362,346,9,100.0,51,29,0.0
2fck_A,finetuned,6,362,346,9,118.0,58,32,0.0
2fck_A,finetuned,7,362,346,9,84.0,49,40,0.0
2fck_A,finetuned,8,362,346,9,97.0,50,35,0.0
2fck_A,finetuned,9,362,346,9,117.0,56,39,0.0
1jxm_A,base,0,301,293,0,76.0,39,54,0.0
1jxm_A,base,1,301,293,0,66.0,35,43,0.0
1jxm_A,base,2,301,293,0,81.0,39,51,0.0
1jxm_A,base,3,301,293,0,70.0,37,56,0.0
1jxm_A,base,4,301,293,0,96.0,48,84,0.0
1jxm_A,base,5,301,293,0,88.0,39,49,0.0
1jxm_A,base,6,301,293,0,85.0,38,73,0.0
1jxm_A,base,7,301,293,0,117.0,49,63,0.0
1jxm_A,base,8,301,293,0,78.0,36,91,0.0
1jxm_A,base,9,301,293,0,98.0,46,78,0.0
1jxm_A,finetuned,0,301,293,0,65.0,30,28,0.0
1jxm_A,finetuned,1,301,293,0,77.0,38,41,0.0
1jxm_A,finetuned,2,301,293,0,75.0,38,47,0.0
1jxm_A,finetuned,3,301,293,0,74.0,37,32,0.0
1jxm_A,finetuned,4,301,293,0,61.0,40,35,0.0
1jxm_A,finetuned,5,301,293,0,58.0,29,32,0.0
1jxm_A,finetuned,6,301,293,0,72.0,35,34,0.0
1jxm_A,finetuned,7,301,293,0,79.0,34,23,0.0
1jxm_A,finetuned,8,301,293,0,77.0,37,35,0.0
1jxm_A,finetuned,9,301,293,0,60.0,30,47,0.0
2ich_A,base,0,335,327,0,67.0,39,41,0.0
2ich_A,base,1,335,327,0,89.0,46,38,0.0
2ich_A,base,2,335,327,0,85.0,44,53,0.0
2ich_A,base,3,335,327,0,95.0,49,46,0.0
2ich_A,base,4,335,327,0,86.0,42,35,0.0
2ich_A,base,5,335,327,0,82.0,44,62,0.0
2ich_A,base,6,335,327,0,96.0,45,34,0.0
2ich_A,base,7,335,327,0,80.0,41,28,0.0
2ich_A,base,8,335,327,0,96.0,49,66,0.0
2ich_A,base,9,335,327,0,84.0,50,54,0.0
2ich_A,finetuned,0,335,327,0,81.0,40,8,0.0
2ich_A,finetuned,1,335,327,0,56.0,34,7,0.0
2ich_A,finetuned,2,335,327,0,62.0,34,10,0.0
2ich_A,finetuned,3,335,327,0,67.0,36,11,0.0
2ich_A,finetuned,4,335,327,0,63.0,39,7,0.0
2ich_A,finetuned,5,335,327,0,56.0,34,16,0.0
2ich_A,finetuned,6,335,327,0,54.0,34,13,0.0
2ich_A,finetuned,7,335,327,0,67.0,38,28,0.0
2ich_A,finetuned,8,335,327,0,54.0,32,7,0.0
2ich_A,finetuned,9,335,327,0,74.0,39,19,0.0
2gj8_B,base,0,344,328,9,120.0,53,67,0.0
2gj8_B,base,1,344,328,9,135.0,58,81,0.0
2gj8_B,base,2,344,328,9,111.0,55,80,0.0
2gj8_B,base,3,344,328,9,116.0,50,61,0.0
2gj8_B,base,4,344,328,9,124.0,58,82,0.0
2gj8_B,base,5,344,328,9,135.0,53,71,0.0
2gj8_B,base,6,344,328,9,133.0,57,93,0.0
2gj8_B,base,7,344,328,9,119.0,52,85,0.0
2gj8_B,base,8,344,328,9,126.0,54,82,0.0
2gj8_B,base,9,344,328,9,122.0,53,74,0.0
2gj8_B,finetuned,0,344,328,9,99.0,49,39,0.0
2gj8_B,finetuned,1,344,328,9,112.0,53,42,0.0
2gj8_B,finetuned,2,344,328,9,97.0,39,36,0.0
2gj8_B,finetuned,3,344,328,9,106.0,49,30,0.0
2gj8_B,finetuned,4,344,328,9,120.0,52,52,0.0
2gj8_B,finetuned,5,344,328,9,114.0,52,48,0.0
2gj8_B,finetuned,6,344,328,9,95.0,47,40,0.0
2gj8_B,finetuned,7,344,328,9,105.0,49,44,0.0
2gj8_B,finetuned,8,344,328,9,121.0,57,42,0.0
2gj8_B,finetuned,9,344,328,9,123.0,61,43,0.0
4mup_C,base,0,302,294,0,102.0,40,41,0.0
4mup_C,base,1,302,294,0,105.0,41,47,0.0
4mup_C,base,2,302,294,0,94.0,40,39,0.0
4mup_C,base,3,302,294,0,104.0,36,49,0.0
4mup_C,base,4,302,294,0,97.0,43,48,0.0
4mup_C,base,5,302,294,0,105.0,41,53,0.0
4mup_C,base,6,302,294,0,106.0,44,49,0.0
4mup_C,base,7,302,294,0,103.0,40,70,0.0
4mup_C,base,8,302,294,0,93.0,37,65,0.0
4mup_C,base,9,302,294,0,94.0,42,63,0.0
4mup_C,finetuned,0,302,294,0,84.0,33,27,0.0
4mup_C,finetuned,1,302,294,0,97.0,38,25,0.0
4mup_C,finetuned,2,302,294,0,73.0,31,21,0.0
4mup_C,finetuned,3,302,294,0,77.0,36,14,0.0
4mup_C,finetuned,4,302,294,0,82.0,34,34,0.0
4mup_C,finetuned,5,302,294,0,87.0,38,30,0.0
4mup_C,finetuned,6,302,294,0,73.0,32,18,0.0
4mup_C,finetuned,7,302,294,0,73.0,33,29,0.0
4mup_C,finetuned,8,302,294,0,70.0,31,22,0.0
4mup_C,finetuned,9,302,294,0,80.0,31,21,0.0
2vn8_A,base,0,368,360,0,116.0,52,41,0.0
2vn8_A,base,1,368,360,0,136.0,62,46,0.0
2vn8_A,base,2,368,360,0,109.0,57,76,0.0
2vn8_A,base,3,368,360,0,108.0,53,70,0.0
2vn8_A,base,4,368,360,0,114.0,51,56,0.0
2vn8_A,base,5,368,360,0,139.0,61,72,0.0
2vn8_A,base,6,368,360,0,137.0,55,59,0.0
2vn8_A,base,7,368,360,0,139.0,62,55,0.0
2vn8_A,base,8,368,360,0,136.0,59,68,0.0
2vn8_A,base,9,368,360,0,110.0,54,80,0.0
2vn8_A,finetuned,0,368,360,0,116.0,56,30,0.0
2vn8_A,finetuned,1,368,360,0,122.0,55,39,0.0
2vn8_A,finetuned,2,368,360,0,83.0,42,39,0.0
2vn8_A,finetuned,3,368,360,0,124.0,57,71,0.0
2vn8_A,finetuned,4,368,360,0,116.0,58,57,0.0
2vn8_A,finetuned,5,368,360,0,128.0,61,59,0.0
2vn8_A,finetuned,6,368,360,0,102.0,46,38,0.0
2vn8_A,finetuned,7,368,360,0,106.0,49,57,0.0
2vn8_A,finetuned,8,368,360,0,113.0,50,40,0.0
2vn8_A,finetuned,9,368,360,0,80.0,40,44,0.0
4qpm_A,base,0,356,348,0,117.0,49,50,0.0
4qpm_A,base,1,356,348,0,145.0,57,44,0.0
4qpm_A,base,2,356,348,0,136.0,63,55,0.0
4qpm_A,base,3,356,348,0,148.0,60,47,0.0
4qpm_A,base,4,356,348,0,146.0,61,42,0.0
4qpm_A,base,5,356,348,0,121.0,51,59,0.0
4qpm_A,base,6,356,348,0,86.0,42,49,0.0
4qpm_A,base,7,356,348,0,143.0,61,47,0.0
4qpm_A,base,8,356,348,0,154.0,60,42,0.0
4qpm_A,base,9,356,348,0,140.0,61,64,0.0
4qpm_A,finetuned,0,356,348,0,118.0,50,35,0.0
4qpm_A,finetuned,1,356,348,0,145.0,55,22,0.0
4qpm_A,finetuned,2,356,348,0,101.0,40,16,0.0
4qpm_A,finetuned,3,356,348,0,109.0,48,27,0.0
4qpm_A,finetuned,4,356,348,0,114.0,52,25,0.0
4qpm_A,finetuned,5,356,348,0,130.0,52,30,0.0
4qpm_A,finetuned,6,356,348,0,140.0,60,24,0.0
4qpm_A,finetuned,7,356,348,0,135.0,58,12,0.0
4qpm_A,finetuned,8,356,348,0,89.0,42,12,0.0
4qpm_A,finetuned,9,356,348,0,114.0,55,46,0.0
2x7p_A,base,0,313,305,0,127.0,53,48,0.0
2x7p_A,base,1,313,305,0,125.0,49,54,0.0
2x7p_A,base,2,313,305,0,112.0,48,64,0.0
2x7p_A,base,3,313,305,0,121.0,52,47,0.0
2x7p_A,base,4,313,305,0,147.0,54,59,0.0
2x7p_A,base,5,313,305,0,117.0,50,67,0.0
2x7p_A,base,6,313,305,0,144.0,56,65,0.0
2x7p_A,base,7,313,305,0,137.0,55,86,0.0
2x7p_A,base,8,313,305,0,122.0,45,49,0.0
2x7p_A,base,9,313,305,0,118.0,54,45,0.0
2x7p_A,finetuned,0,313,305,0,118.0,49,26,0.0
2x7p_A,finetuned,1,313,305,0,105.0,48,43,0.0
2x7p_A,finetuned,2,313,305,0,91.0,40,22,0.0
2x7p_A,finetuned,3,313,305,0,111.0,48,28,0.0
2x7p_A,finetuned,4,313,305,0,104.0,45,27,0.0
2x7p_A,finetuned,5,313,305,0,95.0,38,53,0.0
2x7p_A,finetuned,6,313,305,0,81.0,45,41,0.0
2x7p_A,finetuned,7,313,305,0,95.0,42,48,0.0
2x7p_A,finetuned,8,313,305,0,102.0,46,22,0.0
2x7p_A,finetuned,9,313,305,0,111.0,51,58,0.0
3g73_B,base,0,284,268,9,62.0,28,24,0.0
3g73_B,base,1,284,268,9,77.0,33,53,0.0
3g73_B,base,2,284,268,9,67.0,26,39,0.0
3g73_B,base,3,284,268,9,76.0,34,37,0.0
3g73_B,base,4,284,268,9,77.0,32,46,0.0
3g73_B,base,5,284,268,9,68.0,30,32,0.0
3g73_B,base,6,284,268,9,66.0,26,32,0.0
3g73_B,base,7,284,268,9,79.0,34,23,0.0
3g73_B,base,8,284,268,9,55.0,27,44,0.0
3g73_B,base,9,284,268,9,63.0,29,36,0.0
3g73_B,finetuned,0,284,268,9,54.0,28,4,0.0
3g73_B,finetuned,1,284,268,9,60.0,26,9,0.0
3g73_B,finetuned,2,284,268,9,47.0,23,11,0.0
3g73_B,finetuned,3,284,268,9,67.0,29,10,0.0
3g73_B,finetuned,4,284,268,9,58.0,25,21,0.0
3g73_B,finetuned,5,284,268,9,51.0,22,7,0.0
3g73_B,finetuned,6,284,268,9,64.0,28,13,0.0
3g73_B,finetuned,7,284,268,9,63.0,31,24,0.0
3g73_B,finetuned,8,284,268,9,59.0,27,18,0.0
3g73_B,finetuned,9,284,268,9,59.0,26,23,0.0
6qpr_A,base,0,361,353,0,118.0,49,32,0.0
6qpr_A,base,1,361,353,0,144.0,58,47,0.0
6qpr_A,base,2,361,353,0,126.0,57,57,0.0
6qpr_A,base,3,361,353,0,146.0,60,40,0.0
6qpr_A,base,4,361,353,0,142.0,59,28,0.0
6qpr_A,base,5,361,353,0,121.0,53,43,0.0
6qpr_A,base,6,361,353,0,146.0,62,55,0.0
6qpr_A,base,7,361,353,0,149.0,60,48,0.0
6qpr_A,base,8,361,353,0,154.0,67,55,0.0
6qpr_A,base,9,361,353,0,152.0,60,48,0.0
6qpr_A,finetuned,0,361,353,0,133.0,57,22,0.0
6qpr_A,finetuned,1,361,353,0,141.0,63,17,0.0
6qpr_A,finetuned,2,361,353,0,148.0,59,9,0.0
6qpr_A,finetuned,3,361,353,0,148.0,60,34,0.0
6qpr_A,finetuned,4,361,353,0,154.0,63,24,0.0
6qpr_A,finetuned,5,361,353,0,121.0,54,18,0.0
6qpr_A,finetuned,6,361,353,0,123.0,55,16,0.0
6qpr_A,finetuned,7,361,353,0,132.0,54,24,0.0
6qpr_A,finetuned,8,361,353,0,114.0,44,13,0.0
6qpr_A,finetuned,9,361,353,0,133.0,54,43,0.0
3ht2_A,base,0,290,274,9,90.0,38,43,0.0
3ht2_A,base,1,290,274,9,116.0,49,36,0.0
3ht2_A,base,2,290,274,9,96.0,41,36,0.0
3ht2_A,base,3,290,274,9,103.0,41,48,0.0
3ht2_A,base,4,290,274,9,114.0,48,50,0.0
3ht2_A,base,5,290,274,9,86.0,38,47,0.0
3ht2_A,base,6,290,274,9,89.0,43,27,0.0
3ht2_A,base,7,290,274,9,77.0,36,53,0.0
3ht2_A,base,8,290,274,9,76.0,35,48,0.0
3ht2_A,base,9,290,274,9,102.0,41,47,0.0
3ht2_A,finetuned,0,290,274,9,70.0,31,23,0.0
3ht2_A,finetuned,1,290,274,9,92.0,32,20,0.0
3ht2_A,finetuned,2,290,274,9,51.0,30,16,0.0
3ht2_A,finetuned,3,290,274,9,64.0,33,22,0.0
3ht2_A,finetuned,4,290,274,9,68.0,25,25,0.0
3ht2_A,finetuned,5,290,274,9,84.0,37,26,0.0
3ht2_A,finetuned,6,290,274,9,69.0,33,30,0.0
3ht2_A,finetuned,7,290,274,9,74.0,34,10,0.0
3ht2_A,finetuned,8,290,274,9,81.0,31,25,0.0
3ht2_A,finetuned,9,290,274,9,79.0,36,24,0.0
4lor_A,base,0,363,325,33,39.0,21,16,0.0
4lor_A,base,1,363,325,33,35.0,24,18,0.0
4lor_A,base,2,363,325,33,50.0,27,26,0.0
4lor_A,base,3,363,325,33,68.0,39,26,0.0
4lor_A,base,4,363,325,33,38.0,27,19,0.0
4lor_A,base,5,363,325,33,53.0,33,26,0.0
4lor_A,base,6,363,325,33,54.0,31,39,0.0
4lor_A,base,7,363,325,33,61.0,33,46,0.0
4lor_A,base,8,363,325,33,46.0,30,42,0.0
4lor_A,base,9,363,325,33,59.0,34,27,0.0
4lor_A,finetuned,0,363,325,33,44.0,27,6,0.0
4lor_A,finetuned,1,363,325,33,47.0,26,18,0.0
4lor_A,finetuned,2,363,325,33,41.0,27,15,0.0
4lor_A,finetuned,3,363,325,33,38.0,23,11,0.0
4lor_A,finetuned,4,363,325,33,56.0,32,14,0.0
4lor_A,finetuned,5,363,325,33,38.0,28,15,0.0
4lor_A,finetuned,6,363,325,33,31.0,20,14,0.0
4lor_A,finetuned,7,363,325,33,30.0,20,14,0.0
4lor_A,finetuned,8,363,325,33,48.0,30,14,0.0
4lor_A,finetuned,9,363,325,33,54.0,28,15,0.0
2efx_F,base,0,363,355,0,107.0,50,39,0.0
2efx_F,base,1,363,355,0,118.0,56,38,0.0
2efx_F,base,2,363,355,0,102.0,46,35,0.0
2efx_F,base,3,363,355,0,116.0,51,51,0.0
2efx_F,base,4,363,355,0,95.0,47,39,0.0
2efx_F,base,5,363,355,0,114.0,49,43,0.0
2efx_F,base,6,363,355,0,89.0,44,29,0.0
2efx_F,base,7,363,355,0,109.0,47,50,0.0
2efx_F,base,8,363,355,0,79.0,40,29,0.0
2efx_F,base,9,363,355,0,108.0,51,37,0.0
2efx_F,finetuned,0,363,355,0,103.0,54,15,0.0
2efx_F,finetuned,1,363,355,0,92.0,47,27,0.0
2efx_F,finetuned,2,363,355,0,81.0,35,19,0.0
2efx_F,finetuned,3,363,355,0,86.0,38,17,0.0
2efx_F,finetuned,4,363,355,0,104.0,47,24,0.0
2efx_F,finetuned,5,363,355,0,87.0,40,19,0.0
2efx_F,finetuned,6,363,355,0,86.0,45,23,0.0
2efx_F,finetuned,7,363,355,0,88.0,45,14,0.0
2efx_F,finetuned,8,363,355,0,104.0,54,34,0.0
2efx_F,finetuned,9,363,355,0,105.0,56,30,0.0
3pms_A,base,0,320,312,0,103.0,49,77,0.0
3pms_A,base,1,320,312,0,81.0,45,58,0.0
3pms_A,base,2,320,312,0,93.0,45,59,0.0
3pms_A,base,3,320,312,0,104.0,50,72,0.0
3pms_A,base,4,320,312,0,103.0,48,73,0.0
3pms_A,base,5,320,312,0,107.0,58,93,0.0
3pms_A,base,6,320,312,0,99.0,46,84,0.0
3pms_A,base,7,320,312,0,101.0,48,90,0.0
3pms_A,base,8,320,312,0,89.0,46,69,0.0
3pms_A,base,9,320,312,0,77.0,43,74,0.0
3pms_A,finetuned,0,320,312,0,60.0,37,32,0.0
3pms_A,finetuned,1,320,312,0,79.0,44,36,0.0
3pms_A,finetuned,2,320,312,0,89.0,40,48,0.0
3pms_A,finetuned,3,320,312,0,96.0,45,25,0.0
3pms_A,finetuned,4,320,312,0,64.0,36,37,0.0
3pms_A,finetuned,5,320,312,0,84.0,36,30,0.0
3pms_A,finetuned,6,320,312,0,101.0,48,46,0.0
3pms_A,finetuned,7,320,312,0,74.0,38,39,0.0
3pms_A,finetuned,8,320,312,0,77.0,39,47,0.0
3pms_A,finetuned,9,320,312,0,75.0,38,54,0.0
4pyr_A,base,0,305,297,0,77.0,36,26,0.0
4pyr_A,base,1,305,297,0,98.0,43,47,0.0
4pyr_A,base,2,305,297,0,116.0,48,32,0.0
4pyr_A,base,3,305,297,0,106.0,44,54,0.0
4pyr_A,base,4,305,297,0,113.0,44,41,0.0
4pyr_A,base,5,305,297,0,110.0,37,48,0.0
4pyr_A,base,6,305,297,0,101.0,39,53,0.0
4pyr_A,base,7,305,297,0,104.0,46,59,0.0
4pyr_A,base,8,305,297,0,96.0,38,40,0.0
4pyr_A,base,9,305,297,0,107.0,43,59,0.0
4pyr_A,finetuned,0,305,297,0,81.0,35,13,0.0
4pyr_A,finetuned,1,305,297,0,94.0,37,25,0.0
4pyr_A,finetuned,2,305,297,0,74.0,31,17,0.0
4pyr_A,finetuned,3,305,297,0,74.0,35,23,0.0
4pyr_A,finetuned,4,305,297,0,91.0,36,16,0.0
4pyr_A,finetuned,5,305,297,0,89.0,37,33,0.0
4pyr_A,finetuned,6,305,297,0,65.0,30,19,0.0
4pyr_A,finetuned,7,305,297,0,98.0,45,11,0.0
4pyr_A,finetuned,8,305,297,0,91.0,39,18,0.0
4pyr_A,finetuned,9,305,297,0,87.0,34,35,0.0
6ywn_A,base,0,363,355,0,134.0,60,50,0.0
6ywn_A,base,1,363,355,0,115.0,46,32,0.0
6ywn_A,base,2,363,355,0,116.0,46,55,0.0
6ywn_A,base,3,363,355,0,118.0,51,36,0.0
6ywn_A,base,4,363,355,0,126.0,50,36,0.0
6ywn_A,base,5,363,355,0,140.0,58,41,0.0
6ywn_A,base,6,363,355,0,109.0,48,52,0.0
6ywn_A,base,7,363,355,0,152.0,59,47,0.0
6ywn_A,base,8,363,355,0,126.0,59,42,0.0
6ywn_A,base,9,363,355,0,126.0,55,42,0.0
6ywn_A,finetuned,0,363,355,0,61.0,33,16,0.0
6ywn_A,finetuned,1,363,355,0,113.0,47,24,0.0
6ywn_A,finetuned,2,363,355,0,80.0,41,20,0.0
6ywn_A,finetuned,3,363,355,0,73.0,37,21,0.0
6ywn_A,finetuned,4,363,355,0,89.0,45,16,0.0
6ywn_A,finetuned,5,363,355,0,90.0,46,22,0.0
6ywn_A,finetuned,6,363,355,0,98.0,48,33,0.0
6ywn_A,finetuned,7,363,355,0,90.0,42,40,0.0
6ywn_A,finetuned,8,363,355,0,85.0,46,35,0.0
6ywn_A,finetuned,9,363,355,0,74.0,38,32,0.0
4n4u_A,base,0,319,311,0,122.0,42,59,0.0
4n4u_A,base,1,319,311,0,144.0,51,49,0.0
4n4u_A,base,2,319,311,0,124.0,46,44,0.0
4n4u_A,base,3,319,311,0,151.0,54,48,0.0
4n4u_A,base,4,319,311,0,145.0,55,72,0.0
4n4u_A,base,5,319,311,0,123.0,47,54,0.0
4n4u_A,base,6,319,311,0,142.0,53,55,0.0
4n4u_A,base,7,319,311,0,138.0,54,67,0.0
4n4u_A,base,8,319,311,0,137.0,48,82,0.0
4n4u_A,base,9,319,311,0,151.0,53,63,0.0
4n4u_A,finetuned,0,319,311,0,87.0,37,32,0.0
4n4u_A,finetuned,1,319,311,0,126.0,46,32,0.0
4n4u_A,finetuned,2,319,311,0,98.0,45,37,0.0
4n4u_A,finetuned,3,319,311,0,104.0,42,39,0.0
4n4u_A,finetuned,4,319,311,0,95.0,36,40,0.0
4n4u_A,finetuned,5,319,311,0,95.0,41,37,0.0
4n4u_A,finetuned,6,319,311,0,124.0,45,45,0.0
4n4u_A,finetuned,7,319,311,0,122.0,47,45,0.0
4n4u_A,finetuned,8,319,311,0,131.0,48,35,0.0
4n4u_A,finetuned,9,319,311,0,104.0,41,48,0.0
4ose_B,base,0,290,282,0,109.0,50,29,0.0
4ose_B,base,1,290,282,0,116.0,53,32,0.0
4ose_B,base,2,290,282,0,108.0,50,50,0.0
4ose_B,base,3,290,282,0,118.0,49,37,0.0
4ose_B,base,4,290,282,0,133.0,54,57,0.0
4ose_B,base,5,290,282,0,120.0,46,25,0.0
4ose_B,base,6,290,282,0,119.0,52,39,0.0
4ose_B,base,7,290,282,0,111.0,51,76,0.0
4ose_B,base,8,290,282,0,119.0,51,26,0.0
4ose_B,base,9,290,282,0,126.0,54,43,0.0
4ose_B,finetuned,0,290,282,0,130.0,55,22,0.0
4ose_B,finetuned,1,290,282,0,109.0,54,22,0.0
4ose_B,finetuned,2,290,282,0,99.0,44,18,0.0
4ose_B,finetuned,3,290,282,0,108.0,48,33,0.0
4ose_B,finetuned,4,290,282,0,102.0,49,20,0.0
4ose_B,finetuned,5,290,282,0,92.0,51,19,0.0
4ose_B,finetuned,6,290,282,0,98.0,46,12,0.0
4ose_B,finetuned,7,290,282,0,110.0,51,19,0.0
4ose_B,finetuned,8,290,282,0,99.0,49,24,0.0
4ose_B,finetuned,9,290,282,0,100.0,42,34,0.0
3m1m_A,base,0,335,327,0,75.0,41,30,0.0
3m1m_A,base,1,335,327,0,116.0,54,44,0.0
3m1m_A,base,2,335,327,0,119.0,55,22,0.0
3m1m_A,base,3,335,327,0,117.0,55,41,0.0
3m1m_A,base,4,335,327,0,93.0,47,54,0.0
3m1m_A,base,5,335,327,0,101.0,56,41,0.0
3m1m_A,base,6,335,327,0,90.0,48,25,0.0
3m1m_A,base,7,335,327,0,93.0,48,35,0.0
3m1m_A,base,8,335,327,0,93.0,50,40,0.0
3m1m_A,base,9,335,327,0,102.0,48,49,0.0
3m1m_A,finetuned,0,335,327,0,87.0,41,21,0.0
3m1m_A,finetuned,1,335,327,0,76.0,43,29,0.0
3m1m_A,finetuned,2,335,327,0,93.0,46,16,0.0
3m1m_A,finetuned,3,335,327,0,67.0,36,24,0.0
3m1m_A,finetuned,4,335,327,0,99.0,49,16,0.0
3m1m_A,finetuned,5,335,327,0,109.0,53,34,0.0
3m1m_A,finetuned,6,335,327,0,88.0,41,25,0.0
3m1m_A,finetuned,7,335,327,0,82.0,46,35,0.0
3m1m_A,finetuned,8,335,327,0,84.0,48,8,0.0
3m1m_A,finetuned,9,335,327,0,92.0,42,32,0.0
6os5_A,base,0,375,367,0,94.0,44,52,0.0
6os5_A,base,1,375,367,0,105.0,51,68,0.0
6os5_A,base,2,375,367,0,109.0,59,63,0.0
6os5_A,base,3,375,367,0,82.0,43,61,0.0
6os5_A,base,4,375,367,0,108.0,55,65,0.0
6os5_A,base,5,375,367,0,102.0,54,65,0.0
6os5_A,base,6,375,367,0,97.0,49,71,0.0
6os5_A,base,7,375,367,0,103.0,50,75,0.0
6os5_A,base,8,375,367,0,94.0,52,58,0.0
6os5_A,base,9,375,367,0,109.0,56,81,0.0
6os5_A,finetuned,0,375,367,0,71.0,48,33,0.0
6os5_A,finetuned,1,375,367,0,92.0,46,39,0.0
6os5_A,finetuned,2,375,367,0,92.0,49,31,0.0
6os5_A,finetuned,3,375,367,0,71.0,40,34,0.0
6os5_A,finetuned,4,375,367,0,99.0,50,35,0.0
6os5_A,finetuned,5,375,367,0,72.0,43,39,0.0
6os5_A,finetuned,6,375,367,0,72.0,45,35,0.0
6os5_A,finetuned,7,375,367,0,97.0,55,49,0.0
6os5_A,finetuned,8,375,367,0,74.0,48,39,0.0
6os5_A,finetuned,9,375,367,0,73.0,37,26,0.0
4wyi_A,base,0,402,394,0,165.0,63,51,0.0
4wyi_A,base,1,402,394,0,172.0,64,54,0.0
4wyi_A,base,2,402,394,0,165.0,65,45,0.0
4wyi_A,base,3,402,394,0,168.0,71,61,0.0
4wyi_A,base,4,402,394,0,179.0,72,60,0.0
4wyi_A,base,5,402,394,0,177.0,68,60,0.0
4wyi_A,base,6,402,394,0,168.0,66,37,1.0
4wyi_A,base,7,402,394,0,159.0,68,62,0.0
4wyi_A,base,8,402,394,0,185.0,70,44,0.0
4wyi_A,base,9,402,394,0,187.0,66,59,0.0
4wyi_A,finetuned,0,402,394,0,122.0,57,22,0.0
4wyi_A,finetuned,1,402,394,0,145.0,62,27,0.0
4wyi_A,finetuned,2,402,394,0,112.0,52,38,0.0
4wyi_A,finetuned,3,402,394,0,125.0,52,43,0.0
4wyi_A,finetuned,4,402,394,0,143.0,60,35,0.0
4wyi_A,finetuned,5,402,394,0,128.0,58,28,0.0
4wyi_A,finetuned,6,402,394,0,135.0,61,33,0.0
4wyi_A,finetuned,7,402,394,0,114.0,55,48,0.0
4wyi_A,finetuned,8,402,394,0,145.0,66,43,0.0
4wyi_A,finetuned,9,402,394,0,134.0,61,51,0.0
3fnr_A,base,0,458,450,0,201.0,81,80,0.0
3fnr_A,base,1,458,450,0,194.0,74,54,0.0
3fnr_A,base,2,458,450,0,210.0,83,71,0.0
3fnr_A,base,3,458,450,0,198.0,84,73,0.0
3fnr_A,base,4,458,450,0,182.0,78,67,0.0
3fnr_A,base,5,458,450,0,200.0,79,91,0.0
3fnr_A,base,6,458,450,0,209.0,81,92,0.0
3fnr_A,base,7,458,450,0,178.0,73,98,0.0
3fnr_A,base,8,458,450,0,256.0,92,88,0.0
3fnr_A,base,9,458,450,0,192.0,78,89,0.0
3fnr_A,finetuned,0,458,450,0,188.0,73,42,0.0
3fnr_A,finetuned,1,458,450,0,169.0,75,38,0.0
3fnr_A,finetuned,2,458,450,0,146.0,67,26,0.0
3fnr_A,finetuned,3,458,450,0,149.0,67,26,0.0
3fnr_A,finetuned,4,458,450,0,195.0,85,55,0.0
3fnr_A,finetuned,5,458,450,0,159.0,66,34,0.0
3fnr_A,finetuned,6,458,450,0,180.0,76,53,0.0
3fnr_A,finetuned,7,458,450,0,152.0,67,39,0.0
3fnr_A,finetuned,8,458,450,0,173.0,72,52,0.0
3fnr_A,finetuned,9,458,450,0,156.0,68,57,0.0
4nc7_B,base,0,372,340,27,96.0,41,53,0.0
4nc7_B,base,1,372,340,27,95.0,49,50,0.0
4nc7_B,base,2,372,340,27,113.0,57,37,0.0
4nc7_B,base,3,372,340,27,88.0,46,51,0.0
4nc7_B,base,4,372,340,27,87.0,42,45,0.0
4nc7_B,base,5,372,340,27,95.0,49,55,0.0
4nc7_B,base,6,372,340,27,119.0,59,46,0.0
4nc7_B,base,7,372,340,27,97.0,42,44,0.0
4nc7_B,base,8,372,340,27,99.0,47,38,0.0
4nc7_B,base,9,372,340,27,107.0,51,30,0.0
4nc7_B,finetuned,0,372,340,27,113.0,50,33,0.0
4nc7_B,finetuned,1,372,340,27,99.0,47,35,0.0
4nc7_B,finetuned,2,372,340,27,116.0,59,30,0.0
4nc7_B,finetuned,3,372,340,27,88.0,48,40,0.0
4nc7_B,finetuned,4,372,340,27,123.0,56,33,0.0
4nc7_B,finetuned,5,372,340,27,122.0,66,38,0.0
4nc7_B,finetuned,6,372,340,27,103.0,51,26,0.0
4nc7_B,finetuned,7,372,340,27,85.0,45,47,0.0
4nc7_B,finetuned,8,372,340,27,114.0,55,38,0.0
4nc7_B,finetuned,9,372,340,27,106.0,50,45,0.0
3eki_A,base,0,403,395,0,147.0,67,59,0.0
3eki_A,base,1,403,395,0,139.0,69,103,0.0
3eki_A,base,2,403,395,0,135.0,64,72,0.0
3eki_A,base,3,403,395,0,122.0,62,77,0.0
3eki_A,base,4,403,395,0,139.0,69,69,0.0
3eki_A,base,5,403,395,0,168.0,70,62,0.0
3eki_A,base,6,403,395,0,141.0,73,66,0.0
3eki_A,base,7,403,395,0,151.0,64,66,0.0
3eki_A,base,8,403,395,0,165.0,80,83,0.0
3eki_A,base,9,403,395,0,125.0,66,90,0.0
3eki_A,finetuned,0,403,395,0,100.0,51,39,0.0
3eki_A,finetuned,1,403,395,0,125.0,59,31,0.0
3eki_A,finetuned,2,403,395,0,140.0,58,38,0.0
3eki_A,finetuned,3,403,395,0,125.0,59,30,0.0
3eki_A,finetuned,4,403,395,0,149.0,68,51,0.0
3eki_A,finetuned,5,403,395,0,143.0,65,34,0.0
3eki_A,finetuned,6,403,395,0,130.0,56,33,0.0
3eki_A,finetuned,7,403,395,0,130.0,60,42,0.0
3eki_A,finetuned,8,403,395,0,105.0,54,24,0.0
3eki_A,finetuned,9,403,395,0,131.0,64,63,0.0
4fdw_A,base,0,401,393,0,91.0,47,75,0.0
4fdw_A,base,1,401,393,0,86.0,45,69,0.0
4fdw_A,base,2,401,393,0,110.0,54,69,0.0
4fdw_A,base,3,401,393,0,96.0,49,67,0.0
4fdw_A,base,4,401,393,0,103.0,51,63,0.0
4fdw_A,base,5,401,393,0,107.0,52,87,0.0
4fdw_A,base,6,401,393,0,91.0,43,69,0.0
4fdw_A,base,7,401,393,0,99.0,50,78,0.0
4fdw_A,base,8,401,393,0,136.0,63,91,0.0
4fdw_A,base,9,401,393,0,128.0,61,76,0.0
4fdw_A,finetuned,0,401,393,0,81.0,41,59,0.0
4fdw_A,finetuned,1,401,393,0,89.0,43,38,0.0
4fdw_A,finetuned,2,401,393,0,80.0,37,64,0.0
4fdw_A,finetuned,3,401,393,0,81.0,44,44,0.0
4fdw_A,finetuned,4,401,393,0,84.0,43,65,0.0
4fdw_A,finetuned,5,401,393,0,100.0,49,75,0.0
4fdw_A,finetuned,6,401,393,0,80.0,44,60,0.0
4fdw_A,finetuned,7,401,393,0,111.0,53,66,0.0
4fdw_A,finetuned,8,401,393,0,87.0,42,60,0.0
4fdw_A,finetuned,9,401,393,0,114.0,52,67,0.0
3lq7_C,base,0,468,452,9,140.0,65,100,0.0
3lq7_C,base,1,468,452,9,156.0,69,110,0.0
3lq7_C,base,2,468,452,9,176.0,83,92,0.0
3lq7_C,base,3,468,452,9,158.0,75,87,0.0
3lq7_C,base,4,468,452,9,124.0,60,107,0.0
3lq7_C,base,5,468,452,9,161.0,70,107,0.0
3lq7_C,base,6,468,452,9,174.0,80,94,0.0
3lq7_C,base,7,468,452,9,216.0,92,84,0.0
3lq7_C,base,8,468,452,9,164.0,77,124,0.0
3lq7_C,base,9,468,452,9,180.0,77,100,0.0
3lq7_C,finetuned,0,468,452,9,145.0,74,42,0.0
3lq7_C,finetuned,1,468,452,9,106.0,64,49,0.0
3lq7_C,finetuned,2,468,452,9,127.0,66,54,0.0
3lq7_C,finetuned,3,468,452,9,144.0,69,61,0.0
3lq7_C,finetuned,4,468,452,9,135.0,67,60,0.0
3lq7_C,finetuned,5,468,452,9,133.0,61,38,0.0
3lq7_C,finetuned,6,468,452,9,149.0,63,64,0.0
3lq7_C,finetuned,7,468,452,9,129.0,60,45,0.0
3lq7_C,finetuned,8,468,452,9,109.0,57,64,0.0
3lq7_C,finetuned,9,468,452,9,130.0,68,58,0.0
2fno_A,base,0,496,480,9,164.0,72,74,0.0
2fno_A,base,1,496,480,9,172.0,78,87,0.0
2fno_A,base,2,496,480,9,192.0,82,68,0.0
2fno_A,base,3,496,480,9,166.0,74,90,0.0
2fno_A,base,4,496,480,9,162.0,78,92,0.0
2fno_A,base,5,496,480,9,156.0,75,84,0.0
2fno_A,base,6,496,480,9,171.0,81,100,0.0
2fno_A,base,7,496,480,9,184.0,81,82,0.0
2fno_A,base,8,496,480,9,192.0,78,70,1.0
2fno_A,base,9,496,480,9,171.0,84,94,0.0
2fno_A,finetuned,0,496,480,9,145.0,70,38,0.0
2fno_A,finetuned,1,496,480,9,181.0,79,28,0.0
2fno_A,finetuned,2,496,480,9,149.0,76,32,0.0
2fno_A,finetuned,3,496,480,9,142.0,67,28,0.0
2fno_A,finetuned,4,496,480,9,144.0,71,47,0.0
2fno_A,finetuned,5,496,480,9,152.0,65,66,0.0
2fno_A,finetuned,6,496,480,9,157.0,76,39,0.0
2fno_A,finetuned,7,496,480,9,160.0,72,36,0.0
2fno_A,finetuned,8,496,480,9,154.0,75,37,0.0
2fno_A,finetuned,9,496,480,9,140.0,70,42,0.0
2gs9_A,base,0,422,406,9,109.0,46,68,0.0
2gs9_A,base,1,422,406,9,101.0,40,67,0.0
2gs9_A,base,2,422,406,9,95.0,44,63,0.0
2gs9_A,base,3,422,406,9,112.0,50,62,0.0
2gs9_A,base,4,422,406,9,132.0,51,65,0.0
2gs9_A,base,5,422,406,9,132.0,54,73,0.0
2gs9_A,base,6,422,406,9,106.0,43,58,0.0
2gs9_A,base,7,422,406,9,116.0,44,61,0.0
2gs9_A,base,8,422,406,9,112.0,48,75,0.0
2gs9_A,base,9,422,406,9,141.0,58,89,0.0
2gs9_A,finetuned,0,422,406,9,111.0,42,39,0.0
2gs9_A,finetuned,1,422,406,9,114.0,45,54,0.0
2gs9_A,finetuned,2,422,406,9,123.0,53,40,0.0
2gs9_A,finetuned,3,422,406,9,113.0,51,48,0.0
2gs9_A,finetuned,4,422,406,9,112.0,44,48,0.0
2gs9_A,finetuned,5,422,406,9,95.0,47,40,0.0
2gs9_A,finetuned,6,422,406,9,89.0,43,40,0.0
2gs9_A,finetuned,7,422,406,9,112.0,43,50,0.0
2gs9_A,finetuned,8,422,406,9,120.0,53,51,0.0
2gs9_A,finetuned,9,422,406,9,98.0,47,46,0.0
2rfr_A,base,0,465,441,18,127.0,56,131,0.0
2rfr_A,base,1,465,441,18,123.0,52,105,0.0
2rfr_A,base,2,465,441,18,124.0,57,99,0.0
2rfr_A,base,3,465,441,18,127.0,53,108,0.0
2rfr_A,base,4,465,441,18,116.0,60,114,0.0
2rfr_A,base,5,465,441,18,116.0,58,122,0.0
2rfr_A,base,6,465,441,18,142.0,61,106,0.0
2rfr_A,base,7,465,441,18,113.0,54,111,0.0
2rfr_A,base,8,465,441,18,121.0,56,102,0.0
2rfr_A,base,9,465,441,18,135.0,55,114,0.0
2rfr_A,finetuned,0,465,441,18,88.0,45,37,0.0
2rfr_A,finetuned,1,465,441,18,103.0,48,54,0.0
2rfr_A,finetuned,2,465,441,18,93.0,49,60,0.0
2rfr_A,finetuned,3,465,441,18,94.0,41,70,0.0
2rfr_A,finetuned,4,465,441,18,104.0,51,50,0.0
2rfr_A,finetuned,5,465,441,18,85.0,44,62,0.0
2rfr_A,finetuned,6,465,441,18,89.0,40,60,0.0
2rfr_A,finetuned,7,465,441,18,86.0,37,61,0.0
2rfr_A,finetuned,8,465,441,18,110.0,48,73,0.0
2rfr_A,finetuned,9,465,441,18,105.0,51,60,0.0
2r6v_A,base,0,382,366,9,151.0,62,56,0.0
2r6v_A,base,1,382,366,9,204.0,80,60,0.0
2r6v_A,base,2,382,366,9,173.0,70,85,0.0
2r6v_A,base,3,382,366,9,168.0,70,65,0.0
2r6v_A,base,4,382,366,9,163.0,64,59,0.0
2r6v_A,base,5,382,366,9,178.0,68,78,0.0
2r6v_A,base,6,382,366,9,161.0,69,67,0.0
2r6v_A,base,7,382,366,9,144.0,64,91,0.0
2r6v_A,base,8,382,366,9,156.0,59,59,0.0
2r6v_A,base,9,382,366,9,170.0,71,81,0.0
2r6v_A,finetuned,0,382,366,9,98.0,52,23,0.0
2r6v_A,finetuned,1,382,366,9,128.0,55,26,0.0
2r6v_A,finetuned,2,382,366,9,133.0,57,54,0.0
2r6v_A,finetuned,3,382,366,9,111.0,48,37,0.0
2r6v_A,finetuned,4,382,366,9,155.0,65,41,0.0
2r6v_A,finetuned,5,382,366,9,136.0,62,39,0.0
2r6v_A,finetuned,6,382,366,9,164.0,61,51,0.0
2r6v_A,finetuned,7,382,366,9,135.0,51,43,0.0
2r6v_A,finetuned,8,382,366,9,120.0,48,40,0.0
2r6v_A,finetuned,9,382,366,9,141.0,59,58,0.0
5kbe_B,base,0,458,442,9,207.0,86,38,0.0
5kbe_B,base,1,458,442,9,206.0,90,61,0.0
5kbe_B,base,2,458,442,9,245.0,97,39,0.0
5kbe_B,base,3,458,442,9,211.0,92,37,0.0
5kbe_B,base,4,458,442,9,220.0,91,61,0.0
5kbe_B,base,5,458,442,9,223.0,93,54,0.0
5kbe_B,base,6,458,442,9,194.0,88,57,0.0
5kbe_B,base,7,458,442,9,231.0,95,49,0.0
5kbe_B,base,8,458,442,9,223.0,87,61,0.0
5kbe_B,base,9,458,442,9,207.0,88,57,0.0
5kbe_B,finetuned,0,458,442,9,175.0,75,36,0.0
5kbe_B,finetuned,1,458,442,9,158.0,67,40,0.0
5kbe_B,finetuned,2,458,442,9,155.0,73,33,0.0
5kbe_B,finetuned,3,458,442,9,182.0,75,35,0.0
5kbe_B,finetuned,4,458,442,9,185.0,81,32,0.0
5kbe_B,finetuned,5,458,442,9,237.0,94,24,0.0
5kbe_B,finetuned,6,458,442,9,187.0,81,21,0.0
5kbe_B,finetuned,7,458,442,9,169.0,81,35,0.0
5kbe_B,finetuned,8,458,442,9,197.0,80,35,0.0
5kbe_B,finetuned,9,458,442,9,207.0,79,44,0.0
5htx_A,base,0,439,431,0,124.0,57,57,0.0
5htx_A,base,1,439,431,0,130.0,55,64,0.0
5htx_A,base,2,439,431,0,129.0,57,84,0.0
5htx_A,base,3,439,431,0,121.0,60,67,0.0
5htx_A,base,4,439,431,0,140.0,61,83,0.0
5htx_A,base,5,439,431,0,130.0,58,53,0.0
5htx_A,base,6,439,431,0,141.0,63,64,0.0
5htx_A,base,7,439,431,0,148.0,69,61,0.0
5htx_A,base,8,439,431,0,133.0,65,76,0.0
5htx_A,base,9,439,431,0,113.0,51,75,0.0
5htx_A,finetuned,0,439,431,0,98.0,51,32,0.0
5htx_A,finetuned,1,439,431,0,106.0,45,39,0.0
5htx_A,finetuned,2,439,431,0,88.0,47,48,0.0
5htx_A,finetuned,3,439,431,0,93.0,48,36,0.0
5htx_A,finetuned,4,439,431,0,109.0,52,40,0.0
5htx_A,finetuned,5,439,431,0,120.0,51,52,0.0
5htx_A,finetuned,6,439,431,0,107.0,53,35,0.0
5htx_A,finetuned,7,439,431,0,122.0,56,43,0.0
5htx_A,finetuned,8,439,431,0,108.0,56,55,0.0
5htx_A,finetuned,9,439,431,0,96.0,51,61,0.0
3dhu_A,base,0,443,435,0,189.0,83,96,0.0
3dhu_A,base,1,443,435,0,147.0,68,93,0.0
3dhu_A,base,2,443,435,0,146.0,67,83,0.0
3dhu_A,base,3,443,435,0,170.0,70,95,0.0
3dhu_A,base,4,443,435,0,171.0,71,81,0.0
3dhu_A,base,5,443,435,0,183.0,73,96,0.0
3dhu_A,base,6,443,435,0,173.0,76,89,0.0
3dhu_A,base,7,443,435,0,185.0,84,94,0.0
3dhu_A,base,8,443,435,0,150.0,70,95,0.0
3dhu_A,base,9,443,435,0,198.0,81,110,0.0
3dhu_A,finetuned,0,443,435,0,175.0,76,36,0.0
3dhu_A,finetuned,1,443,435,0,155.0,69,50,0.0
3dhu_A,finetuned,2,443,435,0,138.0,70,45,0.0
3dhu_A,finetuned,3,443,435,0,127.0,69,55,0.0
3dhu_A,finetuned,4,443,435,0,154.0,67,47,0.0
3dhu_A,finetuned,5,443,435,0,183.0,77,45,0.0
3dhu_A,finetuned,6,443,435,0,160.0,69,64,0.0
3dhu_A,finetuned,7,443,435,0,172.0,72,41,0.0
3dhu_A,finetuned,8,443,435,0,159.0,72,74,0.0
3dhu_A,finetuned,9,443,435,0,148.0,68,51,0.0
4oyu_A,base,0,392,376,9,179.0,67,46,0.0
4oyu_A,base,1,392,376,9,178.0,71,75,0.0
4oyu_A,base,2,392,376,9,174.0,68,73,0.0
4oyu_A,base,3,392,376,9,153.0,67,54,0.0
4oyu_A,base,4,392,376,9,146.0,58,73,0.0
4oyu_A,base,5,392,376,9,156.0,62,71,0.0
4oyu_A,base,6,392,376,9,167.0,69,70,0.0
4oyu_A,base,7,392,376,9,158.0,63,75,0.0
4oyu_A,base,8,392,376,9,165.0,67,68,0.0
4oyu_A,base,9,392,376,9,199.0,73,77,0.0
4oyu_A,finetuned,0,392,376,9,136.0,63,22,0.0
4oyu_A,finetuned,1,392,376,9,144.0,63,32,0.0
4oyu_A,finetuned,2,392,376,9,137.0,54,33,0.0
4oyu_A,finetuned,3,392,376,9,145.0,66,25,0.0
4oyu_A,finetuned,4,392,376,9,150.0,66,30,0.0
4oyu_A,finetuned,5,392,376,9,139.0,57,61,0.0
4oyu_A,finetuned,6,392,376,9,175.0,66,27,0.0
4oyu_A,finetuned,7,392,376,9,118.0,55,25,0.0
4oyu_A,finetuned,8,392,376,9,151.0,65,58,0.0
4oyu_A,finetuned,9,392,376,9,153.0,61,28,0.0
6c8v_A,base,0,384,376,0,134.0,59,58,0.0
6c8v_A,base,1,384,376,0,111.0,48,60,0.0
6c8v_A,base,2,384,376,0,103.0,46,66,0.0
6c8v_A,base,3,384,376,0,119.0,52,76,0.0
6c8v_A,base,4,384,376,0,111.0,46,79,0.0
6c8v_A,base,5,384,376,0,118.0,47,74,0.0
6c8v_A,base,6,384,376,0,121.0,56,65,0.0
6c8v_A,base,7,384,376,0,116.0,44,88,0.0
6c8v_A,base,8,384,376,0,145.0,61,77,0.0
6c8v_A,base,9,384,376,0,132.0,58,58,0.0
6c8v_A,finetuned,0,384,376,0,68.0,35,25,0.0
6c8v_A,finetuned,1,384,376,0,93.0,45,44,0.0
6c8v_A,finetuned,2,384,376,0,92.0,45,42,0.0
6c8v_A,finetuned,3,384,376,0,90.0,44,35,0.0
6c8v_A,finetuned,4,384,376,0,99.0,50,37,0.0
6c8v_A,finetuned,5,384,376,0,94.0,48,37,0.0
6c8v_A,finetuned,6,384,376,0,103.0,51,51,0.0
6c8v_A,finetuned,7,384,376,0,89.0,43,41,0.0
6c8v_A,finetuned,8,384,376,0,98.0,44,38,0.0
6c8v_A,finetuned,9,384,376,0,112.0,48,52,0.0
3q4q_A,base,0,372,356,9,94.0,50,70,0.0
3q4q_A,base,1,372,356,9,90.0,50,84,0.0
3q4q_A,base,2,372,356,9,91.0,49,54,0.0
3q4q_A,base,3,372,356,9,100.0,50,83,0.0
3q4q_A,base,4,372,356,9,87.0,46,81,0.0
3q4q_A,base,5,372,356,9,93.0,44,85,0.0
3q4q_A,base,6,372,356,9,86.0,49,56,0.0
3q4q_A,base,7,372,356,9,63.0,41,80,0.0
3q4q_A,base,8,372,356,9,90.0,44,75,0.0
3q4q_A,base,9,372,356,9,90.0,46,95,0.0
3q4q_A,finetuned,0,372,356,9,98.0,53,36,0.0
3q4q_A,finetuned,1,372,356,9,80.0,49,43,0.0
3q4q_A,finetuned,2,372,356,9,107.0,56,37,0.0
3q4q_A,finetuned,3,372,356,9,101.0,50,51,0.0
3q4q_A,finetuned,4,372,356,9,84.0,49,54,0.0
3q4q_A,finetuned,5,372,356,9,98.0,53,60,0.0
3q4q_A,finetuned,6,372,356,9,106.0,59,67,0.0
3q4q_A,finetuned,7,372,356,9,71.0,40,61,0.0
3q4q_A,finetuned,8,372,356,9,90.0,47,56,0.0
3q4q_A,finetuned,9,372,356,9,81.0,45,41,0.0
6vzw_B,base,0,453,445,0,185.0,76,73,0.0
6vzw_B,base,1,453,445,0,187.0,77,91,0.0
6vzw_B,base,2,453,445,0,175.0,73,68,0.0
6vzw_B,base,3,453,445,0,175.0,67,113,0.0
6vzw_B,base,4,453,445,0,168.0,68,89,0.0
6vzw_B,base,5,453,445,0,171.0,61,110,0.0
6vzw_B,base,6,453,445,0,179.0,74,75,0.0
6vzw_B,base,7,453,445,0,179.0,75,92,0.0
6vzw_B,base,8,453,445,0,182.0,73,92,0.0
6vzw_B,base,9,453,445,0,166.0,73,89,0.0
6vzw_B,finetuned,0,453,445,0,145.0,64,21,0.0
6vzw_B,finetuned,1,453,445,0,158.0,64,45,0.0
6vzw_B,finetuned,2,453,445,0,145.0,65,54,0.0
6vzw_B,finetuned,3,453,445,0,161.0,62,57,0.0
6vzw_B,finetuned,4,453,445,0,160.0,70,54,0.0
6vzw_B,finetuned,5,453,445,0,138.0,57,53,0.0
6vzw_B,finetuned,6,453,445,0,177.0,68,47,0.0
6vzw_B,finetuned,7,453,445,0,156.0,62,48,0.0
6vzw_B,finetuned,8,453,445,0,147.0,64,47,0.0
6vzw_B,finetuned,9,453,445,0,137.0,60,39,0.0
3wmz_A,base,0,438,430,0,124.0,56,68,0.0
3wmz_A,base,1,438,430,0,128.0,57,76,0.0
3wmz_A,base,2,438,430,0,134.0,57,80,0.0
3wmz_A,base,3,438,430,0,136.0,61,71,0.0
3wmz_A,base,4,438,430,0,137.0,61,98,0.0
3wmz_A,base,5,438,430,0,133.0,57,84,0.0
3wmz_A,base,6,438,430,0,130.0,58,98,0.0
3wmz_A,base,7,438,430,0,126.0,54,101,0.0
3wmz_A,base,8,438,430,0,143.0,58,114,0.0
3wmz_A,base,9,438,430,0,144.0,64,84,0.0
3wmz_A,finetuned,0,438,430,0,111.0,53,22,0.0
3wmz_A,finetuned,1,438,430,0,125.0,55,48,0.0
3wmz_A,finetuned,2,438,430,0,121.0,53,59,0.0
3wmz_A,finetuned,3,438,430,0,132.0,57,57,0.0
3wmz_A,finetuned,4,438,430,0,116.0,48,52,0.0
3wmz_A,finetuned,5,438,430,0,120.0,54,54,0.0
3wmz_A,finetuned,6,438,430,0,123.0,55,73,0.0
3wmz_A,finetuned,7,438,430,0,109.0,52,48,0.0
3wmz_A,finetuned,8,438,430,0,122.0,55,52,0.0
3wmz_A,finetuned,9,438,430,0,105.0,51,55,0.0
3zrh_A,base,0,454,446,0,194.0,73,79,0.0
3zrh_A,base,1,454,446,0,156.0,67,59,0.0
3zrh_A,base,2,454,446,0,211.0,84,67,0.0
3zrh_A,base,3,454,446,0,180.0,78,82,0.0
3zrh_A,base,4,454,446,0,184.0,81,57,0.0
3zrh_A,base,5,454,446,0,180.0,75,74,0.0
3zrh_A,base,6,454,446,0,158.0,69,73,0.0
3zrh_A,base,7,454,446,0,175.0,80,66,0.0
3zrh_A,base,8,454,446,0,170.0,82,79,0.0
3zrh_A,base,9,454,446,0,168.0,68,87,0.0
3zrh_A,finetuned,0,454,446,0,145.0,65,35,0.0
3zrh_A,finetuned,1,454,446,0,147.0,72,36,0.0
3zrh_A,finetuned,2,454,446,0,137.0,60,44,0.0
3zrh_A,finetuned,3,454,446,0,177.0,77,39,0.0
3zrh_A,finetuned,4,454,446,0,148.0,62,41,0.0
3zrh_A,finetuned,5,454,446,0,142.0,62,34,0.0
3zrh_A,finetuned,6,454,446,0,127.0,58,27,0.0
3zrh_A,finetuned,7,454,446,0,160.0,67,44,0.0
3zrh_A,finetuned,8,454,446,0,136.0,62,46,0.0
3zrh_A,finetuned,9,454,446,0,175.0,73,54,0.0
4m18_A,base,0,441,417,18,52.0,31,51,0.0
4m18_A,base,1,441,417,18,46.0,24,44,0.0
4m18_A,base,2,441,417,18,45.0,27,48,0.0
4m18_A,base,3,441,417,18,51.0,26,53,0.0
4m18_A,base,4,441,417,18,60.0,32,29,0.0
4m18_A,base,5,441,417,18,55.0,29,47,0.0
4m18_A,base,6,441,417,18,35.0,23,47,0.0
4m18_A,base,7,441,417,18,39.0,25,40,0.0
4m18_A,base,8,441,417,18,49.0,30,54,0.0
4m18_A,base,9,441,417,18,45.0,29,54,0.0
4m18_A,finetuned,0,441,417,18,34.0,22,19,0.0
4m18_A,finetuned,1,441,417,18,41.0,24,19,0.0
4m18_A,finetuned,2,441,417,18,40.0,23,31,0.0
4m18_A,finetuned,3,441,417,18,37.0,24,10,0.0
4m18_A,finetuned,4,441,417,18,46.0,25,33,0.0
4m18_A,finetuned,5,441,417,18,59.0,37,34,0.0
4m18_A,finetuned,6,441,417,18,50.0,28,19,0.0
4m18_A,finetuned,7,441,417,18,49.0,25,23,0.0
4m18_A,finetuned,8,441,417,18,37.0,22,25,0.0
4m18_A,finetuned,9,441,417,18,43.0,27,48,0.0
1zx4_C,base,0,384,368,9,97.0,47,46,0.0
1zx4_C,base,1,384,368,9,77.0,37,47,0.0
1zx4_C,base,2,384,368,9,93.0,47,43,0.0
1zx4_C,base,3,384,368,9,71.0,40,27,0.0
1zx4_C,base,4,384,368,9,101.0,48,39,0.0
1zx4_C,base,5,384,368,9,79.0,48,35,0.0
1zx4_C,base,6,384,368,9,95.0,46,39,0.0
1zx4_C,base,7,384,368,9,121.0,46,39,0.0
1zx4_C,base,8,384,368,9,118.0,43,47,0.0
1zx4_C,base,9,384,368,9,97.0,44,56,0.0
1zx4_C,finetuned,0,384,368,9,85.0,47,29,0.0
1zx4_C,finetuned,1,384,368,9,104.0,46,40,0.0
1zx4_C,finetuned,2,384,368,9,80.0,41,25,0.0
1zx4_C,finetuned,3,384,368,9,102.0,46,22,0.0
1zx4_C,finetuned,4,384,368,9,60.0,40,28,0.0
1zx4_C,finetuned,5,384,368,9,76.0,36,27,0.0
1zx4_C,finetuned,6,384,368,9,94.0,43,23,0.0
1zx4_C,finetuned,7,384,368,9,97.0,49,28,0.0
1zx4_C,finetuned,8,384,368,9,81.0,42,33,0.0
1zx4_C,finetuned,9,384,368,9,93.0,48,38,0.0
2c5u_A,base,0,375,367,0,99.0,58,86,0.0
2c5u_A,base,1,375,367,0,102.0,56,68,0.0
2c5u_A,base,2,375,367,0,105.0,53,59,0.0
2c5u_A,base,3,375,367,0,92.0,52,61,0.0
2c5u_A,base,4,375,367,0,118.0,58,74,0.0
2c5u_A,base,5,375,367,0,119.0,58,55,0.0
2c5u_A,base,6,375,367,0,103.0,53,68,0.0
2c5u_A,base,7,375,367,0,121.0,61,77,0.0
2c5u_A,base,8,375,367,0,110.0,54,62,0.0
2c5u_A,base,9,375,367,0,111.0,58,70,0.0
2c5u_A,finetuned,0,375,367,0,114.0,58,28,0.0
2c5u_A,finetuned,1,375,367,0,97.0,53,43,0.0
2c5u_A,finetuned,2,375,367,0,111.0,57,27,0.0
2c5u_A,finetuned,3,375,367,0,83.0,46,25,0.0
2c5u_A,finetuned,4,375,367,0,77.0,44,32,0.0
2c5u_A,finetuned,5,375,367,0,91.0,44,45,0.0
2c5u_A,finetuned,6,375,367,0,106.0,56,32,0.0
2c5u_A,finetuned,7,375,367,0,100.0,50,21,0.0
2c5u_A,finetuned,8,375,367,0,107.0,54,49,0.0
2c5u_A,finetuned,9,375,367,0,97.0,52,41,0.0
1qw2_A,base,0,408,376,27,238.0,84,89,0.0
1qw2_A,base,1,408,376,27,208.0,81,96,0.0
1qw2_A,base,2,408,376,27,218.0,80,98,0.0
1qw2_A,base,3,408,376,27,172.0,76,97,0.0
1qw2_A,base,4,408,376,27,174.0,65,98,0.0
1qw2_A,base,5,408,376,27,190.0,75,120,0.0
1qw2_A,base,6,408,376,27,183.0,73,105,0.0
1qw2_A,base,7,408,376,27,203.0,75,92,0.0
1qw2_A,base,8,408,376,27,204.0,79,118,0.0
1qw2_A,base,9,408,376,27,179.0,73,116,0.0
1qw2_A,finetuned,0,408,376,27,179.0,69,56,0.0
1qw2_A,finetuned,1,408,376,27,160.0,65,79,0.0
1qw2_A,finetuned,2,408,376,27,160.0,61,55,0.0
1qw2_A,finetuned,3,408,376,27,160.0,57,44,0.0
1qw2_A,finetuned,4,408,376,27,163.0,63,76,0.0
1qw2_A,finetuned,5,408,376,27,192.0,76,79,0.0
1qw2_A,finetuned,6,408,376,27,165.0,65,81,0.0
1qw2_A,finetuned,7,408,376,27,138.0,56,92,0.0
1qw2_A,finetuned,8,408,376,27,174.0,72,59,0.0
1qw2_A,finetuned,9,408,376,27,176.0,62,93,0.0
3eaf_A,base,0,385,377,0,124.0,55,79,0.0
3eaf_A,base,1,385,377,0,134.0,60,92,0.0
3eaf_A,base,2,385,377,0,134.0,62,76,0.0
3eaf_A,base,3,385,377,0,133.0,53,71,0.0
3eaf_A,base,4,385,377,0,128.0,54,91,0.0
3eaf_A,base,5,385,377,0,152.0,63,78,0.0
3eaf_A,base,6,385,377,0,157.0,64,101,0.0
3eaf_A,base,7,385,377,0,131.0,56,66,0.0
3eaf_A,base,8,385,377,0,126.0,53,76,0.0
3eaf_A,base,9,385,377,0,159.0,64,101,0.0
3eaf_A,finetuned,0,385,377,0,108.0,57,29,0.0
3eaf_A,finetuned,1,385,377,0,133.0,57,25,0.0
3eaf_A,finetuned,2,385,377,0,105.0,48,28,0.0
3eaf_A,finetuned,3,385,377,0,104.0,55,34,0.0
3eaf_A,finetuned,4,385,377,0,105.0,54,33,0.0
3eaf_A,finetuned,5,385,377,0,98.0,47,46,0.0
3eaf_A,finetuned,6,385,377,0,111.0,50,36,0.0
3eaf_A,finetuned,7,385,377,0,98.0,49,31,0.0
3eaf_A,finetuned,8,385,377,0,100.0,53,30,0.0
3eaf_A,finetuned,9,385,377,0,114.0,52,56,0.0
