protein_name,model,seq_idx,n_windows,n_unique_pairs,cores_DRB1_0101,cores_DRB1_0301,cores_DRB1_0401,cores_DRB1_0701,cores_DRB1_1101,cores_DRB1_1501
3bfo_D,base,0,0,0,0,0,0,0,0,0
3bfo_D,base,1,12,6,1,1,1,1,1,1
3bfo_D,base,2,2,2,0,0,1,0,0,1
3bfo_D,base,3,10,3,0,0,1,1,0,1
3bfo_D,base,4,10,4,0,0,1,1,1,1
3bfo_D,base,5,15,6,1,1,4,0,0,0
3bfo_D,base,6,10,6,2,0,1,0,1,2
3bfo_D,base,7,7,4,0,2,1,0,1,0
3bfo_D,base,8,22,11,2,2,2,1,2,2
3bfo_D,base,9,12,4,1,1,1,1,0,0
3bfo_D,finetuned,0,4,3,0,0,1,0,1,1
3bfo_D,finetuned,1,6,3,0,1,0,1,1,0
3bfo_D,finetuned,2,8,2,0,0,0,2,0,0
3bfo_D,finetuned,3,8,4,0,1,1,1,1,0
3bfo_D,finetuned,4,0,0,0,0,0,0,0,0
3bfo_D,finetuned,5,7,2,0,1,1,0,0,0
3bfo_D,finetuned,6,15,5,0,1,2,0,1,1
3bfo_D,finetuned,7,13,7,0,1,2,1,2,1
3bfo_D,finetuned,8,4,2,0,0,0,1,0,1
3bfo_D,finetuned,9,20,8,0,1,4,0,1,2
2wjj_B,base,0,37,15,7,3,1,1,2,1
2wjj_B,base,1,44,17,4,3,2,2,4,2
2wjj_B,base,2,30,10,5,2,0,1,2,0
2wjj_B,base,3,37,14,3,2,2,1,4,2
2wjj_B,base,4,32,12,4,2,2,1,2,1
2wjj_B,base,5,33,12,6,2,1,1,1,1
2wjj_B,base,6,37,14,4,3,1,3,3,0
2wjj_B,base,7,47,16,7,2,1,3,2,1
2wjj_B,base,8,41,14,4,3,0,3,2,2
2wjj_B,base,9,44,15,3,4,3,2,1,2
2wjj_B,finetuned,0,14,5,3,1,0,0,0,1
2wjj_B,finetuned,1,32,12,4,3,1,0,2,2
2wjj_B,finetuned,2,25,9,3,2,1,2,1,0
2wjj_B,finetuned,3,17,5,1,2,1,0,1,0
2wjj_B,finetuned,4,29,9,5,2,0,1,1,0
2wjj_B,finetuned,5,25,9,2,2,0,1,2,2
2wjj_B,finetuned,6,19,5,2,1,0,0,0,2
2wjj_B,finetuned,7,28,10,4,2,1,0,2,1
2wjj_B,finetuned,8,19,8,2,2,0,0,3,1
2wjj_B,finetuned,9,37,13,5,2,1,1,1,3
6r1g_B,base,0,36,14,2,0,2,2,5,3
6r1g_B,base,1,54,17,2,3,2,3,3,4
6r1g_B,base,2,40,15,4,0,1,4,3,3
6r1g_B,base,3,58,20,4,2,3,3,4,4
6r1g_B,base,4,49,14,2,1,2,3,3,3
6r1g_B,base,5,63,22,3,3,2,6,3,5
6r1g_B,base,6,39,16,2,1,2,4,3,4
6r1g_B,base,7,39,13,1,3,1,2,3,3
6r1g_B,base,8,55,20,3,3,3,5,3,3
6r1g_B,base,9,57,19,4,1,1,3,7,3
6r1g_B,finetuned,0,14,5,0,0,2,0,2,1
6r1g_B,finetuned,1,32,9,1,1,3,1,1,2
6r1g_B,finetuned,2,19,6,0,1,2,1,1,1
6r1g_B,finetuned,3,28,12,2,2,2,1,4,1
6r1g_B,finetuned,4,27,12,2,1,3,2,1,3
6r1g_B,finetuned,5,20,8,1,0,2,1,2,2
6r1g_B,finetuned,6,31,10,2,1,3,0,2,2
6r1g_B,finetuned,7,29,10,0,2,2,1,1,4
6r1g_B,finetuned,8,16,8,2,2,1,0,1,2
6r1g_B,finetuned,9,27,9,1,2,1,2,1,2
3g74_F,base,0,7,2,0,1,0,0,0,1
3g74_F,base,1,5,4,0,0,0,1,1,2
3g74_F,base,2,5,4,0,0,0,1,0,3
3g74_F,base,3,17,6,1,0,1,1,2,1
3g74_F,base,4,3,2,0,0,0,0,2,0
3g74_F,base,5,10,4,0,2,0,1,1,0
3g74_F,base,6,15,7,0,3,3,1,0,0
3g74_F,base,7,17,8,1,0,1,5,0,1
3g74_F,base,8,6,3,0,0,1,0,1,1
3g74_F,base,9,15,6,0,1,0,1,3,1
3g74_F,finetuned,0,17,6,0,1,0,2,1,2
3g74_F,finetuned,1,16,7,1,0,1,2,0,3
3g74_F,finetuned,2,5,3,0,0,0,1,1,1
3g74_F,finetuned,3,9,4,0,3,0,0,0,1
3g74_F,finetuned,4,0,0,0,0,0,0,0,0
3g74_F,finetuned,5,11,5,0,1,0,1,1,2
3g74_F,finetuned,6,8,3,0,0,0,1,1,1
3g74_F,finetuned,7,7,3,0,0,1,2,0,0
3g74_F,finetuned,8,27,13,1,2,1,2,3,4
3g74_F,finetuned,9,12,6,0,1,1,0,2,2
3pji_A,base,0,10,6,1,0,0,1,3,1
3pji_A,base,1,10,5,1,1,1,0,2,0
3pji_A,base,2,12,4,0,1,0,1,1,1
3pji_A,base,3,13,4,0,2,0,0,1,1
3pji_A,base,4,12,4,1,1,0,0,2,0
3pji_A,base,5,15,6,0,0,0,2,2,2
3pji_A,base,6,20,8,0,2,1,0,4,1
3pji_A,base,7,19,7,1,2,0,3,0,1
3pji_A,base,8,20,7,2,1,0,0,2,2
3pji_A,base,9,19,8,1,1,0,1,3,2
3pji_A,finetuned,0,4,1,0,1,0,0,0,0
3pji_A,finetuned,1,6,3,0,1,0,1,1,0
3pji_A,finetuned,2,19,7,0,0,1,2,1,3
3pji_A,finetuned,3,0,0,0,0,0,0,0,0
3pji_A,finetuned,4,9,4,0,0,0,2,1,1
3pji_A,finetuned,5,15,6,1,0,1,1,1,2
3pji_A,finetuned,6,0,0,0,0,0,0,0,0
3pji_A,finetuned,7,9,3,0,0,0,1,0,2
3pji_A,finetuned,8,8,3,0,0,0,1,0,2
3pji_A,finetuned,9,7,4,0,1,1,1,1,0
1y9l_A,base,0,15,5,0,1,2,1,0,1
1y9l_A,base,1,14,5,2,0,1,0,2,0
1y9l_A,base,2,14,4,1,1,2,0,0,0
1y9l_A,base,3,18,7,2,1,2,0,2,0
1y9l_A,base,4,11,5,2,1,1,0,0,1
1y9l_A,base,5,16,6,0,2,3,0,0,1
1y9l_A,base,6,22,5,1,3,0,0,1,0
1y9l_A,base,7,20,7,3,2,1,1,0,0
1y9l_A,base,8,15,5,1,1,1,1,0,1
1y9l_A,base,9,20,7,1,2,1,0,3,0
1y9l_A,finetuned,0,14,5,1,1,3,0,0,0
1y9l_A,finetuned,1,18,6,0,2,3,0,1,0
1y9l_A,finetuned,2,7,2,1,1,0,0,0,0
1y9l_A,finetuned,3,2,1,0,0,1,0,0,0
1y9l_A,finetuned,4,0,0,0,0,0,0,0,0
1y9l_A,finetuned,5,9,5,0,2,3,0,0,0
1y9l_A,finetuned,6,15,5,0,2,1,0,0,2
1y9l_A,finetuned,7,10,3,2,1,0,0,0,0
1y9l_A,finetuned,8,13,5,1,1,3,0,0,0
1y9l_A,finetuned,9,19,6,0,1,3,1,1,0
4b6d_C,base,0,0,0,0,0,0,0,0,0
4b6d_C,base,1,0,0,0,0,0,0,0,0
4b6d_C,base,2,0,0,0,0,0,0,0,0
4b6d_C,base,3,0,0,0,0,0,0,0,0
4b6d_C,base,4,0,0,0,0,0,0,0,0
4b6d_C,base,5,0,0,0,0,0,0,0,0
4b6d_C,base,6,0,0,0,0,0,0,0,0
4b6d_C,base,7,0,0,0,0,0,0,0,0
4b6d_C,base,8,0,0,0,0,0,0,0,0
4b6d_C,base,9,0,0,0,0,0,0,0,0
4b6d_C,finetuned,0,0,0,0,0,0,0,0,0
4b6d_C,finetuned,1,0,0,0,0,0,0,0,0
4b6d_C,finetuned,2,0,0,0,0,0,0,0,0
4b6d_C,finetuned,3,0,0,0,0,0,0,0,0
4b6d_C,finetuned,4,0,0,0,0,0,0,0,0
4b6d_C,finetuned,5,0,0,0,0,0,0,0,0
4b6d_C,finetuned,6,0,0,0,0,0,0,0,0
4b6d_C,finetuned,7,0,0,0,0,0,0,0,0
4b6d_C,finetuned,8,0,0,0,0,0,0,0,0
4b6d_C,finetuned,9,0,0,0,0,0,0,0,0
3hmt_A,base,0,17,7,1,2,1,0,0,3
3hmt_A,base,1,13,5,0,2,1,0,1,1
3hmt_A,base,2,9,4,0,1,1,0,0,2
3hmt_A,base,3,8,4,0,1,2,0,1,0
3hmt_A,base,4,9,2,0,0,1,0,1,0
3hmt_A,base,5,6,3,0,2,0,0,1,0
3hmt_A,base,6,11,2,0,2,0,0,0,0
3hmt_A,base,7,17,7,0,2,1,0,2,2
3hmt_A,base,8,6,3,0,1,0,0,1,1
3hmt_A,base,9,21,6,1,1,2,1,1,0
3hmt_A,finetuned,0,9,2,0,2,0,0,0,0
3hmt_A,finetuned,1,13,5,0,1,2,0,0,2
3hmt_A,finetuned,2,12,4,0,1,1,0,1,1
3hmt_A,finetuned,3,10,4,0,2,0,0,0,2
3hmt_A,finetuned,4,3,2,0,1,0,0,0,1
3hmt_A,finetuned,5,11,6,1,0,3,2,0,0
3hmt_A,finetuned,6,3,3,0,1,1,0,0,1
3hmt_A,finetuned,7,6,2,0,0,1,0,1,0
3hmt_A,finetuned,8,11,3,0,1,1,0,1,0
3hmt_A,finetuned,9,6,3,0,1,0,0,1,1
3tbo_A,base,0,16,4,2,0,0,2,0,0
3tbo_A,base,1,14,3,1,0,1,1,0,0
3tbo_A,base,2,9,3,1,0,0,2,0,0
3tbo_A,base,3,17,6,2,0,0,2,0,2
3tbo_A,base,4,17,5,1,0,1,1,1,1
3tbo_A,base,5,20,5,2,0,1,1,1,0
3tbo_A,base,6,18,4,1,0,0,1,0,2
3tbo_A,base,7,14,5,2,0,1,1,1,0
3tbo_A,base,8,25,5,1,1,0,1,1,1
3tbo_A,base,9,21,6,2,0,0,2,1,1
3tbo_A,finetuned,0,8,2,0,0,0,2,0,0
3tbo_A,finetuned,1,0,0,0,0,0,0,0,0
3tbo_A,finetuned,2,7,2,1,0,0,1,0,0
3tbo_A,finetuned,3,0,0,0,0,0,0,0,0
3tbo_A,finetuned,4,4,2,1,0,1,0,0,0
3tbo_A,finetuned,5,11,4,1,0,1,2,0,0
3tbo_A,finetuned,6,4,2,1,0,1,0,0,0
3tbo_A,finetuned,7,12,2,1,0,0,1,0,0
3tbo_A,finetuned,8,9,3,1,0,0,2,0,0
3tbo_A,finetuned,9,14,3,1,0,0,1,0,1
3adl_A,base,0,22,8,1,0,2,1,4,0
3adl_A,base,1,18,8,2,0,1,1,3,1
3adl_A,base,2,3,3,1,0,0,1,0,1
3adl_A,base,3,17,8,4,0,1,2,1,0
3adl_A,base,4,14,5,1,0,1,1,2,0
3adl_A,base,5,8,5,5,0,0,0,0,0
3adl_A,base,6,23,8,0,0,3,0,4,1
3adl_A,base,7,9,5,2,0,0,2,1,0
3adl_A,base,8,23,11,4,0,2,2,2,1
3adl_A,base,9,16,6,0,0,1,1,3,1
3adl_A,finetuned,0,4,3,2,0,0,0,1,0
3adl_A,finetuned,1,16,7,2,0,1,0,4,0
3adl_A,finetuned,2,5,3,2,0,0,0,1,0
3adl_A,finetuned,3,16,5,1,0,0,0,4,0
3adl_A,finetuned,4,11,4,1,0,0,0,3,0
3adl_A,finetuned,5,12,4,1,0,0,0,3,0
3adl_A,finetuned,6,17,6,1,0,2,0,3,0
3adl_A,finetuned,7,17,7,0,0,1,1,4,1
3adl_A,finetuned,8,9,6,2,0,1,1,2,0
3adl_A,finetuned,9,20,7,1,0,0,0,4,2
2bk8_A,base,0,2,2,0,0,0,0,0,2
2bk8_A,base,1,10,4,1,0,2,1,0,0
2bk8_A,base,2,6,2,0,0,0,1,1,0
2bk8_A,base,3,9,3,1,0,1,1,0,0
2bk8_A,base,4,5,3,0,0,1,1,1,0
2bk8_A,base,5,9,3,0,0,1,1,1,0
2bk8_A,base,6,7,4,0,0,1,1,0,2
2bk8_A,base,7,7,3,0,0,2,1,0,0
2bk8_A,base,8,13,5,1,0,1,2,1,0
2bk8_A,base,9,13,6,1,1,1,1,1,1
2bk8_A,finetuned,0,8,3,0,0,1,1,0,1
2bk8_A,finetuned,1,7,3,0,0,1,1,0,1
2bk8_A,finetuned,2,6,5,0,0,2,1,1,1
2bk8_A,finetuned,3,6,3,0,0,1,1,1,0
2bk8_A,finetuned,4,8,3,0,0,2,0,0,1
2bk8_A,finetuned,5,5,4,1,0,3,0,0,0
2bk8_A,finetuned,6,8,3,0,0,0,1,1,1
2bk8_A,finetuned,7,8,3,0,0,2,1,0,0
2bk8_A,finetuned,8,9,4,1,0,1,1,0,1
2bk8_A,finetuned,9,9,3,0,0,1,1,1,0
6elm_A,base,0,4,2,0,0,1,0,0,1
6elm_A,base,1,4,3,1,0,1,0,0,1
6elm_A,base,2,4,3,1,0,0,1,0,1
6elm_A,base,3,7,4,1,0,1,0,1,1
6elm_A,base,4,3,3,0,0,2,0,0,1
6elm_A,base,5,4,3,0,0,2,1,0,0
6elm_A,base,6,11,5,1,0,0,1,2,1
6elm_A,base,7,4,1,0,0,0,0,1,0
6elm_A,base,8,7,4,2,0,1,0,0,1
6elm_A,base,9,7,5,1,0,2,0,1,1
6elm_A,finetuned,0,3,2,1,0,0,0,0,1
6elm_A,finetuned,1,4,3,0,0,1,1,0,1
6elm_A,finetuned,2,3,3,0,0,1,1,0,1
6elm_A,finetuned,3,0,0,0,0,0,0,0,0
6elm_A,finetuned,4,4,3,1,0,1,0,1,0
6elm_A,finetuned,5,1,1,0,0,0,0,0,1
6elm_A,finetuned,6,5,4,1,0,0,0,1,2
6elm_A,finetuned,7,3,3,1,0,1,0,0,1
6elm_A,finetuned,8,0,0,0,0,0,0,0,0
6elm_A,finetuned,9,0,0,0,0,0,0,0,0
4ycs_B,base,0,12,6,0,2,1,0,2,1
4ycs_B,base,1,22,7,1,1,2,1,1,1
4ycs_B,base,2,21,7,0,1,1,1,3,1
4ycs_B,base,3,12,5,1,0,0,0,3,1
4ycs_B,base,4,12,5,0,1,0,0,4,0
4ycs_B,base,5,12,4,1,0,1,0,1,1
4ycs_B,base,6,12,4,0,1,0,0,2,1
4ycs_B,base,7,14,5,0,2,0,0,2,1
4ycs_B,base,8,13,5,1,1,0,0,2,1
4ycs_B,base,9,27,11,5,0,1,1,2,2
4ycs_B,finetuned,0,7,4,1,0,1,0,1,1
4ycs_B,finetuned,1,7,3,0,0,0,1,1,1
4ycs_B,finetuned,2,6,2,1,1,0,0,0,0
4ycs_B,finetuned,3,8,3,0,1,0,0,1,1
4ycs_B,finetuned,4,4,2,0,0,0,0,2,0
4ycs_B,finetuned,5,6,3,0,0,1,1,1,0
4ycs_B,finetuned,6,8,5,0,1,2,0,1,1
4ycs_B,finetuned,7,3,2,0,0,0,0,1,1
4ycs_B,finetuned,8,5,3,0,1,0,0,1,1
4ycs_B,finetuned,9,8,3,0,1,0,0,1,1
1s29_A,base,0,16,4,0,4,0,0,0,0
1s29_A,base,1,17,7,0,3,3,0,1,0
1s29_A,base,2,15,7,0,3,3,0,1,0
1s29_A,base,3,30,9,0,4,2,1,1,1
1s29_A,base,4,15,7,2,2,2,0,1,0
1s29_A,base,5,17,6,0,2,2,1,0,1
1s29_A,base,6,24,9,0,4,3,0,1,1
1s29_A,base,7,17,5,0,3,2,0,0,0
1s29_A,base,8,18,7,2,3,2,0,0,0
1s29_A,base,9,25,10,3,4,3,0,0,0
1s29_A,finetuned,0,21,6,0,2,1,1,1,1
1s29_A,finetuned,1,18,7,0,3,2,0,1,1
1s29_A,finetuned,2,23,7,0,2,2,1,1,1
1s29_A,finetuned,3,26,8,0,4,2,1,0,1
1s29_A,finetuned,4,15,5,0,4,1,0,0,0
1s29_A,finetuned,5,18,7,0,3,2,1,0,1
1s29_A,finetuned,6,24,7,0,4,0,1,1,1
1s29_A,finetuned,7,29,7,0,4,1,1,0,1
1s29_A,finetuned,8,22,8,0,6,1,0,1,0
1s29_A,finetuned,9,23,7,1,4,2,0,0,0
3ipj_B,base,0,17,6,0,2,0,1,3,0
3ipj_B,base,1,16,7,1,1,0,2,2,1
3ipj_B,base,2,17,8,0,3,1,1,3,0
3ipj_B,base,3,18,6,1,2,0,1,2,0
3ipj_B,base,4,13,6,1,1,0,1,3,0
3ipj_B,base,5,6,4,0,1,0,0,3,0
3ipj_B,base,6,20,9,2,2,0,2,3,0
3ipj_B,base,7,13,5,1,1,0,0,3,0
3ipj_B,base,8,17,7,1,2,2,1,1,0
3ipj_B,base,9,15,6,0,2,0,1,3,0
3ipj_B,finetuned,0,4,2,0,1,0,0,1,0
3ipj_B,finetuned,1,9,3,0,0,0,1,2,0
3ipj_B,finetuned,2,13,6,2,0,0,1,3,0
3ipj_B,finetuned,3,10,4,0,1,0,2,1,0
3ipj_B,finetuned,4,15,7,1,1,0,3,1,1
3ipj_B,finetuned,5,20,9,1,2,1,2,2,1
3ipj_B,finetuned,6,8,5,1,0,0,1,3,0
3ipj_B,finetuned,7,13,6,1,1,0,2,2,0
3ipj_B,finetuned,8,18,7,1,2,0,1,3,0
3ipj_B,finetuned,9,19,8,1,1,0,2,3,1
5o75_A,base,0,1,1,1,0,0,0,0,0
5o75_A,base,1,0,0,0,0,0,0,0,0
5o75_A,base,2,0,0,0,0,0,0,0,0
5o75_A,base,3,5,2,1,0,0,0,0,1
5o75_A,base,4,15,5,1,0,1,0,1,2
5o75_A,base,5,2,1,0,0,0,0,0,1
5o75_A,base,6,8,2,0,1,0,0,0,1
5o75_A,base,7,2,1,0,0,0,0,0,1
5o75_A,base,8,5,3,0,0,0,0,0,3
5o75_A,base,9,4,2,0,2,0,0,0,0
5o75_A,finetuned,0,0,0,0,0,0,0,0,0
5o75_A,finetuned,1,0,0,0,0,0,0,0,0
5o75_A,finetuned,2,0,0,0,0,0,0,0,0
5o75_A,finetuned,3,2,1,0,0,0,1,0,0
5o75_A,finetuned,4,0,0,0,0,0,0,0,0
5o75_A,finetuned,5,1,1,0,0,0,0,0,1
5o75_A,finetuned,6,4,1,0,0,0,0,1,0
5o75_A,finetuned,7,0,0,0,0,0,0,0,0
5o75_A,finetuned,8,0,0,0,0,0,0,0,0
5o75_A,finetuned,9,0,0,0,0,0,0,0,0
1y4m_A,base,0,26,5,1,3,0,0,1,0
1y4m_A,base,1,8,2,0,1,1,0,0,0
1y4m_A,base,2,10,3,1,1,0,0,1,0
1y4m_A,base,3,3,1,1,0,0,0,0,0
1y4m_A,base,4,22,6,2,0,0,0,2,2
1y4m_A,base,5,15,5,2,0,0,1,0,2
1y4m_A,base,6,9,1,0,0,0,0,1,0
1y4m_A,base,7,23,4,1,1,0,1,0,1
1y4m_A,base,8,6,2,2,0,0,0,0,0
1y4m_A,base,9,28,4,2,0,1,0,1,0
1y4m_A,finetuned,0,2,1,0,0,0,0,1,0
1y4m_A,finetuned,1,4,1,0,0,0,0,1,0
1y4m_A,finetuned,2,0,0,0,0,0,0,0,0
1y4m_A,finetuned,3,0,0,0,0,0,0,0,0
1y4m_A,finetuned,4,3,1,0,0,0,0,1,0
1y4m_A,finetuned,5,6,2,1,0,0,0,1,0
1y4m_A,finetuned,6,0,0,0,0,0,0,0,0
1y4m_A,finetuned,7,12,6,4,0,0,0,2,0
1y4m_A,finetuned,8,9,3,0,0,0,0,3,0
1y4m_A,finetuned,9,20,3,0,0,0,0,3,0
2pt5_B,base,0,7,3,1,0,0,0,1,1
2pt5_B,base,1,9,6,2,2,1,0,0,1
2pt5_B,base,2,20,7,2,1,2,0,1,1
2pt5_B,base,3,20,8,2,2,1,1,2,0
2pt5_B,base,4,18,10,3,1,0,1,3,2
2pt5_B,base,5,21,7,3,1,0,1,0,2
2pt5_B,base,6,13,7,4,2,0,0,0,1
2pt5_B,base,7,29,11,3,2,1,1,0,4
2pt5_B,base,8,17,7,2,0,1,0,3,1
2pt5_B,base,9,29,12,2,2,2,2,1,3
2pt5_B,finetuned,0,17,6,2,2,2,0,0,0
2pt5_B,finetuned,1,9,4,1,1,2,0,0,0
2pt5_B,finetuned,2,5,4,1,2,1,0,0,0
2pt5_B,finetuned,3,13,5,1,1,2,0,0,1
2pt5_B,finetuned,4,12,5,0,1,2,0,1,1
2pt5_B,finetuned,5,11,6,2,1,1,0,1,1
2pt5_B,finetuned,6,10,3,1,1,0,0,0,1
2pt5_B,finetuned,7,19,8,1,3,1,1,2,0
2pt5_B,finetuned,8,14,6,1,1,1,0,2,1
2pt5_B,finetuned,9,20,12,3,2,2,0,3,2
7m10_A,base,0,0,0,0,0,0,0,0,0
7m10_A,base,1,1,1,0,0,0,0,0,1
7m10_A,base,2,0,0,0,0,0,0,0,0
7m10_A,base,3,0,0,0,0,0,0,0,0
7m10_A,base,4,0,0,0,0,0,0,0,0
7m10_A,base,5,0,0,0,0,0,0,0,0
7m10_A,base,6,0,0,0,0,0,0,0,0
7m10_A,base,7,0,0,0,0,0,0,0,0
7m10_A,base,8,0,0,0,0,0,0,0,0
7m10_A,base,9,0,0,0,0,0,0,0,0
7m10_A,finetuned,0,0,0,0,0,0,0,0,0
7m10_A,finetuned,1,0,0,0,0,0,0,0,0
7m10_A,finetuned,2,1,1,0,0,0,0,1,0
7m10_A,finetuned,3,0,0,0,0,0,0,0,0
7m10_A,finetuned,4,0,0,0,0,0,0,0,0
7m10_A,finetuned,5,0,0,0,0,0,0,0,0
7m10_A,finetuned,6,0,0,0,0,0,0,0,0
7m10_A,finetuned,7,0,0,0,0,0,0,0,0
7m10_A,finetuned,8,3,1,0,1,0,0,0,0
7m10_A,finetuned,9,0,0,0,0,0,0,0,0
3cbn_A,base,0,29,10,1,3,2,1,2,1
3cbn_A,base,1,28,8,1,2,2,3,0,0
3cbn_A,base,2,37,12,1,1,3,4,1,2
3cbn_A,base,3,42,17,4,3,4,2,3,1
3cbn_A,base,4,38,14,1,3,4,4,1,1
3cbn_A,base,5,34,11,1,2,3,3,1,1
3cbn_A,base,6,34,13,1,4,2,3,2,1
3cbn_A,base,7,33,13,2,3,2,1,3,2
3cbn_A,base,8,32,11,2,2,2,2,1,2
3cbn_A,base,9,39,13,2,3,2,5,0,1
3cbn_A,finetuned,0,5,1,0,1,0,0,0,0
3cbn_A,finetuned,1,14,5,0,1,2,1,1,0
3cbn_A,finetuned,2,11,4,1,1,0,2,0,0
3cbn_A,finetuned,3,21,7,0,4,2,1,0,0
3cbn_A,finetuned,4,11,4,0,2,1,0,0,1
3cbn_A,finetuned,5,7,3,0,1,0,1,1,0
3cbn_A,finetuned,6,19,7,0,2,3,2,0,0
3cbn_A,finetuned,7,18,6,1,2,2,1,0,0
3cbn_A,finetuned,8,21,7,1,1,2,2,0,1
3cbn_A,finetuned,9,34,11,2,2,2,4,1,0
3hj7_A,base,0,8,3,0,1,2,0,0,0
3hj7_A,base,1,18,7,1,1,2,2,0,1
3hj7_A,base,2,28,8,2,3,1,1,1,0
3hj7_A,base,3,14,7,0,2,1,1,1,2
3hj7_A,base,4,15,5,1,1,2,0,1,0
3hj7_A,base,5,2,1,0,0,0,0,1,0
3hj7_A,base,6,20,7,0,2,1,1,2,1
3hj7_A,base,7,15,5,0,2,2,1,0,0
3hj7_A,base,8,21,6,1,1,1,2,1,0
3hj7_A,base,9,17,7,1,2,2,0,1,1
3hj7_A,finetuned,0,8,4,0,1,1,1,1,0
3hj7_A,finetuned,1,9,3,1,0,1,0,0,1
3hj7_A,finetuned,2,15,4,0,1,2,0,1,0
3hj7_A,finetuned,3,11,6,1,1,2,0,1,1
3hj7_A,finetuned,4,13,4,1,1,1,1,0,0
3hj7_A,finetuned,5,2,1,0,0,1,0,0,0
3hj7_A,finetuned,6,9,6,0,2,3,0,0,1
3hj7_A,finetuned,7,9,3,0,2,0,0,0,1
3hj7_A,finetuned,8,7,3,0,2,1,0,0,0
3hj7_A,finetuned,9,13,5,1,2,2,0,0,0
4er8_A,base,0,26,9,2,1,1,2,2,1
4er8_A,base,1,13,4,0,1,1,1,1,0
4er8_A,base,2,15,5,0,0,1,1,3,0
4er8_A,base,3,21,9,1,1,2,1,3,1
4er8_A,base,4,17,9,1,0,2,1,4,1
4er8_A,base,5,29,8,0,2,1,1,2,2
4er8_A,base,6,37,12,3,2,1,2,3,1
4er8_A,base,7,24,10,1,0,2,2,3,2
4er8_A,base,8,18,8,1,0,2,1,2,2
4er8_A,base,9,21,7,0,1,2,1,2,1
4er8_A,finetuned,0,9,4,0,1,2,1,0,0
4er8_A,finetuned,1,12,5,0,1,2,1,1,0
4er8_A,finetuned,2,6,3,0,0,2,1,0,0
4er8_A,finetuned,3,9,3,0,1,1,1,0,0
4er8_A,finetuned,4,11,5,0,1,2,1,1,0
4er8_A,finetuned,5,12,5,0,1,1,1,2,0
4er8_A,finetuned,6,18,6,0,1,3,1,0,1
4er8_A,finetuned,7,15,6,0,0,2,1,3,0
4er8_A,finetuned,8,19,9,1,1,2,1,3,1
4er8_A,finetuned,9,12,4,0,0,1,1,2,0
3fz4_A,base,0,22,6,0,1,2,0,0,3
3fz4_A,base,1,10,4,0,2,0,1,0,1
3fz4_A,base,2,19,9,0,1,3,1,0,4
3fz4_A,base,3,25,8,1,1,1,3,1,1
3fz4_A,base,4,33,11,1,3,3,2,0,2
3fz4_A,base,5,19,8,2,2,0,2,0,2
3fz4_A,base,6,12,5,0,1,2,1,0,1
3fz4_A,base,7,18,6,0,1,2,1,0,2
3fz4_A,base,8,23,7,0,2,2,2,0,1
3fz4_A,base,9,15,7,2,2,1,1,0,1
3fz4_A,finetuned,0,13,4,0,1,1,1,0,1
3fz4_A,finetuned,1,19,7,1,2,2,2,0,0
3fz4_A,finetuned,2,15,5,0,2,1,1,0,1
3fz4_A,finetuned,3,23,9,1,1,1,2,1,3
3fz4_A,finetuned,4,18,7,1,0,1,2,0,3
3fz4_A,finetuned,5,15,6,1,0,2,0,0,3
3fz4_A,finetuned,6,21,9,0,1,3,2,0,3
3fz4_A,finetuned,7,34,13,1,2,3,2,1,4
3fz4_A,finetuned,8,34,14,1,1,3,3,0,6
3fz4_A,finetuned,9,25,9,0,2,4,1,1,1
3qp3_B,base,0,7,4,0,0,1,1,1,1
3qp3_B,base,1,18,7,0,1,2,2,1,1
3qp3_B,base,2,20,8,1,0,3,1,1,2
3qp3_B,base,3,22,8,1,0,1,2,2,2
3qp3_B,base,4,25,10,1,1,2,2,2,2
3qp3_B,base,5,26,10,1,0,2,4,1,2
3qp3_B,base,6,15,6,0,0,2,2,1,1
3qp3_B,base,7,16,4,0,0,2,1,0,1
3qp3_B,base,8,28,10,1,0,3,2,2,2
3qp3_B,base,9,27,11,0,2,4,3,1,1
3qp3_B,finetuned,0,1,1,0,0,0,0,1,0
3qp3_B,finetuned,1,7,3,1,0,1,0,0,1
3qp3_B,finetuned,2,1,1,0,0,0,0,1,0
3qp3_B,finetuned,3,11,5,1,0,2,1,0,1
3qp3_B,finetuned,4,5,2,0,0,1,0,0,1
3qp3_B,finetuned,5,10,3,0,0,1,0,1,1
3qp3_B,finetuned,6,12,5,0,1,1,1,1,1
3qp3_B,finetuned,7,3,1,0,0,1,0,0,0
3qp3_B,finetuned,8,20,5,1,0,1,2,0,1
3qp3_B,finetuned,9,24,7,2,0,2,2,0,1
4i4y_C,base,0,24,10,0,0,5,3,1,1
4i4y_C,base,1,29,11,1,0,5,2,2,1
4i4y_C,base,2,20,9,0,0,6,2,1,0
4i4y_C,base,3,29,12,1,1,4,3,2,1
4i4y_C,base,4,40,14,1,1,3,4,3,2
4i4y_C,base,5,36,13,1,1,5,4,1,1
4i4y_C,base,6,37,15,2,1,6,4,2,0
4i4y_C,base,7,31,11,1,1,4,3,1,1
4i4y_C,base,8,58,18,1,1,5,5,3,3
4i4y_C,base,9,31,14,1,1,6,4,2,0
4i4y_C,finetuned,0,7,4,1,0,1,2,0,0
4i4y_C,finetuned,1,14,6,1,1,1,1,0,2
4i4y_C,finetuned,2,12,5,1,0,3,1,0,0
4i4y_C,finetuned,3,1,1,0,0,1,0,0,0
4i4y_C,finetuned,4,12,5,1,0,3,0,0,1
4i4y_C,finetuned,5,12,8,1,0,2,1,2,2
4i4y_C,finetuned,6,20,9,2,0,3,3,1,0
4i4y_C,finetuned,7,16,5,1,0,0,2,2,0
4i4y_C,finetuned,8,18,6,1,1,2,1,1,0
4i4y_C,finetuned,9,23,7,1,0,1,3,2,0
3gg7_A,base,0,42,21,4,2,4,3,4,4
3gg7_A,base,1,61,23,4,2,5,3,4,5
3gg7_A,base,2,52,18,3,2,5,2,2,4
3gg7_A,base,3,48,20,3,3,5,3,3,3
3gg7_A,base,4,34,11,2,1,3,1,1,3
3gg7_A,base,5,52,19,4,2,5,2,3,3
3gg7_A,base,6,58,22,5,3,7,1,2,4
3gg7_A,base,7,40,14,4,2,3,1,0,4
3gg7_A,base,8,56,21,7,4,3,1,2,4
3gg7_A,base,9,54,23,4,2,5,3,4,5
3gg7_A,finetuned,0,18,8,2,1,2,1,0,2
3gg7_A,finetuned,1,23,11,3,0,4,1,0,3
3gg7_A,finetuned,2,31,11,2,1,2,1,3,2
3gg7_A,finetuned,3,26,10,2,1,3,1,2,1
3gg7_A,finetuned,4,26,11,2,0,3,1,2,3
3gg7_A,finetuned,5,28,12,2,0,5,2,1,2
3gg7_A,finetuned,6,15,6,1,0,3,0,0,2
3gg7_A,finetuned,7,20,8,2,0,3,1,0,2
3gg7_A,finetuned,8,36,15,3,0,5,1,1,5
3gg7_A,finetuned,9,34,12,2,2,2,2,2,2
1og1_A,base,0,75,28,4,2,5,7,3,7
1og1_A,base,1,37,12,1,1,1,2,5,2
1og1_A,base,2,60,20,3,1,4,6,2,4
1og1_A,base,3,50,19,4,3,3,4,2,3
1og1_A,base,4,68,24,2,3,4,5,5,5
1og1_A,base,5,48,19,3,1,3,6,1,5
1og1_A,base,6,45,18,3,1,4,3,4,3
1og1_A,base,7,63,22,2,2,5,6,3,4
1og1_A,base,8,55,19,2,2,4,6,2,3
1og1_A,base,9,68,27,4,4,5,6,3,5
1og1_A,finetuned,0,9,3,0,0,0,1,2,0
1og1_A,finetuned,1,17,6,2,0,0,3,0,1
1og1_A,finetuned,2,30,11,3,1,1,2,0,4
1og1_A,finetuned,3,24,12,1,1,2,2,2,4
1og1_A,finetuned,4,46,16,3,1,4,3,2,3
1og1_A,finetuned,5,31,12,2,3,1,4,1,1
1og1_A,finetuned,6,25,8,1,0,1,4,0,2
1og1_A,finetuned,7,44,15,2,2,1,4,2,4
1og1_A,finetuned,8,41,13,3,0,1,3,5,1
1og1_A,finetuned,9,33,13,2,0,2,3,4,2
4rfx_C,base,0,16,2,2,0,0,0,0,0
4rfx_C,base,1,58,11,1,1,0,0,9,0
4rfx_C,base,2,20,5,0,0,0,0,5,0
4rfx_C,base,3,51,9,1,1,1,0,5,1
4rfx_C,base,4,39,7,2,0,0,0,4,1
4rfx_C,base,5,36,5,3,0,0,0,2,0
4rfx_C,base,6,56,10,9,0,0,0,0,1
4rfx_C,base,7,61,10,3,0,1,0,5,1
4rfx_C,base,8,48,9,2,1,0,0,5,1
4rfx_C,base,9,56,8,4,0,0,0,2,2
4rfx_C,finetuned,0,16,3,0,0,0,0,3,0
4rfx_C,finetuned,1,21,4,0,0,0,0,4,0
4rfx_C,finetuned,2,14,5,0,0,0,0,5,0
4rfx_C,finetuned,3,17,6,0,0,0,0,6,0
4rfx_C,finetuned,4,14,5,0,1,0,0,4,0
4rfx_C,finetuned,5,8,2,0,0,0,0,2,0
4rfx_C,finetuned,6,12,3,0,0,0,0,3,0
4rfx_C,finetuned,7,2,1,0,1,0,0,0,0
4rfx_C,finetuned,8,25,5,1,0,0,0,4,0
4rfx_C,finetuned,9,24,4,0,0,0,0,4,0
5fwh_A,base,0,40,14,2,3,6,1,1,1
5fwh_A,base,1,45,15,1,4,4,1,3,2
5fwh_A,base,2,41,16,3,5,2,1,3,2
5fwh_A,base,3,42,15,1,4,6,1,1,2
5fwh_A,base,4,40,14,1,4,4,2,1,2
5fwh_A,base,5,31,16,3,3,5,2,1,2
5fwh_A,base,6,38,17,1,8,3,1,1,3
5fwh_A,base,7,61,19,1,7,4,2,3,2
5fwh_A,base,8,26,11,2,3,3,1,0,2
5fwh_A,base,9,46,16,3,5,3,2,1,2
5fwh_A,finetuned,0,18,8,1,3,2,2,0,0
5fwh_A,finetuned,1,33,12,1,2,3,1,2,3
5fwh_A,finetuned,2,29,10,0,2,3,2,3,0
5fwh_A,finetuned,3,18,7,0,2,4,0,1,0
5fwh_A,finetuned,4,24,9,0,2,3,3,0,1
5fwh_A,finetuned,5,27,13,1,3,4,1,0,4
5fwh_A,finetuned,6,32,13,1,1,3,3,2,3
5fwh_A,finetuned,7,38,12,1,3,4,1,3,0
5fwh_A,finetuned,8,25,9,0,3,3,1,0,2
5fwh_A,finetuned,9,31,13,1,3,5,1,2,1
3bkv_A,base,0,37,17,3,3,5,2,2,2
3bkv_A,base,1,59,22,7,3,7,1,1,3
3bkv_A,base,2,52,23,9,1,9,1,1,2
3bkv_A,base,3,59,18,4,2,5,2,2,3
3bkv_A,base,4,57,21,8,4,3,2,2,2
3bkv_A,base,5,52,23,9,3,7,0,2,2
3bkv_A,base,6,59,22,7,3,5,2,3,2
3bkv_A,base,7,51,21,9,4,5,0,2,1
3bkv_A,base,8,47,18,6,2,6,1,1,2
3bkv_A,base,9,54,24,8,3,7,1,0,5
3bkv_A,finetuned,0,25,8,3,1,3,1,0,0
3bkv_A,finetuned,1,15,6,2,0,1,0,1,2
3bkv_A,finetuned,2,32,11,3,2,3,1,1,1
3bkv_A,finetuned,3,24,12,0,2,6,0,2,2
3bkv_A,finetuned,4,12,4,2,0,1,0,0,1
3bkv_A,finetuned,5,28,10,3,0,1,1,1,4
3bkv_A,finetuned,6,18,5,1,1,2,0,1,0
3bkv_A,finetuned,7,26,10,2,2,2,0,1,3
3bkv_A,finetuned,8,38,12,3,2,4,0,3,0
3bkv_A,finetuned,9,21,10,2,2,2,0,4,0
5h7f_A,base,0,25,12,4,1,3,2,2,0
5h7f_A,base,1,20,9,4,0,1,1,3,0
5h7f_A,base,2,28,16,6,0,3,4,3,0
5h7f_A,base,3,23,8,2,1,1,1,2,1
5h7f_A,base,4,27,10,4,1,1,1,3,0
5h7f_A,base,5,29,9,2,0,1,1,5,0
5h7f_A,base,6,16,8,3,1,1,1,2,0
5h7f_A,base,7,31,12,3,1,2,2,2,2
5h7f_A,base,8,26,11,4,0,2,1,4,0
5h7f_A,base,9,42,14,5,1,1,4,1,2
5h7f_A,finetuned,0,8,3,2,0,0,1,0,0
5h7f_A,finetuned,1,19,8,4,0,1,2,1,0
5h7f_A,finetuned,2,15,5,2,0,1,2,0,0
5h7f_A,finetuned,3,16,7,3,0,1,1,2,0
5h7f_A,finetuned,4,26,12,3,0,2,4,3,0
5h7f_A,finetuned,5,24,8,3,0,0,2,3,0
5h7f_A,finetuned,6,21,7,2,0,1,2,2,0
5h7f_A,finetuned,7,26,8,2,0,2,2,0,2
5h7f_A,finetuned,8,17,7,3,0,1,1,2,0
5h7f_A,finetuned,9,34,12,6,0,1,3,1,1
3jrr_B,base,0,38,12,2,1,2,2,3,2
3jrr_B,base,1,31,9,0,2,2,1,2,2
3jrr_B,base,2,32,11,1,2,3,1,4,0
3jrr_B,base,3,48,17,2,3,4,2,3,3
3jrr_B,base,4,56,16,2,3,4,3,3,1
3jrr_B,base,5,61,19,3,3,3,2,5,3
3jrr_B,base,6,69,24,4,5,4,6,3,2
3jrr_B,base,7,60,24,5,4,8,2,2,3
3jrr_B,base,8,72,26,7,2,6,6,3,2
3jrr_B,base,9,49,20,5,2,6,4,2,1
3jrr_B,finetuned,0,11,3,0,2,0,1,0,0
3jrr_B,finetuned,1,12,4,1,0,1,1,1,0
3jrr_B,finetuned,2,11,4,1,1,0,0,2,0
3jrr_B,finetuned,3,20,8,1,2,1,1,2,1
3jrr_B,finetuned,4,17,7,0,4,1,1,1,0
3jrr_B,finetuned,5,13,5,1,1,0,1,1,1
3jrr_B,finetuned,6,25,8,2,0,1,1,4,0
3jrr_B,finetuned,7,13,7,1,1,0,2,1,2
3jrr_B,finetuned,8,20,8,1,2,1,0,3,1
3jrr_B,finetuned,9,22,6,1,1,0,2,1,1
4kqd_A,base,0,46,18,6,0,4,1,3,4
4kqd_A,base,1,41,15,3,1,5,1,1,4
4kqd_A,base,2,34,16,5,4,2,1,1,3
4kqd_A,base,3,44,16,7,1,0,2,1,5
4kqd_A,base,4,45,20,7,1,2,3,5,2
4kqd_A,base,5,50,19,6,2,2,2,4,3
4kqd_A,base,6,59,23,5,2,3,5,5,3
4kqd_A,base,7,48,16,4,4,1,1,3,3
4kqd_A,base,8,57,19,5,2,4,2,2,4
4kqd_A,base,9,50,21,6,0,3,3,2,7
4kqd_A,finetuned,0,8,4,1,0,1,0,2,0
4kqd_A,finetuned,1,12,4,1,0,1,1,0,1
4kqd_A,finetuned,2,11,6,2,0,1,0,2,1
4kqd_A,finetuned,3,19,9,1,1,2,2,1,2
4kqd_A,finetuned,4,21,9,2,0,1,1,2,3
4kqd_A,finetuned,5,21,9,2,0,2,1,3,1
4kqd_A,finetuned,6,30,10,3,0,0,3,2,2
4kqd_A,finetuned,7,10,5,2,0,0,0,0,3
4kqd_A,finetuned,8,18,8,2,0,1,0,2,3
4kqd_A,finetuned,9,42,15,3,1,2,2,3,4
5apa_A,base,0,44,14,3,4,5,1,0,1
5apa_A,base,1,48,16,3,4,4,3,1,1
5apa_A,base,2,38,14,4,2,3,1,2,2
5apa_A,base,3,53,17,4,4,7,1,1,0
5apa_A,base,4,44,14,3,3,5,2,0,1
5apa_A,base,5,45,20,6,3,8,2,0,1
5apa_A,base,6,27,12,5,1,5,1,0,0
5apa_A,base,7,46,15,4,3,5,1,1,1
5apa_A,base,8,38,15,7,2,4,2,0,0
5apa_A,base,9,48,20,7,4,6,2,0,1
5apa_A,finetuned,0,20,8,2,1,2,2,1,0
5apa_A,finetuned,1,30,13,2,3,6,1,0,1
5apa_A,finetuned,2,29,10,1,2,4,1,1,1
5apa_A,finetuned,3,25,8,2,2,3,1,0,0
5apa_A,finetuned,4,28,9,2,2,3,1,0,1
5apa_A,finetuned,5,24,8,2,2,2,2,0,0
5apa_A,finetuned,6,21,8,2,2,2,1,0,1
5apa_A,finetuned,7,35,12,2,2,4,2,1,1
5apa_A,finetuned,8,43,14,1,3,5,2,3,0
5apa_A,finetuned,9,21,10,3,0,5,2,0,0
6zul_E,base,0,37,15,1,1,2,3,0,8
6zul_E,base,1,49,15,0,1,4,2,0,8
6zul_E,base,2,57,15,0,0,5,3,1,6
6zul_E,base,3,44,15,1,0,4,2,0,8
6zul_E,base,4,48,14,0,1,6,3,0,4
6zul_E,base,5,52,14,1,0,4,3,0,6
6zul_E,base,6,55,16,1,2,5,2,0,6
6zul_E,base,7,46,13,0,2,3,2,0,6
6zul_E,base,8,61,16,0,2,5,4,0,5
6zul_E,base,9,73,16,0,3,6,2,0,5
6zul_E,finetuned,0,16,4,0,0,4,0,0,0
6zul_E,finetuned,1,27,7,0,1,3,0,0,3
6zul_E,finetuned,2,28,6,0,0,2,0,0,4
6zul_E,finetuned,3,26,9,1,0,3,2,0,3
6zul_E,finetuned,4,28,7,0,1,2,1,0,3
6zul_E,finetuned,5,22,8,0,1,3,1,0,3
6zul_E,finetuned,6,31,10,1,1,4,1,0,3
6zul_E,finetuned,7,34,10,0,0,4,1,0,5
6zul_E,finetuned,8,36,11,1,0,4,1,0,5
6zul_E,finetuned,9,39,12,2,1,4,1,1,3
2fdr_A,base,0,38,16,8,2,2,2,0,2
2fdr_A,base,1,37,17,6,2,2,2,2,3
2fdr_A,base,2,32,13,5,2,0,1,3,2
2fdr_A,base,3,39,14,5,2,3,1,1,2
2fdr_A,base,4,43,13,2,2,1,1,4,3
2fdr_A,base,5,36,13,6,2,0,1,2,2
2fdr_A,base,6,33,14,4,2,2,2,2,2
2fdr_A,base,7,45,19,7,4,4,1,0,3
2fdr_A,base,8,47,18,6,2,2,2,3,3
2fdr_A,base,9,58,24,8,1,4,4,4,3
2fdr_A,finetuned,0,17,8,3,0,1,1,1,2
2fdr_A,finetuned,1,23,8,2,0,0,1,2,3
2fdr_A,finetuned,2,25,10,2,1,1,0,2,4
2fdr_A,finetuned,3,15,6,3,1,0,0,1,1
2fdr_A,finetuned,4,18,7,1,0,0,2,2,2
2fdr_A,finetuned,5,7,3,2,1,0,0,0,0
2fdr_A,finetuned,6,18,6,0,1,0,1,2,2
2fdr_A,finetuned,7,26,9,3,2,1,1,0,2
2fdr_A,finetuned,8,27,12,3,2,1,1,1,4
2fdr_A,finetuned,9,20,9,4,1,0,1,0,3
5els_A,base,0,43,19,4,3,1,0,8,3
5els_A,base,1,38,13,2,3,0,0,5,3
5els_A,base,2,61,21,5,3,1,1,6,5
5els_A,base,3,46,18,4,2,1,1,6,4
5els_A,base,4,51,19,4,2,0,2,7,4
5els_A,base,5,75,29,7,4,3,1,10,4
5els_A,base,6,38,14,1,1,0,0,9,3
5els_A,base,7,46,18,5,1,1,1,7,3
5els_A,base,8,47,21,4,3,3,1,8,2
5els_A,base,9,73,29,7,2,1,2,10,7
5els_A,finetuned,0,15,5,0,1,0,0,4,0
5els_A,finetuned,1,30,14,3,1,0,2,4,4
5els_A,finetuned,2,32,11,1,2,0,0,7,1
5els_A,finetuned,3,31,15,2,2,0,1,9,1
5els_A,finetuned,4,29,10,0,1,0,0,6,3
5els_A,finetuned,5,29,10,2,1,0,0,6,1
5els_A,finetuned,6,32,12,1,2,0,1,7,1
5els_A,finetuned,7,40,16,2,3,1,1,6,3
5els_A,finetuned,8,38,13,1,0,1,2,4,5
5els_A,finetuned,9,33,11,2,2,1,1,4,1
3id2_A,base,0,44,13,3,4,1,3,0,2
3id2_A,base,1,61,18,3,6,1,3,2,3
3id2_A,base,2,71,19,4,4,2,5,2,2
3id2_A,base,3,79,19,3,7,0,3,2,4
3id2_A,base,4,53,18,4,6,2,1,2,3
3id2_A,base,5,30,13,3,3,1,2,1,3
3id2_A,base,6,47,14,2,3,2,2,3,2
3id2_A,base,7,58,18,3,5,1,3,3,3
3id2_A,base,8,72,18,3,3,2,3,3,4
3id2_A,base,9,67,18,3,5,0,4,4,2
3id2_A,finetuned,0,16,5,2,0,0,1,1,1
3id2_A,finetuned,1,27,9,3,0,0,3,1,2
3id2_A,finetuned,2,32,13,2,2,1,3,2,3
3id2_A,finetuned,3,39,13,2,0,1,4,1,5
3id2_A,finetuned,4,27,12,2,2,2,2,1,3
3id2_A,finetuned,5,38,13,3,2,1,4,1,2
3id2_A,finetuned,6,25,10,2,1,1,1,2,3
3id2_A,finetuned,7,31,10,2,2,2,1,1,2
3id2_A,finetuned,8,36,14,2,2,1,3,3,3
3id2_A,finetuned,9,31,12,2,3,2,1,1,3
7bkf_A,base,0,53,21,4,2,4,4,4,3
7bkf_A,base,1,52,20,6,2,3,1,2,6
7bkf_A,base,2,50,23,8,1,2,2,1,9
7bkf_A,base,3,43,15,2,2,2,1,5,3
7bkf_A,base,4,50,20,6,2,3,1,3,5
7bkf_A,base,5,43,18,2,3,3,3,4,3
7bkf_A,base,6,31,14,2,0,2,4,2,4
7bkf_A,base,7,48,18,3,3,2,2,4,4
7bkf_A,base,8,48,19,3,5,3,0,5,3
7bkf_A,base,9,78,29,10,0,5,5,3,6
7bkf_A,finetuned,0,18,7,2,2,1,1,0,1
7bkf_A,finetuned,1,13,4,0,1,0,0,2,1
7bkf_A,finetuned,2,31,11,2,2,1,2,2,2
7bkf_A,finetuned,3,20,8,4,0,1,2,1,0
7bkf_A,finetuned,4,22,10,2,2,1,0,2,3
7bkf_A,finetuned,5,31,12,1,0,1,3,4,3
7bkf_A,finetuned,6,17,5,0,1,0,1,2,1
7bkf_A,finetuned,7,36,15,2,0,1,2,6,4
7bkf_A,finetuned,8,48,18,5,1,3,2,5,2
7bkf_A,finetuned,9,26,10,2,1,1,1,3,2
2idl_B,base,0,17,7,0,1,3,1,2,0
2idl_B,base,1,31,11,3,1,3,2,2,0
2idl_B,base,2,34,12,0,1,4,1,4,2
2idl_B,base,3,28,13,3,2,3,3,2,0
2idl_B,base,4,34,14,1,3,5,1,2,2
2idl_B,base,5,31,16,4,1,6,1,3,1
2idl_B,base,6,26,11,0,2,6,2,0,1
2idl_B,base,7,28,14,0,1,7,2,2,2
2idl_B,base,8,38,17,4,3,3,3,3,1
2idl_B,base,9,36,16,4,3,3,3,3,0
2idl_B,finetuned,0,14,7,0,1,3,2,1,0
2idl_B,finetuned,1,12,5,0,0,3,1,1,0
2idl_B,finetuned,2,7,4,0,0,3,1,0,0
2idl_B,finetuned,3,2,1,0,0,1,0,0,0
2idl_B,finetuned,4,10,6,0,0,2,1,3,0
2idl_B,finetuned,5,12,5,1,0,2,1,1,0
2idl_B,finetuned,6,23,9,0,2,3,3,1,0
2idl_B,finetuned,7,23,10,0,0,4,1,5,0
2idl_B,finetuned,8,10,4,0,1,1,2,0,0
2idl_B,finetuned,9,17,7,1,0,4,1,1,0
6i9s_B,base,0,4,3,0,1,1,0,1,0
6i9s_B,base,1,12,5,2,0,1,1,1,0
6i9s_B,base,2,3,2,0,0,2,0,0,0
6i9s_B,base,3,2,1,0,0,1,0,0,0
6i9s_B,base,4,9,3,1,1,1,0,0,0
6i9s_B,base,5,10,5,1,1,1,1,1,0
6i9s_B,base,6,21,10,1,1,4,4,0,0
6i9s_B,base,7,6,3,1,1,1,0,0,0
6i9s_B,base,8,6,3,0,0,1,1,1,0
6i9s_B,base,9,12,6,1,0,3,1,1,0
6i9s_B,finetuned,0,10,4,1,0,1,1,1,0
6i9s_B,finetuned,1,6,3,0,1,0,0,2,0
6i9s_B,finetuned,2,4,1,0,0,0,0,1,0
6i9s_B,finetuned,3,16,5,0,0,2,1,2,0
6i9s_B,finetuned,4,20,7,1,0,2,2,2,0
6i9s_B,finetuned,5,0,0,0,0,0,0,0,0
6i9s_B,finetuned,6,12,4,0,0,3,1,0,0
6i9s_B,finetuned,7,4,2,0,0,0,0,1,1
6i9s_B,finetuned,8,14,6,0,1,3,1,1,0
6i9s_B,finetuned,9,10,4,2,0,0,0,2,0
6pse_B,base,0,26,7,2,2,1,0,2,0
6pse_B,base,1,28,8,0,2,2,0,3,1
6pse_B,base,2,38,8,1,2,0,1,4,0
6pse_B,base,3,28,8,1,3,1,1,2,0
6pse_B,base,4,29,7,1,2,0,1,2,1
6pse_B,base,5,37,9,1,1,1,0,5,1
6pse_B,base,6,42,10,1,3,1,1,4,0
6pse_B,base,7,18,5,0,1,0,0,4,0
6pse_B,base,8,27,5,0,1,0,0,4,0
6pse_B,base,9,31,7,1,1,1,0,3,1
6pse_B,finetuned,0,22,6,1,1,0,0,4,0
6pse_B,finetuned,1,16,4,0,1,0,0,3,0
6pse_B,finetuned,2,15,4,0,2,0,0,2,0
6pse_B,finetuned,3,23,8,2,1,0,0,5,0
6pse_B,finetuned,4,23,7,0,1,0,0,6,0
6pse_B,finetuned,5,16,3,0,1,0,0,2,0
6pse_B,finetuned,6,11,4,0,1,0,0,2,1
6pse_B,finetuned,7,8,3,0,1,0,0,2,0
6pse_B,finetuned,8,12,3,0,1,0,0,1,1
6pse_B,finetuned,9,29,6,1,1,1,0,2,1
4hg2_B,base,0,34,10,4,0,1,1,2,2
4hg2_B,base,1,66,23,5,3,3,4,4,4
4hg2_B,base,2,56,19,7,2,2,2,2,4
4hg2_B,base,3,57,20,4,3,2,4,3,4
4hg2_B,base,4,59,20,5,2,4,2,3,4
4hg2_B,base,5,61,21,5,1,6,3,3,3
4hg2_B,base,6,75,22,4,3,3,4,3,5
4hg2_B,base,7,61,20,5,2,3,2,4,4
4hg2_B,base,8,51,17,2,3,3,2,4,3
4hg2_B,base,9,49,18,6,1,3,2,2,4
4hg2_B,finetuned,0,32,12,1,2,2,0,3,4
4hg2_B,finetuned,1,20,7,1,1,2,1,1,1
4hg2_B,finetuned,2,30,11,2,2,1,1,3,2
4hg2_B,finetuned,3,34,13,2,2,1,3,2,3
4hg2_B,finetuned,4,21,9,1,0,1,1,4,2
4hg2_B,finetuned,5,28,10,2,1,1,1,4,1
4hg2_B,finetuned,6,40,13,1,1,1,1,5,4
4hg2_B,finetuned,7,46,16,3,0,4,2,3,4
4hg2_B,finetuned,8,28,10,2,0,2,2,3,1
4hg2_B,finetuned,9,57,20,5,1,3,4,2,5
6p0g_A,base,0,18,6,2,0,0,1,1,2
6p0g_A,base,1,17,6,1,0,1,3,0,1
6p0g_A,base,2,20,8,3,0,0,3,0,2
6p0g_A,base,3,21,6,0,0,0,2,3,1
6p0g_A,base,4,16,6,3,0,0,0,1,2
6p0g_A,base,5,29,11,2,0,0,2,4,3
6p0g_A,base,6,19,8,3,1,0,1,3,0
6p0g_A,base,7,27,8,1,0,0,3,1,3
6p0g_A,base,8,29,11,2,2,1,2,2,2
6p0g_A,base,9,28,9,1,0,0,2,4,2
6p0g_A,finetuned,0,19,7,1,1,0,1,3,1
6p0g_A,finetuned,1,35,11,2,1,0,3,3,2
6p0g_A,finetuned,2,29,8,2,0,1,1,3,1
6p0g_A,finetuned,3,24,6,0,0,0,1,5,0
6p0g_A,finetuned,4,29,9,0,1,1,1,3,3
6p0g_A,finetuned,5,25,8,1,0,0,3,2,2
6p0g_A,finetuned,6,33,10,2,0,0,2,3,3
6p0g_A,finetuned,7,29,11,2,0,2,2,4,1
6p0g_A,finetuned,8,38,14,3,0,2,3,4,2
6p0g_A,finetuned,9,32,12,1,1,1,2,3,4
2yn0_A,base,0,20,7,0,1,1,3,2,0
2yn0_A,base,1,16,7,1,0,1,3,2,0
2yn0_A,base,2,20,8,1,0,1,2,3,1
2yn0_A,base,3,13,6,1,0,1,2,1,1
2yn0_A,base,4,21,8,2,1,0,3,2,0
2yn0_A,base,5,19,6,0,1,1,0,4,0
2yn0_A,base,6,23,10,2,0,3,2,2,1
2yn0_A,base,7,31,12,2,1,2,3,3,1
2yn0_A,base,8,35,14,3,1,1,2,5,2
2yn0_A,base,9,27,10,1,0,2,1,5,1
2yn0_A,finetuned,0,9,4,0,1,0,0,2,1
2yn0_A,finetuned,1,12,4,0,1,1,1,1,0
2yn0_A,finetuned,2,9,3,0,0,0,1,2,0
2yn0_A,finetuned,3,9,4,0,1,0,1,1,1
2yn0_A,finetuned,4,14,6,0,0,1,1,3,1
2yn0_A,finetuned,5,8,2,0,0,0,1,1,0
2yn0_A,finetuned,6,14,6,1,0,2,1,1,1
2yn0_A,finetuned,7,12,4,0,0,1,1,2,0
2yn0_A,finetuned,8,18,7,1,1,1,1,2,1
2yn0_A,finetuned,9,8,3,0,0,1,1,1,0
3d5l_A,base,0,27,10,2,1,0,2,3,2
3d5l_A,base,1,32,10,2,1,0,3,2,2
3d5l_A,base,2,40,14,3,4,1,1,3,2
3d5l_A,base,3,45,18,3,2,3,2,4,4
3d5l_A,base,4,32,13,4,2,0,2,2,3
3d5l_A,base,5,47,15,2,4,2,2,2,3
3d5l_A,base,6,40,15,2,4,4,2,1,2
3d5l_A,base,7,47,18,2,4,3,1,4,4
3d5l_A,base,8,39,13,3,2,0,3,2,3
3d5l_A,base,9,54,18,3,5,1,2,4,3
3d5l_A,finetuned,0,32,11,3,3,0,2,1,2
3d5l_A,finetuned,1,20,11,2,1,1,2,3,2
3d5l_A,finetuned,2,13,5,0,2,0,1,1,1
3d5l_A,finetuned,3,20,8,2,1,1,1,2,1
3d5l_A,finetuned,4,22,7,3,1,0,1,0,2
3d5l_A,finetuned,5,30,9,2,3,0,1,1,2
3d5l_A,finetuned,6,33,11,2,2,1,1,3,2
3d5l_A,finetuned,7,20,8,3,0,2,2,0,1
3d5l_A,finetuned,8,26,8,1,2,0,0,2,3
3d5l_A,finetuned,9,33,13,2,2,1,2,4,2
3tvz_A,base,0,29,12,2,1,0,2,4,3
3tvz_A,base,1,30,9,2,0,0,1,3,3
3tvz_A,base,2,36,12,3,1,0,0,5,3
3tvz_A,base,3,30,8,2,0,0,0,3,3
3tvz_A,base,4,54,20,3,2,2,4,4,5
3tvz_A,base,5,63,20,5,0,3,3,5,4
3tvz_A,base,6,37,13,3,0,0,3,4,3
3tvz_A,base,7,37,10,3,0,1,0,4,2
3tvz_A,base,8,36,11,5,0,0,2,2,2
3tvz_A,base,9,37,12,5,0,0,0,4,3
3tvz_A,finetuned,0,21,9,2,0,1,1,2,3
3tvz_A,finetuned,1,19,8,3,0,0,1,2,2
3tvz_A,finetuned,2,20,6,1,0,0,0,3,2
3tvz_A,finetuned,3,15,5,3,0,0,0,1,1
3tvz_A,finetuned,4,18,6,2,0,0,0,2,2
3tvz_A,finetuned,5,24,7,2,0,0,0,3,2
3tvz_A,finetuned,6,19,7,0,0,0,0,4,3
3tvz_A,finetuned,7,17,5,1,1,0,0,2,1
3tvz_A,finetuned,8,30,11,3,0,1,2,3,2
3tvz_A,finetuned,9,35,11,2,0,0,2,4,3
4tql_B,base,0,19,10,3,1,1,0,4,1
4tql_B,base,1,25,11,4,0,0,1,6,0
4tql_B,base,2,42,20,3,0,0,2,12,3
4tql_B,base,3,24,13,1,3,0,1,8,0
4tql_B,base,4,18,8,2,0,0,0,6,0
4tql_B,base,5,23,10,0,2,0,0,8,0
4tql_B,base,6,14,9,0,1,0,0,8,0
4tql_B,base,7,17,9,0,1,0,0,8,0
4tql_B,base,8,74,25,8,2,2,4,7,2
4tql_B,base,9,58,23,12,0,3,1,6,1
4tql_B,finetuned,0,6,2,0,0,0,0,2,0
4tql_B,finetuned,1,13,6,0,2,0,0,3,1
4tql_B,finetuned,2,27,11,0,0,0,0,11,0
4tql_B,finetuned,3,31,13,0,5,1,0,7,0
4tql_B,finetuned,4,4,2,0,0,0,0,2,0
4tql_B,finetuned,5,14,6,0,0,0,0,6,0
4tql_B,finetuned,6,15,7,0,1,0,0,6,0
4tql_B,finetuned,7,13,6,0,1,0,0,5,0
4tql_B,finetuned,8,21,10,0,1,0,0,9,0
4tql_B,finetuned,9,15,9,1,1,0,0,7,0
2wjr_A,base,0,58,22,5,4,4,6,1,2
2wjr_A,base,1,42,17,4,4,2,6,0,1
2wjr_A,base,2,27,12,1,3,3,3,0,2
2wjr_A,base,3,34,13,0,5,2,4,1,1
2wjr_A,base,4,33,16,0,4,2,6,2,2
2wjr_A,base,5,48,20,2,2,7,5,0,4
2wjr_A,base,6,42,16,1,5,2,4,1,3
2wjr_A,base,7,44,19,3,3,3,6,1,3
2wjr_A,base,8,53,20,1,3,4,7,2,3
2wjr_A,base,9,51,22,1,4,3,5,3,6
2wjr_A,finetuned,0,23,10,0,2,1,5,1,1
2wjr_A,finetuned,1,25,11,3,1,2,3,1,1
2wjr_A,finetuned,2,18,9,0,2,1,5,1,0
2wjr_A,finetuned,3,14,7,1,1,0,3,0,2
2wjr_A,finetuned,4,26,10,0,2,0,5,1,2
2wjr_A,finetuned,5,27,11,3,1,1,4,0,2
2wjr_A,finetuned,6,14,6,1,0,1,3,0,1
2wjr_A,finetuned,7,29,11,0,3,2,2,2,2
2wjr_A,finetuned,8,34,12,1,2,3,3,0,3
2wjr_A,finetuned,9,38,17,1,3,3,7,1,2
4efr_C,base,0,29,12,1,1,3,3,3,1
4efr_C,base,1,22,10,2,0,2,3,2,1
4efr_C,base,2,30,12,2,2,3,2,2,1
4efr_C,base,3,39,18,3,1,7,1,3,3
4efr_C,base,4,41,20,2,0,7,3,4,4
4efr_C,base,5,35,17,3,2,4,3,3,2
4efr_C,base,6,43,22,4,0,8,2,4,4
4efr_C,base,7,44,19,4,1,6,2,2,4
4efr_C,base,8,31,13,3,0,7,2,0,1
4efr_C,base,9,42,16,1,1,7,2,2,3
4efr_C,finetuned,0,4,1,0,1,0,0,0,0
4efr_C,finetuned,1,13,7,2,1,2,1,0,1
4efr_C,finetuned,2,5,3,1,0,0,1,0,1
4efr_C,finetuned,3,1,1,0,0,0,0,0,1
4efr_C,finetuned,4,6,3,1,0,0,0,2,0
4efr_C,finetuned,5,7,4,0,2,1,0,1,0
4efr_C,finetuned,6,9,4,0,0,2,1,1,0
4efr_C,finetuned,7,12,5,0,1,2,0,1,1
4efr_C,finetuned,8,13,6,1,1,1,0,2,1
4efr_C,finetuned,9,17,9,1,2,1,1,2,2
4i3m_A,base,0,49,15,2,2,2,0,7,2
4i3m_A,base,1,28,10,1,2,0,0,4,3
4i3m_A,base,2,49,20,8,2,3,0,6,1
4i3m_A,base,3,54,20,6,2,2,0,7,3
4i3m_A,base,4,49,18,8,0,3,0,5,2
4i3m_A,base,5,49,16,5,1,1,0,7,2
4i3m_A,base,6,71,21,7,4,1,0,7,2
4i3m_A,base,7,67,19,12,1,2,0,1,3
4i3m_A,base,8,44,15,4,0,2,0,7,2
4i3m_A,base,9,91,31,13,4,3,1,5,5
4i3m_A,finetuned,0,20,11,3,1,3,0,3,1
4i3m_A,finetuned,1,31,9,1,1,2,0,3,2
4i3m_A,finetuned,2,24,10,3,2,1,0,3,1
4i3m_A,finetuned,3,24,11,1,1,1,0,7,1
4i3m_A,finetuned,4,33,13,5,1,2,0,2,3
4i3m_A,finetuned,5,21,6,1,0,0,0,4,1
4i3m_A,finetuned,6,17,6,1,1,2,0,1,1
4i3m_A,finetuned,7,16,7,1,0,0,0,4,2
4i3m_A,finetuned,8,36,15,5,4,4,0,0,2
4i3m_A,finetuned,9,49,13,5,1,0,0,6,1
6y4z_B,base,0,70,31,5,3,6,5,4,8
6y4z_B,base,1,67,27,6,2,7,4,4,4
6y4z_B,base,2,84,32,6,3,6,5,6,6
6y4z_B,base,3,60,27,5,3,6,4,4,5
6y4z_B,base,4,62,25,5,2,5,5,4,4
6y4z_B,base,5,58,27,4,4,4,4,3,8
6y4z_B,base,6,57,26,3,3,6,4,4,6
6y4z_B,base,7,79,29,7,2,6,3,6,5
6y4z_B,base,8,76,28,5,3,6,6,3,5
6y4z_B,base,9,77,29,5,3,7,3,5,6
6y4z_B,finetuned,0,33,15,1,2,4,3,2,3
6y4z_B,finetuned,1,51,19,3,2,6,3,1,4
6y4z_B,finetuned,2,40,17,3,2,3,4,1,4
6y4z_B,finetuned,3,51,21,3,2,5,5,1,5
6y4z_B,finetuned,4,32,14,1,2,2,3,3,3
6y4z_B,finetuned,5,43,17,2,2,5,2,2,4
6y4z_B,finetuned,6,40,17,1,2,5,3,1,5
6y4z_B,finetuned,7,43,17,2,2,3,3,3,4
6y4z_B,finetuned,8,41,20,3,2,4,5,1,5
6y4z_B,finetuned,9,53,22,2,2,5,4,4,5
6y93_A,base,0,15,8,1,2,0,2,3,0
6y93_A,base,1,33,13,3,2,1,2,4,1
6y93_A,base,2,24,11,2,1,1,2,5,0
6y93_A,base,3,31,14,2,4,1,2,4,1
6y93_A,base,4,49,19,4,3,2,3,7,0
6y93_A,base,5,33,12,4,2,1,3,1,1
6y93_A,base,6,27,9,1,2,1,2,3,0
6y93_A,base,7,25,9,3,2,0,2,2,0
6y93_A,base,8,29,12,3,1,0,2,4,2
6y93_A,base,9,50,19,3,4,1,2,8,1
6y93_A,finetuned,0,28,11,6,0,1,2,1,1
6y93_A,finetuned,1,29,14,5,2,1,3,3,0
6y93_A,finetuned,2,22,8,3,1,0,2,1,1
6y93_A,finetuned,3,24,10,2,1,1,2,4,0
6y93_A,finetuned,4,20,8,1,3,0,2,2,0
6y93_A,finetuned,5,32,15,5,1,1,2,3,3
6y93_A,finetuned,6,27,10,2,2,1,2,3,0
6y93_A,finetuned,7,19,8,3,1,0,2,1,1
6y93_A,finetuned,8,19,9,3,1,1,2,2,0
6y93_A,finetuned,9,28,12,5,2,1,2,1,1
5jkq_A,base,0,48,21,4,4,3,3,4,3
5jkq_A,base,1,41,19,2,3,2,4,4,4
5jkq_A,base,2,45,16,3,1,1,5,3,3
5jkq_A,base,3,40,19,3,1,5,5,1,4
5jkq_A,base,4,56,19,2,4,3,3,3,4
5jkq_A,base,5,54,21,3,3,4,4,5,2
5jkq_A,base,6,52,20,2,5,2,5,3,3
5jkq_A,base,7,70,27,5,5,4,4,4,5
5jkq_A,base,8,66,23,5,6,3,4,2,3
5jkq_A,base,9,71,23,3,5,3,3,4,5
5jkq_A,finetuned,0,17,6,1,1,1,2,0,1
5jkq_A,finetuned,1,40,16,4,2,1,5,3,1
5jkq_A,finetuned,2,20,10,1,1,2,1,3,2
5jkq_A,finetuned,3,21,7,1,2,2,0,1,1
5jkq_A,finetuned,4,21,12,3,2,3,2,2,0
5jkq_A,finetuned,5,16,7,0,2,0,2,1,2
5jkq_A,finetuned,6,21,11,2,1,2,2,3,1
5jkq_A,finetuned,7,27,11,5,2,2,0,1,1
5jkq_A,finetuned,8,29,12,2,5,0,1,2,2
5jkq_A,finetuned,9,35,12,1,3,2,1,2,3
2gt4_C,base,0,33,11,4,2,1,1,3,0
2gt4_C,base,1,34,15,2,6,2,1,4,0
2gt4_C,base,2,39,14,5,2,1,1,5,0
2gt4_C,base,3,38,13,3,4,2,1,3,0
2gt4_C,base,4,53,17,4,4,1,2,4,2
2gt4_C,base,5,34,13,3,5,2,0,3,0
2gt4_C,base,6,45,15,3,4,0,2,5,1
2gt4_C,base,7,39,14,5,3,2,0,3,1
2gt4_C,base,8,42,14,3,5,2,1,3,0
2gt4_C,base,9,43,14,3,4,0,3,2,2
2gt4_C,finetuned,0,36,11,2,4,1,1,3,0
2gt4_C,finetuned,1,30,12,1,3,2,1,5,0
2gt4_C,finetuned,2,27,10,2,2,3,1,2,0
2gt4_C,finetuned,3,31,11,2,4,1,0,4,0
2gt4_C,finetuned,4,32,13,4,4,3,0,2,0
2gt4_C,finetuned,5,36,13,2,3,3,0,5,0
2gt4_C,finetuned,6,38,11,2,6,2,1,0,0
2gt4_C,finetuned,7,30,13,3,2,2,0,6,0
2gt4_C,finetuned,8,23,10,2,2,2,0,4,0
2gt4_C,finetuned,9,31,11,3,2,2,1,3,0
4zxf_D,base,0,51,20,4,3,1,3,4,5
4zxf_D,base,1,33,14,2,1,0,4,1,6
4zxf_D,base,2,50,22,4,3,4,4,2,5
4zxf_D,base,3,66,21,6,4,1,5,0,5
4zxf_D,base,4,37,14,4,1,0,3,1,5
4zxf_D,base,5,45,18,3,3,2,1,2,7
4zxf_D,base,6,36,15,2,4,1,3,1,4
4zxf_D,base,7,56,20,4,3,4,3,1,5
4zxf_D,base,8,48,17,5,3,1,2,2,4
4zxf_D,base,9,62,28,6,5,2,4,5,6
4zxf_D,finetuned,0,20,7,0,0,1,0,1,5
4zxf_D,finetuned,1,9,4,1,1,0,2,0,0
4zxf_D,finetuned,2,16,9,3,0,1,2,1,2
4zxf_D,finetuned,3,6,4,0,0,1,0,1,2
4zxf_D,finetuned,4,8,3,1,0,0,0,1,1
4zxf_D,finetuned,5,15,9,2,1,1,0,1,4
4zxf_D,finetuned,6,17,7,2,2,1,1,1,0
4zxf_D,finetuned,7,17,8,4,1,0,2,0,1
4zxf_D,finetuned,8,30,12,3,1,0,2,2,4
4zxf_D,finetuned,9,30,11,3,1,0,1,2,4
2fck_A,base,0,75,28,6,9,3,3,3,4
2fck_A,base,1,56,21,2,4,4,3,2,6
2fck_A,base,2,54,18,4,5,2,1,3,3
2fck_A,base,3,72,30,6,7,4,5,3,5
2fck_A,base,4,70,29,6,4,3,7,3,6
2fck_A,base,5,59,21,5,7,2,3,3,1
2fck_A,base,6,71,23,5,6,2,3,3,4
2fck_A,base,7,82,32,9,4,5,4,4,6
2fck_A,base,8,69,25,7,4,2,4,4,4
2fck_A,base,9,83,31,7,4,5,4,4,7
2fck_A,finetuned,0,30,12,4,0,1,2,3,2
2fck_A,finetuned,1,25,9,4,0,0,2,3,0
2fck_A,finetuned,2,40,12,3,2,1,2,3,1
2fck_A,finetuned,3,24,8,2,1,1,1,1,2
2fck_A,finetuned,4,51,15,4,0,1,4,4,2
2fck_A,finetuned,5,29,11,2,1,1,3,2,2
2fck_A,finetuned,6,32,12,3,0,1,2,6,0
2fck_A,finetuned,7,40,13,2,3,2,3,3,0
2fck_A,finetuned,8,35,15,5,3,0,2,4,1
2fck_A,finetuned,9,39,13,3,2,1,1,5,1
1jxm_A,base,0,54,19,2,4,4,3,4,2
1jxm_A,base,1,43,19,5,3,1,3,3,4
1jxm_A,base,2,51,18,4,2,0,5,2,5
1jxm_A,base,3,56,23,4,5,2,3,6,3
1jxm_A,base,4,84,33,9,4,4,5,6,5
1jxm_A,base,5,49,20,3,5,1,3,5,3
1jxm_A,base,6,73,26,7,3,3,3,6,4
1jxm_A,base,7,63,26,6,4,2,5,5,4
1jxm_A,base,8,91,33,7,5,6,4,7,4
1jxm_A,base,9,78,27,3,3,4,4,9,4
1jxm_A,finetuned,0,28,11,1,4,2,2,1,1
1jxm_A,finetuned,1,41,18,3,3,1,3,5,3
1jxm_A,finetuned,2,47,18,5,1,2,3,4,3
1jxm_A,finetuned,3,32,15,4,2,2,4,2,1
1jxm_A,finetuned,4,35,13,1,2,2,3,4,1
1jxm_A,finetuned,5,32,11,2,1,1,1,5,1
1jxm_A,finetuned,6,34,13,0,3,2,1,5,2
1jxm_A,finetuned,7,23,9,1,0,2,3,2,1
1jxm_A,finetuned,8,35,15,2,2,3,3,2,3
1jxm_A,finetuned,9,47,20,5,3,0,3,7,2
2ich_A,base,0,41,17,1,3,7,3,0,3
2ich_A,base,1,38,18,1,2,4,5,2,4
2ich_A,base,2,53,20,1,3,3,6,3,4
2ich_A,base,3,46,20,3,3,5,5,1,3
2ich_A,base,4,35,15,1,2,8,3,1,0
2ich_A,base,5,62,26,4,4,6,6,4,2
2ich_A,base,6,34,14,1,1,5,5,1,1
2ich_A,base,7,28,14,1,3,6,3,0,1
2ich_A,base,8,66,24,2,5,6,5,3,3
2ich_A,base,9,54,22,1,4,9,5,2,1
2ich_A,finetuned,0,8,5,1,0,2,1,0,1
2ich_A,finetuned,1,7,4,0,1,0,2,0,1
2ich_A,finetuned,2,10,5,0,1,0,2,1,1
2ich_A,finetuned,3,11,5,1,1,1,1,1,0
2ich_A,finetuned,4,7,4,0,0,3,1,0,0
2ich_A,finetuned,5,16,7,1,0,3,2,0,1
2ich_A,finetuned,6,13,6,0,1,0,4,1,0
2ich_A,finetuned,7,28,12,2,0,4,4,1,1
2ich_A,finetuned,8,7,4,1,1,1,1,0,0
2ich_A,finetuned,9,19,10,3,2,2,2,1,0
2gj8_B,base,0,67,22,9,4,5,1,2,1
2gj8_B,base,1,81,28,6,5,7,5,3,2
2gj8_B,base,2,80,30,6,6,9,3,4,2
2gj8_B,base,3,61,22,6,4,7,1,3,1
2gj8_B,base,4,82,28,6,7,8,3,3,1
2gj8_B,base,5,71,24,6,4,7,4,2,1
2gj8_B,base,6,93,30,7,7,6,3,3,4
2gj8_B,base,7,85,26,7,7,7,3,2,0
2gj8_B,base,8,82,26,5,8,7,3,3,0
2gj8_B,base,9,74,24,6,4,8,2,3,1
2gj8_B,finetuned,0,39,14,1,5,4,3,1,0
2gj8_B,finetuned,1,42,18,5,4,4,3,1,1
2gj8_B,finetuned,2,36,15,7,3,3,1,0,1
2gj8_B,finetuned,3,30,13,2,5,2,3,0,1
2gj8_B,finetuned,4,52,20,4,4,4,4,3,1
2gj8_B,finetuned,5,48,17,3,5,4,2,2,1
2gj8_B,finetuned,6,40,15,3,3,6,1,0,2
2gj8_B,finetuned,7,44,20,4,5,4,4,1,2
2gj8_B,finetuned,8,42,16,4,3,4,1,3,1
2gj8_B,finetuned,9,43,19,4,4,4,3,1,3
4mup_C,base,0,41,20,7,2,2,4,3,2
4mup_C,base,1,47,20,4,4,5,1,4,2
4mup_C,base,2,39,16,5,4,2,1,3,1
4mup_C,base,3,49,19,5,3,3,2,5,1
4mup_C,base,4,48,20,8,6,2,1,3,0
4mup_C,base,5,53,23,7,4,6,1,4,1
4mup_C,base,6,49,20,5,3,3,3,4,2
4mup_C,base,7,70,24,6,5,2,2,5,4
4mup_C,base,8,65,23,5,4,3,4,5,2
4mup_C,base,9,63,24,6,4,5,2,3,4
4mup_C,finetuned,0,27,9,1,1,2,0,4,1
4mup_C,finetuned,1,25,12,2,1,2,0,4,3
4mup_C,finetuned,2,21,10,0,1,4,0,3,2
4mup_C,finetuned,3,14,9,1,1,4,1,2,0
4mup_C,finetuned,4,34,13,1,3,4,1,3,1
4mup_C,finetuned,5,30,14,2,2,4,0,5,1
4mup_C,finetuned,6,18,9,0,0,2,1,3,3
4mup_C,finetuned,7,29,11,2,1,1,1,3,3
4mup_C,finetuned,8,22,11,1,3,2,0,3,2
4mup_C,finetuned,9,21,10,3,4,1,0,2,0
2vn8_A,base,0,41,19,5,5,1,3,3,2
2vn8_A,base,1,46,18,5,2,2,2,4,3
2vn8_A,base,2,76,23,5,3,0,3,7,5
2vn8_A,base,3,70,29,6,2,4,5,8,4
2vn8_A,base,4,56,21,3,2,3,2,5,6
2vn8_A,base,5,72,25,5,5,3,3,7,2
2vn8_A,base,6,59,24,5,2,5,3,5,4
2vn8_A,base,7,55,22,6,1,3,3,4,5
2vn8_A,base,8,68,26,8,1,2,6,4,5
2vn8_A,base,9,80,34,8,2,9,3,7,5
2vn8_A,finetuned,0,30,15,5,1,1,3,3,2
2vn8_A,finetuned,1,39,13,2,0,1,3,5,2
2vn8_A,finetuned,2,39,16,5,1,1,1,4,4
2vn8_A,finetuned,3,71,27,9,2,4,3,4,5
2vn8_A,finetuned,4,57,17,3,2,0,2,6,4
2vn8_A,finetuned,5,59,20,4,2,1,2,8,3
2vn8_A,finetuned,6,38,16,5,1,2,1,5,2
2vn8_A,finetuned,7,57,22,4,1,2,5,5,5
2vn8_A,finetuned,8,40,18,6,1,2,2,3,4
2vn8_A,finetuned,9,44,17,3,3,2,2,4,3
4qpm_A,base,0,50,22,2,4,1,8,4,3
4qpm_A,base,1,44,18,4,1,2,5,2,4
4qpm_A,base,2,55,21,4,6,3,4,3,1
4qpm_A,base,3,47,16,2,2,4,2,2,4
4qpm_A,base,4,42,17,1,5,3,2,5,1
4qpm_A,base,5,59,22,5,5,3,5,3,1
4qpm_A,base,6,49,20,4,3,5,3,1,4
4qpm_A,base,7,47,16,5,2,2,3,0,4
4qpm_A,base,8,42,19,4,2,3,6,3,1
4qpm_A,base,9,64,22,4,4,4,5,4,1
4qpm_A,finetuned,0,35,12,2,1,1,3,2,3
4qpm_A,finetuned,1,22,9,3,1,2,1,1,1
4qpm_A,finetuned,2,16,8,2,0,2,2,1,1
4qpm_A,finetuned,3,27,12,2,2,2,1,4,1
4qpm_A,finetuned,4,25,11,2,1,3,2,2,1
4qpm_A,finetuned,5,30,13,2,1,3,5,1,1
4qpm_A,finetuned,6,24,9,1,0,3,1,1,3
4qpm_A,finetuned,7,12,6,2,1,1,0,1,1
4qpm_A,finetuned,8,12,9,1,0,2,1,4,1
4qpm_A,finetuned,9,46,14,3,2,3,3,2,1
2x7p_A,base,0,48,24,3,3,7,2,7,2
2x7p_A,base,1,54,27,4,3,5,2,10,3
2x7p_A,base,2,64,26,6,1,5,3,6,5
2x7p_A,base,3,47,20,4,1,6,1,5,3
2x7p_A,base,4,59,31,6,2,8,1,10,4
2x7p_A,base,5,67,26,3,1,5,2,11,4
2x7p_A,base,6,65,30,3,2,7,4,8,6
2x7p_A,base,7,86,40,6,3,8,6,12,5
2x7p_A,base,8,49,20,4,4,3,1,7,1
2x7p_A,base,9,45,21,6,0,8,1,6,0
2x7p_A,finetuned,0,26,13,3,1,4,0,4,1
2x7p_A,finetuned,1,43,17,3,2,6,1,3,2
2x7p_A,finetuned,2,22,12,0,1,4,1,5,1
2x7p_A,finetuned,3,28,13,1,1,3,1,6,1
2x7p_A,finetuned,4,27,11,0,1,4,0,4,2
2x7p_A,finetuned,5,53,20,3,0,5,2,6,4
2x7p_A,finetuned,6,41,18,3,2,4,1,5,3
2x7p_A,finetuned,7,48,22,2,3,5,2,6,4
2x7p_A,finetuned,8,22,12,1,1,3,0,6,1
2x7p_A,finetuned,9,58,23,2,2,7,3,6,3
3g73_B,base,0,24,13,2,1,4,3,2,1
3g73_B,base,1,53,17,4,3,3,4,3,0
3g73_B,base,2,39,14,4,1,4,2,3,0
3g73_B,base,3,37,18,3,1,6,4,3,1
3g73_B,base,4,46,15,2,3,4,2,3,1
3g73_B,base,5,32,12,2,2,3,3,2,0
3g73_B,base,6,32,13,2,2,3,4,2,0
3g73_B,base,7,23,10,1,2,2,1,4,0
3g73_B,base,8,44,16,3,3,3,3,2,2
3g73_B,base,9,36,15,3,2,3,3,3,1
3g73_B,finetuned,0,4,2,0,0,0,1,1,0
3g73_B,finetuned,1,9,5,0,0,0,3,2,0
3g73_B,finetuned,2,11,5,1,0,1,0,3,0
3g73_B,finetuned,3,10,6,1,1,1,1,2,0
3g73_B,finetuned,4,21,11,2,2,3,0,3,1
3g73_B,finetuned,5,7,4,2,0,1,0,1,0
3g73_B,finetuned,6,13,6,2,0,2,1,1,0
3g73_B,finetuned,7,24,9,1,2,2,1,3,0
3g73_B,finetuned,8,18,7,1,1,2,1,1,1
3g73_B,finetuned,9,23,7,0,2,2,0,3,0
6qpr_A,base,0,32,16,2,3,4,1,0,6
6qpr_A,base,1,47,21,3,3,5,4,1,5
6qpr_A,base,2,57,20,2,1,5,4,2,6
6qpr_A,base,3,40,16,0,3,2,5,2,4
6qpr_A,base,4,28,13,2,0,5,3,1,2
6qpr_A,base,5,43,18,4,3,4,3,0,4
6qpr_A,base,6,55,25,4,2,4,5,1,9
6qpr_A,base,7,48,18,2,3,3,4,1,5
6qpr_A,base,8,55,25,6,2,7,4,2,4
6qpr_A,base,9,48,18,2,4,1,2,3,6
6qpr_A,finetuned,0,22,7,1,0,1,1,1,3
6qpr_A,finetuned,1,17,7,1,1,0,1,1,3
6qpr_A,finetuned,2,9,3,1,0,0,0,0,2
6qpr_A,finetuned,3,34,13,1,3,3,2,2,2
6qpr_A,finetuned,4,24,8,1,1,1,0,2,3
6qpr_A,finetuned,5,18,8,1,1,2,0,0,4
6qpr_A,finetuned,6,16,6,0,1,0,1,0,4
6qpr_A,finetuned,7,24,10,1,1,2,2,0,4
6qpr_A,finetuned,8,13,7,0,1,2,1,1,2
6qpr_A,finetuned,9,43,16,3,2,3,2,2,4
3ht2_A,base,0,43,14,4,3,3,1,2,1
3ht2_A,base,1,36,13,4,2,3,1,3,0
3ht2_A,base,2,36,16,3,2,6,1,2,2
3ht2_A,base,3,48,18,2,4,7,1,4,0
3ht2_A,base,4,50,17,3,4,5,0,5,0
3ht2_A,base,5,47,17,3,2,6,2,4,0
3ht2_A,base,6,27,14,4,4,1,1,3,1
3ht2_A,base,7,53,20,3,5,3,2,5,2
3ht2_A,base,8,48,17,4,6,3,1,2,1
3ht2_A,base,9,47,18,5,5,2,1,5,0
3ht2_A,finetuned,0,23,9,2,0,2,2,1,2
3ht2_A,finetuned,1,20,8,2,0,3,1,2,0
3ht2_A,finetuned,2,16,7,1,2,1,0,3,0
3ht2_A,finetuned,3,22,9,1,3,2,1,1,1
3ht2_A,finetuned,4,25,9,2,2,2,0,2,1
3ht2_A,finetuned,5,26,10,2,4,1,1,1,1
3ht2_A,finetuned,6,30,10,2,1,2,1,3,1
3ht2_A,finetuned,7,10,3,1,2,0,0,0,0
3ht2_A,finetuned,8,25,11,2,2,3,1,2,1
3ht2_A,finetuned,9,24,8,1,2,1,0,4,0
4lor_A,base,0,16,6,0,3,2,0,1,0
4lor_A,base,1,18,8,0,2,3,1,1,1
4lor_A,base,2,26,11,2,2,2,3,1,1
4lor_A,base,3,26,12,4,1,2,2,1,2
4lor_A,base,4,19,12,4,1,2,1,2,2
4lor_A,base,5,26,13,3,1,5,2,2,0
4lor_A,base,6,39,16,1,3,3,2,2,5
4lor_A,base,7,46,15,2,2,3,3,3,2
4lor_A,base,8,42,18,4,3,3,2,3,3
4lor_A,base,9,27,11,2,0,4,1,2,2
4lor_A,finetuned,0,6,4,1,0,1,0,2,0
4lor_A,finetuned,1,18,7,1,2,2,1,1,0
4lor_A,finetuned,2,15,5,0,1,1,0,2,1
4lor_A,finetuned,3,11,4,0,1,0,0,2,1
4lor_A,finetuned,4,14,6,2,1,2,0,1,0
4lor_A,finetuned,5,15,7,1,1,2,1,1,1
4lor_A,finetuned,6,14,7,2,2,0,2,1,0
4lor_A,finetuned,7,14,5,0,2,0,1,1,1
4lor_A,finetuned,8,14,7,1,2,1,1,1,1
4lor_A,finetuned,9,15,8,2,2,2,0,1,1
2efx_F,base,0,39,15,2,4,3,2,1,3
2efx_F,base,1,38,15,4,1,2,5,0,3
2efx_F,base,2,35,15,3,4,1,3,1,3
2efx_F,base,3,51,18,2,2,3,5,1,5
2efx_F,base,4,39,14,1,1,3,6,0,3
2efx_F,base,5,43,15,3,3,0,1,4,4
2efx_F,base,6,29,11,3,2,1,3,1,1
2efx_F,base,7,50,20,3,4,4,5,1,3
2efx_F,base,8,29,10,2,2,1,3,1,1
2efx_F,base,9,37,15,5,3,2,1,0,4
2efx_F,finetuned,0,15,7,1,2,0,3,0,1
2efx_F,finetuned,1,27,10,0,4,1,2,1,2
2efx_F,finetuned,2,19,7,2,1,2,1,0,1
2efx_F,finetuned,3,17,7,1,1,1,2,0,2
2efx_F,finetuned,4,24,7,0,1,0,3,2,1
2efx_F,finetuned,5,19,6,0,3,1,1,1,0
2efx_F,finetuned,6,23,7,0,2,1,1,0,3
2efx_F,finetuned,7,14,4,0,0,0,1,1,2
2efx_F,finetuned,8,34,14,4,3,3,2,0,2
2efx_F,finetuned,9,30,10,0,3,1,2,2,2
3pms_A,base,0,77,26,5,3,9,2,2,5
3pms_A,base,1,58,17,1,4,5,1,1,5
3pms_A,base,2,59,20,3,3,6,2,2,4
3pms_A,base,3,72,25,3,4,6,3,3,6
3pms_A,base,4,73,26,3,4,6,5,0,8
3pms_A,base,5,93,26,2,4,7,5,1,7
3pms_A,base,6,84,27,3,2,9,2,3,8
3pms_A,base,7,90,29,3,2,9,4,3,8
3pms_A,base,8,69,25,3,4,6,5,2,5
3pms_A,base,9,74,26,2,4,6,3,3,8
3pms_A,finetuned,0,32,10,0,2,3,2,1,2
3pms_A,finetuned,1,36,12,2,2,0,4,1,3
3pms_A,finetuned,2,48,16,2,3,4,2,2,3
3pms_A,finetuned,3,25,10,1,1,2,1,1,4
3pms_A,finetuned,4,37,12,0,3,2,3,3,1
3pms_A,finetuned,5,30,11,0,3,2,2,2,2
3pms_A,finetuned,6,46,14,2,2,2,4,1,3
3pms_A,finetuned,7,39,16,2,3,5,2,1,3
3pms_A,finetuned,8,47,17,1,3,3,7,0,3
3pms_A,finetuned,9,54,19,3,2,5,3,2,4
4pyr_A,base,0,26,10,4,0,3,2,0,1
4pyr_A,base,1,47,17,7,2,5,0,2,1
4pyr_A,base,2,32,9,4,1,1,2,0,1
4pyr_A,base,3,54,20,8,5,4,1,1,1
4pyr_A,base,4,41,16,4,1,2,4,1,4
4pyr_A,base,5,48,17,5,5,2,2,2,1
4pyr_A,base,6,53,20,6,4,3,4,1,2
4pyr_A,base,7,59,24,6,5,4,4,1,4
4pyr_A,base,8,40,20,6,4,5,2,1,2
4pyr_A,base,9,59,23,8,4,4,3,1,3
4pyr_A,finetuned,0,13,6,2,2,1,0,0,1
4pyr_A,finetuned,1,25,8,2,0,0,2,2,2
4pyr_A,finetuned,2,17,7,1,2,1,1,2,0
4pyr_A,finetuned,3,23,10,2,1,2,2,1,2
4pyr_A,finetuned,4,16,9,3,1,1,1,1,2
4pyr_A,finetuned,5,33,13,2,4,5,1,0,1
4pyr_A,finetuned,6,19,8,1,3,2,0,2,0
4pyr_A,finetuned,7,11,5,2,1,0,0,1,1
4pyr_A,finetuned,8,18,6,1,1,1,1,1,1
4pyr_A,finetuned,9,35,12,3,2,3,1,2,1
6ywn_A,base,0,50,19,6,4,1,2,3,3
6ywn_A,base,1,32,14,4,2,1,4,2,1
6ywn_A,base,2,55,20,3,3,2,3,3,6
6ywn_A,base,3,36,18,4,2,1,4,2,5
6ywn_A,base,4,36,15,4,1,2,5,1,2
6ywn_A,base,5,41,15,3,3,2,2,4,1
6ywn_A,base,6,52,19,3,3,2,4,3,4
6ywn_A,base,7,47,21,6,3,2,4,4,2
6ywn_A,base,8,42,16,3,4,3,1,2,3
6ywn_A,base,9,42,15,2,6,2,1,3,1
6ywn_A,finetuned,0,16,8,2,2,0,2,1,1
6ywn_A,finetuned,1,24,10,3,2,1,2,1,1
6ywn_A,finetuned,2,20,11,1,3,3,0,3,1
6ywn_A,finetuned,3,21,9,1,0,2,2,2,2
6ywn_A,finetuned,4,16,7,1,1,3,1,1,0
6ywn_A,finetuned,5,22,8,1,3,0,1,2,1
6ywn_A,finetuned,6,33,12,3,1,1,1,3,3
6ywn_A,finetuned,7,40,15,4,3,3,0,3,2
6ywn_A,finetuned,8,35,13,4,4,0,1,3,1
6ywn_A,finetuned,9,32,14,3,3,1,2,2,3
4n4u_A,base,0,59,26,11,1,5,4,3,2
4n4u_A,base,1,49,23,9,1,5,1,6,1
4n4u_A,base,2,44,20,6,0,4,3,4,3
4n4u_A,base,3,48,22,7,2,5,2,5,1
4n4u_A,base,4,72,29,4,4,7,4,7,3
4n4u_A,base,5,54,23,5,2,8,2,6,0
4n4u_A,base,6,55,22,8,2,5,2,3,2
4n4u_A,base,7,67,27,7,1,9,3,6,1
4n4u_A,base,8,82,34,9,2,7,3,10,3
4n4u_A,base,9,63,31,11,4,8,3,4,1
4n4u_A,finetuned,0,32,15,3,0,3,1,7,1
4n4u_A,finetuned,1,32,15,4,1,6,1,3,0
4n4u_A,finetuned,2,37,15,5,2,2,1,4,1
4n4u_A,finetuned,3,39,15,2,2,3,0,6,2
4n4u_A,finetuned,4,40,17,4,0,4,0,5,4
4n4u_A,finetuned,5,37,15,4,1,1,1,7,1
4n4u_A,finetuned,6,45,20,4,3,5,0,7,1
4n4u_A,finetuned,7,45,23,6,1,3,5,7,1
4n4u_A,finetuned,8,35,15,4,2,4,0,2,3
4n4u_A,finetuned,9,48,22,8,1,4,2,4,3
4ose_B,base,0,29,10,2,3,1,1,3,0
4ose_B,base,1,32,14,2,6,1,2,2,1
4ose_B,base,2,50,19,4,5,3,3,4,0
4ose_B,base,3,37,15,3,4,1,4,2,1
4ose_B,base,4,57,21,3,4,5,2,2,5
4ose_B,base,5,25,11,2,3,3,1,2,0
4ose_B,base,6,39,15,2,6,3,2,2,0
4ose_B,base,7,76,28,10,4,5,4,3,2
4ose_B,base,8,26,14,4,3,2,3,0,2
4ose_B,base,9,43,20,4,3,3,5,3,2
4ose_B,finetuned,0,22,9,2,1,1,1,2,2
4ose_B,finetuned,1,22,10,2,2,3,1,2,0
4ose_B,finetuned,2,18,8,1,2,1,1,2,1
4ose_B,finetuned,3,33,14,3,3,3,2,2,1
4ose_B,finetuned,4,20,9,1,1,3,2,2,0
4ose_B,finetuned,5,19,7,2,2,1,1,1,0
4ose_B,finetuned,6,12,5,0,0,1,0,1,3
4ose_B,finetuned,7,19,9,1,5,1,0,1,1
4ose_B,finetuned,8,24,9,0,3,2,1,2,1
4ose_B,finetuned,9,34,13,3,1,1,3,4,1
3m1m_A,base,0,30,11,1,4,2,0,2,2
3m1m_A,base,1,44,18,3,4,2,3,3,3
3m1m_A,base,2,22,9,2,2,0,0,3,2
3m1m_A,base,3,41,19,5,3,3,2,2,4
3m1m_A,base,4,54,18,5,1,2,4,2,4
3m1m_A,base,5,41,17,5,4,3,3,0,2
3m1m_A,base,6,25,10,2,3,0,0,3,2
3m1m_A,base,7,35,13,3,4,0,3,2,1
3m1m_A,base,8,40,16,2,5,4,0,4,1
3m1m_A,base,9,49,18,3,6,2,0,6,1
3m1m_A,finetuned,0,21,11,3,0,2,1,5,0
3m1m_A,finetuned,1,29,11,2,1,3,1,3,1
3m1m_A,finetuned,2,16,7,2,0,1,1,1,2
3m1m_A,finetuned,3,24,10,4,2,2,1,0,1
3m1m_A,finetuned,4,16,6,3,2,0,0,1,0
3m1m_A,finetuned,5,34,12,5,2,2,1,1,1
3m1m_A,finetuned,6,25,10,3,1,1,1,3,1
3m1m_A,finetuned,7,35,16,4,1,3,3,4,1
3m1m_A,finetuned,8,8,4,1,1,0,0,2,0
3m1m_A,finetuned,9,32,12,3,2,3,1,2,1
6os5_A,base,0,52,19,3,4,4,1,2,5
6os5_A,base,1,68,28,6,4,9,2,2,5
6os5_A,base,2,63,27,5,3,6,1,6,6
6os5_A,base,3,61,23,6,2,5,2,3,5
6os5_A,base,4,65,27,6,2,8,2,3,6
6os5_A,base,5,65,31,8,4,7,2,3,7
6os5_A,base,6,71,31,7,6,9,3,3,3
6os5_A,base,7,75,27,5,3,7,2,2,8
6os5_A,base,8,58,25,5,2,4,3,4,7
6os5_A,base,9,81,29,4,6,8,0,3,8
6os5_A,finetuned,0,33,13,3,3,2,1,1,3
6os5_A,finetuned,1,39,17,2,1,7,1,1,5
6os5_A,finetuned,2,31,13,2,3,4,1,2,1
6os5_A,finetuned,3,34,17,3,3,7,0,1,3
6os5_A,finetuned,4,35,16,4,0,4,1,4,3
6os5_A,finetuned,5,39,16,2,3,3,1,4,3
6os5_A,finetuned,6,35,14,2,5,2,0,1,4
6os5_A,finetuned,7,49,20,3,3,6,2,1,5
6os5_A,finetuned,8,39,14,1,3,5,1,2,2
6os5_A,finetuned,9,26,12,1,4,3,0,1,3
4wyi_A,base,0,51,21,3,0,4,6,3,5
4wyi_A,base,1,54,21,5,0,5,6,3,2
4wyi_A,base,2,45,16,4,2,2,3,3,2
4wyi_A,base,3,61,22,4,2,6,4,3,3
4wyi_A,base,4,60,26,3,3,5,4,6,5
4wyi_A,base,5,60,19,4,2,3,4,2,4
4wyi_A,base,6,37,12,1,0,2,4,3,2
4wyi_A,base,7,62,22,5,0,4,6,3,4
4wyi_A,base,8,44,15,3,1,2,4,2,3
4wyi_A,base,9,59,22,4,2,4,6,2,4
4wyi_A,finetuned,0,22,6,1,0,1,1,2,1
4wyi_A,finetuned,1,27,11,1,1,1,4,1,3
4wyi_A,finetuned,2,38,11,2,0,1,4,2,2
4wyi_A,finetuned,3,43,15,1,1,5,3,2,3
4wyi_A,finetuned,4,35,13,4,0,1,3,1,4
4wyi_A,finetuned,5,28,9,2,0,1,3,2,1
4wyi_A,finetuned,6,33,10,2,1,1,1,3,2
4wyi_A,finetuned,7,48,15,3,0,3,3,4,2
4wyi_A,finetuned,8,43,14,2,0,2,3,4,3
4wyi_A,finetuned,9,51,18,7,0,4,3,2,2
3fnr_A,base,0,80,29,3,3,5,7,8,3
3fnr_A,base,1,54,17,1,5,0,2,7,2
3fnr_A,base,2,71,28,5,4,4,4,8,3
3fnr_A,base,3,73,28,7,2,4,3,8,4
3fnr_A,base,4,67,28,3,5,5,2,10,3
3fnr_A,base,5,91,35,7,4,9,1,10,4
3fnr_A,base,6,92,31,5,4,5,1,10,6
3fnr_A,base,7,98,31,7,3,3,7,8,3
3fnr_A,base,8,88,32,9,3,5,3,4,8
3fnr_A,base,9,89,34,8,2,6,4,9,5
3fnr_A,finetuned,0,42,17,3,3,4,2,3,2
3fnr_A,finetuned,1,38,16,2,2,3,1,5,3
3fnr_A,finetuned,2,26,13,3,0,2,0,6,2
3fnr_A,finetuned,3,26,11,3,2,1,0,3,2
3fnr_A,finetuned,4,55,22,5,4,2,3,5,3
3fnr_A,finetuned,5,34,15,1,2,5,1,4,2
3fnr_A,finetuned,6,53,22,3,3,3,4,4,5
3fnr_A,finetuned,7,39,14,2,2,4,1,3,2
3fnr_A,finetuned,8,52,21,3,5,2,1,6,4
3fnr_A,finetuned,9,57,25,3,3,7,4,3,5
4nc7_B,base,0,53,16,2,3,2,1,4,4
4nc7_B,base,1,50,12,1,3,0,1,4,3
4nc7_B,base,2,37,9,1,2,0,1,4,1
4nc7_B,base,3,51,19,3,3,2,2,5,4
4nc7_B,base,4,45,19,1,6,0,1,7,4
4nc7_B,base,5,55,14,1,2,1,2,5,3
4nc7_B,base,6,46,11,1,1,0,1,4,4
4nc7_B,base,7,44,11,3,2,0,1,3,2
4nc7_B,base,8,38,14,0,3,1,1,6,3
4nc7_B,base,9,30,10,1,2,0,1,4,2
4nc7_B,finetuned,0,33,11,3,3,1,0,3,1
4nc7_B,finetuned,1,35,12,2,1,0,1,5,3
4nc7_B,finetuned,2,30,12,3,1,1,0,4,3
4nc7_B,finetuned,3,40,14,1,2,3,1,4,3
4nc7_B,finetuned,4,33,13,1,2,1,0,5,4
4nc7_B,finetuned,5,38,8,1,3,0,1,3,0
4nc7_B,finetuned,6,26,10,1,3,0,0,4,2
4nc7_B,finetuned,7,47,16,4,2,1,1,6,2
4nc7_B,finetuned,8,38,14,1,2,1,1,6,3
4nc7_B,finetuned,9,45,15,3,3,0,0,7,2
3eki_A,base,0,59,24,4,2,7,3,4,4
3eki_A,base,1,103,34,8,3,7,6,4,6
3eki_A,base,2,72,26,4,0,6,5,7,4
3eki_A,base,3,77,29,4,1,7,5,7,5
3eki_A,base,4,69,26,4,1,6,6,6,3
3eki_A,base,5,62,25,9,1,4,5,2,4
3eki_A,base,6,66,27,5,0,8,5,5,4
3eki_A,base,7,66,26,5,2,6,3,6,4
3eki_A,base,8,83,30,5,1,9,5,5,5
3eki_A,base,9,90,33,7,1,9,6,4,6
3eki_A,finetuned,0,39,13,3,1,3,1,2,3
3eki_A,finetuned,1,31,14,2,1,5,2,2,2
3eki_A,finetuned,2,38,15,3,1,2,4,3,2
3eki_A,finetuned,3,30,11,1,0,3,1,2,4
3eki_A,finetuned,4,51,21,3,1,6,2,5,4
3eki_A,finetuned,5,34,15,2,1,5,2,2,3
3eki_A,finetuned,6,33,12,4,0,3,2,2,1
3eki_A,finetuned,7,42,16,3,2,3,2,2,4
3eki_A,finetuned,8,24,13,2,2,6,0,2,1
3eki_A,finetuned,9,63,23,5,0,5,3,6,4
4fdw_A,base,0,75,30,2,3,7,11,0,7
4fdw_A,base,1,69,25,2,3,8,6,0,6
4fdw_A,base,2,69,24,3,2,4,6,3,6
4fdw_A,base,3,67,19,1,2,3,7,0,6
4fdw_A,base,4,63,24,2,1,6,9,0,6
4fdw_A,base,5,87,33,5,2,8,13,0,5
4fdw_A,base,6,69,28,4,2,4,11,2,5
4fdw_A,base,7,78,27,2,2,6,9,3,5
4fdw_A,base,8,91,34,4,3,7,13,1,6
4fdw_A,base,9,76,31,3,2,9,7,1,9
4fdw_A,finetuned,0,59,21,1,3,7,7,0,3
4fdw_A,finetuned,1,38,12,1,1,3,3,1,3
4fdw_A,finetuned,2,64,23,3,2,7,6,1,4
4fdw_A,finetuned,3,44,17,1,1,7,5,0,3
4fdw_A,finetuned,4,65,26,0,2,8,8,1,7
4fdw_A,finetuned,5,75,27,3,2,7,8,0,7
4fdw_A,finetuned,6,60,20,3,3,6,4,0,4
4fdw_A,finetuned,7,66,21,3,2,3,8,0,5
4fdw_A,finetuned,8,60,22,1,3,6,7,0,5
4fdw_A,finetuned,9,67,20,1,2,5,8,0,4
3lq7_C,base,0,100,35,10,4,4,2,8,7
3lq7_C,base,1,110,42,9,5,4,3,12,9
3lq7_C,base,2,92,31,5,5,5,2,4,10
3lq7_C,base,3,87,39,10,4,5,0,8,12
3lq7_C,base,4,107,38,8,6,6,1,7,10
3lq7_C,base,5,107,33,5,4,5,0,8,11
3lq7_C,base,6,94,37,13,6,4,0,7,7
3lq7_C,base,7,84,33,8,5,3,0,9,8
3lq7_C,base,8,124,38,9,4,6,1,6,12
3lq7_C,base,9,100,34,10,4,4,0,8,8
3lq7_C,finetuned,0,42,13,1,2,1,0,5,4
3lq7_C,finetuned,1,49,16,5,4,2,0,1,4
3lq7_C,finetuned,2,54,22,4,3,2,1,5,7
3lq7_C,finetuned,3,61,22,1,3,3,0,4,11
3lq7_C,finetuned,4,60,24,2,3,5,0,5,9
3lq7_C,finetuned,5,38,12,1,3,1,0,2,5
3lq7_C,finetuned,6,64,23,3,1,3,0,7,9
3lq7_C,finetuned,7,45,19,3,3,2,0,6,5
3lq7_C,finetuned,8,64,20,2,2,4,2,5,5
3lq7_C,finetuned,9,58,20,1,3,2,1,8,5
2fno_A,base,0,74,25,4,5,1,3,7,5
2fno_A,base,1,87,29,6,5,0,5,7,6
2fno_A,base,2,68,24,6,4,0,4,6,4
2fno_A,base,3,90,32,5,9,0,4,8,6
2fno_A,base,4,92,33,5,6,0,4,12,6
2fno_A,base,5,84,25,4,7,1,5,3,5
2fno_A,base,6,100,29,5,7,0,4,5,8
2fno_A,base,7,82,31,3,7,1,5,6,9
2fno_A,base,8,70,24,4,3,0,7,6,4
2fno_A,base,9,94,30,5,8,0,4,8,5
2fno_A,finetuned,0,38,13,0,4,0,2,6,1
2fno_A,finetuned,1,28,11,2,2,0,1,4,2
2fno_A,finetuned,2,32,13,3,3,0,0,5,2
2fno_A,finetuned,3,28,10,1,0,0,3,5,1
2fno_A,finetuned,4,47,13,1,2,0,2,6,2
2fno_A,finetuned,5,66,23,3,4,1,1,9,5
2fno_A,finetuned,6,39,15,1,3,0,1,6,4
2fno_A,finetuned,7,36,16,3,4,0,3,3,3
2fno_A,finetuned,8,37,11,0,6,0,0,4,1
2fno_A,finetuned,9,42,13,1,4,0,2,3,3
2gs9_A,base,0,68,22,5,2,4,2,5,4
2gs9_A,base,1,67,20,4,4,2,2,4,4
2gs9_A,base,2,63,17,4,1,4,2,3,3
2gs9_A,base,3,62,20,6,4,3,2,3,2
2gs9_A,base,4,65,19,7,0,4,2,4,2
2gs9_A,base,5,73,28,7,3,6,3,4,5
2gs9_A,base,6,58,19,2,5,4,1,5,2
2gs9_A,base,7,61,20,7,2,1,2,5,3
2gs9_A,base,8,75,23,8,3,2,4,3,3
2gs9_A,base,9,89,31,8,2,5,2,7,7
2gs9_A,finetuned,0,39,13,5,1,1,1,4,1
2gs9_A,finetuned,1,54,18,5,0,2,3,3,5
2gs9_A,finetuned,2,40,15,5,3,0,2,2,3
2gs9_A,finetuned,3,48,17,6,2,2,1,3,3
2gs9_A,finetuned,4,48,21,5,0,2,2,4,8
2gs9_A,finetuned,5,40,13,3,2,1,1,4,2
2gs9_A,finetuned,6,40,17,3,3,3,2,3,3
2gs9_A,finetuned,7,50,14,6,1,0,2,3,2
2gs9_A,finetuned,8,51,15,3,3,3,1,2,3
2gs9_A,finetuned,9,46,18,6,3,2,1,4,2
2rfr_A,base,0,131,52,11,12,11,5,6,7
2rfr_A,base,1,105,40,13,10,7,4,4,2
2rfr_A,base,2,99,38,13,8,7,5,3,2
2rfr_A,base,3,108,38,11,10,10,3,1,3
2rfr_A,base,4,114,38,10,10,10,6,2,0
2rfr_A,base,5,122,47,13,8,9,7,6,4
2rfr_A,base,6,106,39,10,8,12,6,2,1
2rfr_A,base,7,111,42,12,10,9,4,5,2
2rfr_A,base,8,102,41,11,8,8,6,3,5
2rfr_A,base,9,114,40,11,10,5,6,3,5
2rfr_A,finetuned,0,37,13,2,5,3,0,3,0
2rfr_A,finetuned,1,54,18,5,4,2,1,3,3
2rfr_A,finetuned,2,60,23,5,7,6,1,3,1
2rfr_A,finetuned,3,70,21,7,7,3,1,2,1
2rfr_A,finetuned,4,50,19,6,5,5,0,3,0
2rfr_A,finetuned,5,62,21,4,5,6,1,2,3
2rfr_A,finetuned,6,60,22,6,5,5,3,2,1
2rfr_A,finetuned,7,61,23,4,8,3,2,3,3
2rfr_A,finetuned,8,73,31,8,7,8,1,3,4
2rfr_A,finetuned,9,60,20,5,6,5,2,2,0
2r6v_A,base,0,56,27,5,0,7,8,3,4
2r6v_A,base,1,60,29,5,2,3,9,5,5
2r6v_A,base,2,85,30,3,2,9,5,6,5
2r6v_A,base,3,65,30,9,2,4,7,3,5
2r6v_A,base,4,59,26,4,1,7,6,5,3
2r6v_A,base,5,78,31,5,2,7,6,6,5
2r6v_A,base,6,67,34,5,1,9,6,6,7
2r6v_A,base,7,91,35,7,1,11,8,2,6
2r6v_A,base,8,59,27,6,0,6,3,3,9
2r6v_A,base,9,81,29,7,2,4,6,3,7
2r6v_A,finetuned,0,23,8,3,0,0,2,1,2
2r6v_A,finetuned,1,26,12,2,1,0,4,2,3
2r6v_A,finetuned,2,54,16,4,0,1,3,3,5
2r6v_A,finetuned,3,37,12,2,0,2,2,4,2
2r6v_A,finetuned,4,41,14,4,0,2,3,3,2
2r6v_A,finetuned,5,39,19,5,1,5,2,2,4
2r6v_A,finetuned,6,51,17,5,1,3,3,1,4
2r6v_A,finetuned,7,43,13,3,1,2,2,2,3
2r6v_A,finetuned,8,40,14,2,0,2,5,3,2
2r6v_A,finetuned,9,58,21,6,1,5,3,3,3
5kbe_B,base,0,38,15,3,3,2,1,2,4
5kbe_B,base,1,61,21,3,3,0,2,5,8
5kbe_B,base,2,39,17,2,3,2,2,1,7
5kbe_B,base,3,37,14,2,2,1,1,4,4
5kbe_B,base,4,61,18,5,3,2,3,2,3
5kbe_B,base,5,54,22,3,3,3,3,5,5
5kbe_B,base,6,57,19,4,3,1,3,3,5
5kbe_B,base,7,49,18,4,3,2,2,4,3
5kbe_B,base,8,61,23,5,4,2,3,5,4
5kbe_B,base,9,57,19,5,3,0,3,3,5
5kbe_B,finetuned,0,36,14,2,6,0,1,3,2
5kbe_B,finetuned,1,40,13,2,5,1,1,3,1
5kbe_B,finetuned,2,33,12,3,2,0,1,2,4
5kbe_B,finetuned,3,35,11,2,2,1,1,1,4
5kbe_B,finetuned,4,32,11,2,2,0,1,2,4
5kbe_B,finetuned,5,24,10,2,3,0,1,2,2
5kbe_B,finetuned,6,21,7,2,1,0,1,1,2
5kbe_B,finetuned,7,35,12,1,3,1,2,2,3
5kbe_B,finetuned,8,35,13,3,2,0,1,5,2
5kbe_B,finetuned,9,44,15,3,2,2,3,1,4
5htx_A,base,0,57,23,4,5,2,5,4,3
5htx_A,base,1,64,23,3,2,5,3,5,5
5htx_A,base,2,84,32,9,4,3,8,2,6
5htx_A,base,3,67,25,8,3,3,4,3,4
5htx_A,base,4,83,31,5,6,4,3,6,7
5htx_A,base,5,53,20,3,2,2,4,5,4
5htx_A,base,6,64,26,4,5,6,5,1,5
5htx_A,base,7,61,25,6,4,3,3,6,3
5htx_A,base,8,76,31,8,7,8,4,2,2
5htx_A,base,9,75,27,6,3,7,4,2,5
5htx_A,finetuned,0,32,13,3,2,3,2,2,1
5htx_A,finetuned,1,39,15,3,2,4,1,3,2
5htx_A,finetuned,2,48,20,3,3,2,4,3,5
5htx_A,finetuned,3,36,16,3,2,3,1,3,4
5htx_A,finetuned,4,40,17,3,1,4,2,4,3
5htx_A,finetuned,5,52,19,4,1,4,5,4,1
5htx_A,finetuned,6,35,19,3,3,3,3,2,5
5htx_A,finetuned,7,43,16,5,0,2,3,3,3
5htx_A,finetuned,8,55,22,4,5,7,2,2,2
5htx_A,finetuned,9,61,22,5,3,3,6,3,2
3dhu_A,base,0,96,32,6,9,7,2,2,6
3dhu_A,base,1,93,33,8,10,6,4,1,4
3dhu_A,base,2,83,33,8,7,7,4,3,4
3dhu_A,base,3,95,37,9,8,9,4,2,5
3dhu_A,base,4,81,29,5,10,4,1,4,5
3dhu_A,base,5,96,36,7,8,7,6,3,5
3dhu_A,base,6,89,33,7,9,8,2,1,6
3dhu_A,base,7,94,31,6,7,6,2,3,7
3dhu_A,base,8,95,31,6,8,3,4,3,7
3dhu_A,base,9,110,38,8,8,9,5,2,6
3dhu_A,finetuned,0,36,12,3,3,4,0,1,1
3dhu_A,finetuned,1,50,17,2,5,6,0,3,1
3dhu_A,finetuned,2,45,20,2,5,8,2,2,1
3dhu_A,finetuned,3,55,19,5,4,5,2,2,1
3dhu_A,finetuned,4,47,19,5,2,3,1,5,3
3dhu_A,finetuned,5,45,16,5,3,4,2,1,1
3dhu_A,finetuned,6,64,22,3,7,6,1,3,2
3dhu_A,finetuned,7,41,17,4,5,4,0,3,1
3dhu_A,finetuned,8,74,25,7,3,5,2,4,4
3dhu_A,finetuned,9,51,21,4,6,6,1,3,1
4oyu_A,base,0,46,20,3,1,4,4,3,5
4oyu_A,base,1,75,29,6,1,6,2,4,10
4oyu_A,base,2,73,25,3,4,2,4,4,8
4oyu_A,base,3,54,24,3,0,8,1,4,8
4oyu_A,base,4,73,28,5,2,6,2,6,7
4oyu_A,base,5,71,27,5,3,4,4,4,7
4oyu_A,base,6,70,28,3,1,10,3,5,6
4oyu_A,base,7,75,30,6,4,8,4,2,6
4oyu_A,base,8,68,27,4,3,7,1,4,8
4oyu_A,base,9,77,31,5,2,7,4,3,10
4oyu_A,finetuned,0,22,9,2,0,2,0,2,3
4oyu_A,finetuned,1,32,14,2,0,4,3,1,4
4oyu_A,finetuned,2,33,13,1,2,2,1,3,4
4oyu_A,finetuned,3,25,8,2,1,2,0,1,2
4oyu_A,finetuned,4,30,13,4,1,2,1,2,3
4oyu_A,finetuned,5,61,23,4,1,4,3,5,6
4oyu_A,finetuned,6,27,12,2,0,3,3,2,2
4oyu_A,finetuned,7,25,8,1,1,1,0,1,4
4oyu_A,finetuned,8,58,24,3,2,6,1,7,5
4oyu_A,finetuned,9,28,13,3,0,2,0,5,3
6c8v_A,base,0,58,22,4,2,5,5,4,2
6c8v_A,base,1,60,25,6,5,6,4,3,1
6c8v_A,base,2,66,26,6,3,4,5,6,2
6c8v_A,base,3,76,31,6,5,5,6,5,4
6c8v_A,base,4,79,32,5,3,11,4,6,3
6c8v_A,base,5,74,32,7,4,7,7,3,4
6c8v_A,base,6,65,29,3,5,7,5,7,2
6c8v_A,base,7,88,33,6,5,7,7,6,2
6c8v_A,base,8,77,30,8,2,8,6,5,1
6c8v_A,base,9,58,22,4,3,5,4,4,2
6c8v_A,finetuned,0,25,12,1,1,5,2,3,0
6c8v_A,finetuned,1,44,21,2,2,7,7,2,1
6c8v_A,finetuned,2,42,15,1,1,5,3,5,0
6c8v_A,finetuned,3,35,14,2,1,4,4,2,1
6c8v_A,finetuned,4,37,17,4,1,4,3,5,0
6c8v_A,finetuned,5,37,16,4,2,3,3,4,0
6c8v_A,finetuned,6,51,21,2,3,6,4,6,0
6c8v_A,finetuned,7,41,15,3,2,4,5,1,0
6c8v_A,finetuned,8,38,18,3,3,2,4,6,0
6c8v_A,finetuned,9,52,20,5,4,4,3,2,2
3q4q_A,base,0,70,25,5,2,4,4,3,7
3q4q_A,base,1,84,27,6,7,2,2,5,5
3q4q_A,base,2,54,20,5,4,3,2,4,2
3q4q_A,base,3,83,28,9,4,3,3,6,3
3q4q_A,base,4,81,29,6,1,5,4,8,5
3q4q_A,base,5,85,30,8,4,4,4,7,3
3q4q_A,base,6,56,20,5,2,4,3,3,3
3q4q_A,base,7,80,29,10,4,5,1,8,1
3q4q_A,base,8,75,26,7,3,4,3,4,5
3q4q_A,base,9,95,32,6,5,4,4,9,4
3q4q_A,finetuned,0,36,16,1,4,2,3,3,3
3q4q_A,finetuned,1,43,15,2,1,1,2,7,2
3q4q_A,finetuned,2,37,18,6,2,4,1,4,1
3q4q_A,finetuned,3,51,17,4,3,1,3,4,2
3q4q_A,finetuned,4,54,20,4,4,6,1,4,1
3q4q_A,finetuned,5,60,19,2,3,2,3,6,3
3q4q_A,finetuned,6,67,26,4,3,4,3,8,4
3q4q_A,finetuned,7,61,20,3,6,3,1,6,1
3q4q_A,finetuned,8,56,21,3,5,4,3,4,2
3q4q_A,finetuned,9,41,16,2,3,1,0,9,1
6vzw_B,base,0,73,25,3,5,3,4,6,4
6vzw_B,base,1,91,36,8,8,7,6,4,3
6vzw_B,base,2,68,27,5,4,5,5,4,4
6vzw_B,base,3,113,43,9,7,9,7,6,5
6vzw_B,base,4,89,36,8,7,7,3,6,5
6vzw_B,base,5,110,38,5,7,7,7,6,6
6vzw_B,base,6,75,29,5,3,6,5,4,6
6vzw_B,base,7,92,32,5,4,5,5,7,6
6vzw_B,base,8,92,33,6,5,8,9,3,2
6vzw_B,base,9,89,35,5,4,6,6,7,7
6vzw_B,finetuned,0,21,10,2,2,2,1,1,2
6vzw_B,finetuned,1,45,18,3,2,3,3,3,4
6vzw_B,finetuned,2,54,21,1,6,5,2,4,3
6vzw_B,finetuned,3,57,23,4,2,6,5,2,4
6vzw_B,finetuned,4,54,22,4,3,4,4,3,4
6vzw_B,finetuned,5,53,19,2,2,3,3,4,5
6vzw_B,finetuned,6,47,16,2,2,3,2,3,4
6vzw_B,finetuned,7,48,18,1,5,4,2,2,4
6vzw_B,finetuned,8,47,18,3,3,2,1,5,4
6vzw_B,finetuned,9,39,17,1,2,4,3,4,3
3wmz_A,base,0,68,26,3,3,10,3,1,6
3wmz_A,base,1,76,28,3,3,7,7,2,6
3wmz_A,base,2,80,31,4,3,10,5,2,7
3wmz_A,base,3,71,25,3,3,8,4,2,5
3wmz_A,base,4,98,35,8,2,9,6,2,8
3wmz_A,base,5,84,26,2,3,6,7,3,5
3wmz_A,base,6,98,32,4,3,9,7,2,7
3wmz_A,base,7,101,40,6,3,14,10,0,7
3wmz_A,base,8,114,43,4,4,14,11,2,8
3wmz_A,base,9,84,30,5,2,8,6,1,8
3wmz_A,finetuned,0,22,9,1,0,4,1,1,2
3wmz_A,finetuned,1,48,21,4,1,4,4,2,6
3wmz_A,finetuned,2,59,23,2,0,7,7,3,4
3wmz_A,finetuned,3,57,21,3,2,5,6,1,4
3wmz_A,finetuned,4,52,19,2,1,4,4,3,5
3wmz_A,finetuned,5,54,22,3,0,7,4,2,6
3wmz_A,finetuned,6,73,26,4,2,6,8,1,5
3wmz_A,finetuned,7,48,17,4,2,3,3,2,3
3wmz_A,finetuned,8,52,19,3,0,6,5,1,4
3wmz_A,finetuned,9,55,20,3,2,6,5,1,3
3zrh_A,base,0,79,30,8,8,3,2,5,4
3zrh_A,base,1,59,22,2,2,3,2,8,5
3zrh_A,base,2,67,27,5,6,2,2,10,2
3zrh_A,base,3,82,31,6,5,2,4,10,4
3zrh_A,base,4,57,23,6,4,1,4,4,4
3zrh_A,base,5,74,28,6,5,3,3,6,5
3zrh_A,base,6,73,32,7,3,4,2,8,8
3zrh_A,base,7,66,30,6,3,4,3,8,6
3zrh_A,base,8,79,32,4,5,6,4,5,8
3zrh_A,base,9,87,30,5,5,4,4,6,6
3zrh_A,finetuned,0,35,18,3,4,0,1,5,5
3zrh_A,finetuned,1,36,15,1,3,0,2,6,3
3zrh_A,finetuned,2,44,21,3,4,1,1,8,4
3zrh_A,finetuned,3,39,15,1,3,3,0,4,4
3zrh_A,finetuned,4,41,14,1,2,0,0,6,5
3zrh_A,finetuned,5,34,15,4,2,0,2,4,3
3zrh_A,finetuned,6,27,14,2,3,2,1,4,2
3zrh_A,finetuned,7,44,14,1,2,3,1,4,3
3zrh_A,finetuned,8,46,21,1,5,5,2,6,2
3zrh_A,finetuned,9,54,21,3,6,3,1,6,2
4m18_A,base,0,51,17,2,2,1,2,5,5
4m18_A,base,1,44,16,1,2,2,1,5,5
4m18_A,base,2,48,20,3,2,4,3,3,5
4m18_A,base,3,53,18,2,3,3,2,5,3
4m18_A,base,4,29,12,1,0,0,2,6,3
4m18_A,base,5,47,18,3,0,3,2,5,5
4m18_A,base,6,47,14,2,3,2,2,3,2
4m18_A,base,7,40,14,1,1,3,2,2,5
4m18_A,base,8,54,19,2,1,2,4,5,5
4m18_A,base,9,54,18,3,1,5,1,4,4
4m18_A,finetuned,0,19,8,0,1,0,1,3,3
4m18_A,finetuned,1,19,8,1,0,2,2,2,1
4m18_A,finetuned,2,31,13,0,1,3,1,5,3
4m18_A,finetuned,3,10,6,0,0,2,1,1,2
4m18_A,finetuned,4,33,9,0,0,3,2,3,1
4m18_A,finetuned,5,34,12,4,1,2,3,1,1
4m18_A,finetuned,6,19,8,0,1,2,2,2,1
4m18_A,finetuned,7,23,8,1,0,1,1,3,2
4m18_A,finetuned,8,25,8,0,0,1,1,1,5
4m18_A,finetuned,9,48,13,0,0,2,3,4,4
1zx4_C,base,0,46,15,3,1,6,0,2,3
1zx4_C,base,1,47,18,4,1,2,0,9,2
1zx4_C,base,2,43,21,6,1,4,0,6,4
1zx4_C,base,3,27,11,1,0,3,1,3,3
1zx4_C,base,4,39,17,2,2,5,1,3,4
1zx4_C,base,5,35,14,1,1,3,1,6,2
1zx4_C,base,6,39,13,4,1,2,0,4,2
1zx4_C,base,7,39,17,4,2,3,0,4,4
1zx4_C,base,8,47,16,3,2,4,0,6,1
1zx4_C,base,9,56,21,4,3,3,2,6,3
1zx4_C,finetuned,0,29,11,0,2,1,0,6,2
1zx4_C,finetuned,1,40,15,2,1,2,0,6,4
1zx4_C,finetuned,2,25,12,0,1,2,1,7,1
1zx4_C,finetuned,3,22,8,3,1,1,0,1,2
1zx4_C,finetuned,4,28,11,0,1,3,0,4,3
1zx4_C,finetuned,5,27,15,2,1,1,0,8,3
1zx4_C,finetuned,6,23,9,2,0,1,0,4,2
1zx4_C,finetuned,7,28,11,2,1,1,0,6,1
1zx4_C,finetuned,8,33,11,0,1,1,0,6,3
1zx4_C,finetuned,9,38,15,3,0,3,2,4,3
2c5u_A,base,0,86,26,2,5,6,3,6,4
2c5u_A,base,1,68,26,5,4,5,2,6,4
2c5u_A,base,2,59,24,6,4,7,2,3,2
2c5u_A,base,3,61,26,7,1,5,4,4,5
2c5u_A,base,4,74,29,4,1,9,2,9,4
2c5u_A,base,5,55,24,5,4,6,1,4,4
2c5u_A,base,6,68,27,6,2,8,4,4,3
2c5u_A,base,7,77,26,5,3,5,3,6,4
2c5u_A,base,8,62,26,2,5,7,3,5,4
2c5u_A,base,9,70,28,4,5,6,2,6,5
2c5u_A,finetuned,0,28,9,2,2,2,0,1,2
2c5u_A,finetuned,1,43,17,4,1,5,1,2,4
2c5u_A,finetuned,2,27,12,3,2,3,0,3,1
2c5u_A,finetuned,3,25,12,2,1,3,1,3,2
2c5u_A,finetuned,4,32,13,0,3,4,1,4,1
2c5u_A,finetuned,5,45,16,3,1,5,3,3,1
2c5u_A,finetuned,6,32,14,1,2,4,0,5,2
2c5u_A,finetuned,7,21,8,2,0,1,0,4,1
2c5u_A,finetuned,8,49,22,5,1,6,3,3,4
2c5u_A,finetuned,9,41,16,1,1,5,2,4,3
1qw2_A,base,0,89,33,8,9,7,1,7,1
1qw2_A,base,1,96,30,11,3,5,3,6,2
1qw2_A,base,2,98,29,8,4,5,1,8,3
1qw2_A,base,3,97,29,9,4,5,4,5,2
1qw2_A,base,4,98,36,9,5,4,6,6,6
1qw2_A,base,5,120,31,7,4,6,1,9,4
1qw2_A,base,6,105,33,9,9,6,2,6,1
1qw2_A,base,7,92,27,7,5,5,2,5,3
1qw2_A,base,8,118,38,8,4,4,6,10,6
1qw2_A,base,9,116,40,10,5,5,7,9,4
1qw2_A,finetuned,0,56,22,6,4,3,3,4,2
1qw2_A,finetuned,1,79,26,8,5,2,2,5,4
1qw2_A,finetuned,2,55,23,4,8,4,2,3,2
1qw2_A,finetuned,3,44,20,7,2,3,2,4,2
1qw2_A,finetuned,4,76,28,7,4,4,4,7,2
1qw2_A,finetuned,5,79,27,9,0,7,2,7,2
1qw2_A,finetuned,6,81,30,6,5,5,3,8,3
1qw2_A,finetuned,7,92,27,6,6,5,3,4,3
1qw2_A,finetuned,8,59,22,7,2,4,2,4,3
1qw2_A,finetuned,9,93,23,7,3,3,2,4,4
3eaf_A,base,0,79,28,7,6,5,2,4,4
3eaf_A,base,1,92,32,7,6,3,5,6,5
3eaf_A,base,2,76,26,3,7,2,4,5,5
3eaf_A,base,3,71,27,6,4,5,5,2,5
3eaf_A,base,4,91,34,5,4,4,8,7,6
3eaf_A,base,5,78,26,7,6,2,4,2,5
3eaf_A,base,6,101,36,5,5,5,7,8,6
3eaf_A,base,7,66,24,5,5,4,4,2,4
3eaf_A,base,8,76,26,4,4,6,5,3,4
3eaf_A,base,9,101,34,5,5,5,8,5,6
3eaf_A,finetuned,0,29,11,2,3,3,1,1,1
3eaf_A,finetuned,1,25,10,1,1,1,1,4,2
3eaf_A,finetuned,2,28,12,2,4,2,1,2,1
3eaf_A,finetuned,3,34,12,1,3,3,3,0,2
3eaf_A,finetuned,4,33,11,2,4,1,1,3,0
3eaf_A,finetuned,5,46,17,3,2,4,3,3,2
3eaf_A,finetuned,6,36,14,2,2,2,3,2,3
3eaf_A,finetuned,7,31,13,2,3,2,2,2,2
3eaf_A,finetuned,8,30,11,1,3,1,2,4,0
3eaf_A,finetuned,9,56,20,3,3,2,3,6,3
