pdb,target,binder_len,burden_reduction_pct,iptm_native,iptm_base,iptm_cape,iptm_delta,boltz_base_pass,boltz_cape_pass,boltz_n,af2ig_base_pass_pct,af2ig_cape_pass_pct
7jzl,SARS-CoV-2 RBD,55,40.0,0.966,0.927,0.903,-0.023,23,22,24,29.2,41.7
5vli,influenza HA,40,86.9,0.963,0.953,0.911,-0.042,24,24,24,0.0,0.0
8upa,gp130,56,37.0,0.933,0.893,0.899,0.006,24,24,24,75.0,83.3
4oyd,EBV,117,38.1,0.952,0.961,0.96,-0.001,24,24,24,33.3,70.8
9ju1,VEGF-A,43,42.2,0.837,0.599,0.568,-0.031,19,12,24,0.0,0.0
9kku,VEGF-A,43,70.0,0.824,0.675,0.665,-0.009,19,17,24,0.0,0.0
8t5e,bioactive peptide,134,79.3,0.955,0.919,0.911,-0.008,24,24,24,95.8,95.8
9cc5,bioactive peptide,132,74.0,0.931,0.924,0.923,-0.001,24,24,24,100.0,95.8
9nzh,amylin,135,45.4,0.947,0.939,0.94,0.001,24,24,24,100.0,100.0
9cce,peptide (dyna_1b7),197,36.6,0.745,0.842,0.843,0.001,24,24,24,12.5,0.0
9nds,HLA-Tax/TCR,248,60.5,0.93,0.898,0.902,0.005,24,24,24,0.0,0.0
