model_id,beta,lr,netmhc_reduction_pct,mixmhc2pred_reduction_pct,seq_recovery_ft_pct
005c9a50,0.01,1e-07,23.3,20.2,49.14
35842f8a,0.01,3e-07,81.0,70.2,40.23
45cc9026,0.02,3e-07,58.8,48.0,45.36
4de4315e,0.02,1e-07,20.6,17.6,48.55
52f726b6,0.1,1e-06,28.3,24.1,48.56
72757141,0.2,1e-06,24.1,20.8,49.21
7379f298,0.05,1e-07,17.0,14.5,49.53
7e908919,0.05,3e-07,30.2,25.1,48.21
9d8808b4,0.02,1e-06,76.9,65.3,42.37
b3e54f2f,0.1,3e-07,21.7,18.0,48.26
b4d73ff2,0.2,1e-07,10.6,6.0,49.59
e842a798,0.01,1e-06,95.8,89.8,34.81
ea3c3424,0.1,1e-07,12.5,11.7,49.31
f16b51e6,0.05,1e-06,37.9,33.3,47.7
fdbace08,0.2,3e-07,18.0,14.5,49.2
