protein_name,protein_length,model,seq_idx,seq_recovery
6os5_A,375,base,0,0.544
6os5_A,375,base,1,0.544
6os5_A,375,base,2,0.536
6os5_A,375,base,3,0.5306666666666666
6os5_A,375,base,4,0.5333333333333333
6os5_A,375,base,5,0.5333333333333333
6os5_A,375,base,6,0.5306666666666666
6os5_A,375,base,7,0.544
6os5_A,375,base,8,0.5306666666666666
6os5_A,375,base,9,0.528
6os5_A,375,finetuned,0,0.49333333333333335
6os5_A,375,finetuned,1,0.47733333333333333
6os5_A,375,finetuned,2,0.5173333333333333
6os5_A,375,finetuned,3,0.52
6os5_A,375,finetuned,4,0.49066666666666664
6os5_A,375,finetuned,5,0.512
6os5_A,375,finetuned,6,0.4826666666666667
6os5_A,375,finetuned,7,0.5093333333333333
6os5_A,375,finetuned,8,0.4693333333333333
6os5_A,375,finetuned,9,0.504
6c29_B,257,base,0,0.5175097276264592
6c29_B,257,base,1,0.49416342412451364
6c29_B,257,base,2,0.48638132295719844
6c29_B,257,base,3,0.4980544747081712
6c29_B,257,base,4,0.5058365758754864
6c29_B,257,base,5,0.5097276264591439
6c29_B,257,base,6,0.45525291828793774
6c29_B,257,base,7,0.49416342412451364
6c29_B,257,base,8,0.4980544747081712
6c29_B,257,base,9,0.5019455252918288
6c29_B,257,finetuned,0,0.48249027237354086
6c29_B,257,finetuned,1,0.45525291828793774
6c29_B,257,finetuned,2,0.4708171206225681
6c29_B,257,finetuned,3,0.46303501945525294
6c29_B,257,finetuned,4,0.48249027237354086
6c29_B,257,finetuned,5,0.4396887159533074
6c29_B,257,finetuned,6,0.45525291828793774
6c29_B,257,finetuned,7,0.48249027237354086
6c29_B,257,finetuned,8,0.46303501945525294
6c29_B,257,finetuned,9,0.4708171206225681
1jxm_A,301,base,0,0.5681063122923588
1jxm_A,301,base,1,0.5382059800664452
1jxm_A,301,base,2,0.5448504983388704
1jxm_A,301,base,3,0.5581395348837209
1jxm_A,301,base,4,0.5681063122923588
1jxm_A,301,base,5,0.53156146179402
1jxm_A,301,base,6,0.574750830564784
1jxm_A,301,base,7,0.5581395348837209
1jxm_A,301,base,8,0.5514950166112956
1jxm_A,301,base,9,0.5681063122923588
1jxm_A,301,finetuned,0,0.5348837209302325
1jxm_A,301,finetuned,1,0.5415282392026578
1jxm_A,301,finetuned,2,0.5581395348837209
1jxm_A,301,finetuned,3,0.5249169435215947
1jxm_A,301,finetuned,4,0.5714285714285714
1jxm_A,301,finetuned,5,0.5514950166112956
1jxm_A,301,finetuned,6,0.5581395348837209
1jxm_A,301,finetuned,7,0.5581395348837209
1jxm_A,301,finetuned,8,0.5348837209302325
1jxm_A,301,finetuned,9,0.5481727574750831
4ycs_B,128,base,0,0.4765625
4ycs_B,128,base,1,0.484375
4ycs_B,128,base,2,0.484375
4ycs_B,128,base,3,0.484375
4ycs_B,128,base,4,0.484375
4ycs_B,128,base,5,0.484375
4ycs_B,128,base,6,0.375
4ycs_B,128,base,7,0.484375
4ycs_B,128,base,8,0.53125
4ycs_B,128,base,9,0.4765625
4ycs_B,128,finetuned,0,0.4375
4ycs_B,128,finetuned,1,0.4375
4ycs_B,128,finetuned,2,0.4453125
4ycs_B,128,finetuned,3,0.4296875
4ycs_B,128,finetuned,4,0.4765625
4ycs_B,128,finetuned,5,0.46875
4ycs_B,128,finetuned,6,0.4296875
4ycs_B,128,finetuned,7,0.4140625
4ycs_B,128,finetuned,8,0.421875
4ycs_B,128,finetuned,9,0.46875
6elm_A,98,base,0,0.46938775510204084
6elm_A,98,base,1,0.3877551020408163
6elm_A,98,base,2,0.3979591836734694
6elm_A,98,base,3,0.4897959183673469
6elm_A,98,base,4,0.4897959183673469
6elm_A,98,base,5,0.42857142857142855
6elm_A,98,base,6,0.4489795918367347
6elm_A,98,base,7,0.41836734693877553
6elm_A,98,base,8,0.41836734693877553
6elm_A,98,base,9,0.4387755102040816
6elm_A,98,finetuned,0,0.40816326530612246
6elm_A,98,finetuned,1,0.42857142857142855
6elm_A,98,finetuned,2,0.42857142857142855
6elm_A,98,finetuned,3,0.45918367346938777
6elm_A,98,finetuned,4,0.4489795918367347
6elm_A,98,finetuned,5,0.4387755102040816
6elm_A,98,finetuned,6,0.46938775510204084
6elm_A,98,finetuned,7,0.42857142857142855
6elm_A,98,finetuned,8,0.41836734693877553
6elm_A,98,finetuned,9,0.47959183673469385
3fz4_A,120,base,0,0.43333333333333335
3fz4_A,120,base,1,0.475
3fz4_A,120,base,2,0.4
3fz4_A,120,base,3,0.49166666666666664
3fz4_A,120,base,4,0.48333333333333334
3fz4_A,120,base,5,0.4
3fz4_A,120,base,6,0.5083333333333333
3fz4_A,120,base,7,0.5083333333333333
3fz4_A,120,base,8,0.49166666666666664
3fz4_A,120,base,9,0.45
3fz4_A,120,finetuned,0,0.45
3fz4_A,120,finetuned,1,0.48333333333333334
3fz4_A,120,finetuned,2,0.44166666666666665
3fz4_A,120,finetuned,3,0.4666666666666667
3fz4_A,120,finetuned,4,0.475
3fz4_A,120,finetuned,5,0.475
3fz4_A,120,finetuned,6,0.4083333333333333
3fz4_A,120,finetuned,7,0.5
3fz4_A,120,finetuned,8,0.525
3fz4_A,120,finetuned,9,0.45
2x7p_A,313,base,0,0.4696485623003195
2x7p_A,313,base,1,0.4728434504792332
2x7p_A,313,base,2,0.48881789137380194
2x7p_A,313,base,3,0.49201277955271566
2x7p_A,313,base,4,0.48562300319488816
2x7p_A,313,base,5,0.4472843450479233
2x7p_A,313,base,6,0.5111821086261981
2x7p_A,313,base,7,0.476038338658147
2x7p_A,313,base,8,0.4792332268370607
2x7p_A,313,base,9,0.4696485623003195
2x7p_A,313,finetuned,0,0.46325878594249204
2x7p_A,313,finetuned,1,0.48562300319488816
2x7p_A,313,finetuned,2,0.48242811501597443
2x7p_A,313,finetuned,3,0.46325878594249204
2x7p_A,313,finetuned,4,0.4472843450479233
2x7p_A,313,finetuned,5,0.4696485623003195
2x7p_A,313,finetuned,6,0.4728434504792332
2x7p_A,313,finetuned,7,0.46006389776357826
2x7p_A,313,finetuned,8,0.48242811501597443
2x7p_A,313,finetuned,9,0.44089456869009586
4r1j_A,187,base,0,0.5775401069518716
4r1j_A,187,base,1,0.5561497326203209
4r1j_A,187,base,2,0.5508021390374331
4r1j_A,187,base,3,0.5561497326203209
4r1j_A,187,base,4,0.5668449197860963
4r1j_A,187,base,5,0.5614973262032086
4r1j_A,187,base,6,0.5668449197860963
4r1j_A,187,base,7,0.5775401069518716
4r1j_A,187,base,8,0.5989304812834224
4r1j_A,187,base,9,0.5508021390374331
4r1j_A,187,finetuned,0,0.5240641711229946
4r1j_A,187,finetuned,1,0.5080213903743316
4r1j_A,187,finetuned,2,0.5614973262032086
4r1j_A,187,finetuned,3,0.5240641711229946
4r1j_A,187,finetuned,4,0.5401069518716578
4r1j_A,187,finetuned,5,0.5187165775401069
4r1j_A,187,finetuned,6,0.5401069518716578
4r1j_A,187,finetuned,7,0.5508021390374331
4r1j_A,187,finetuned,8,0.5454545454545454
4r1j_A,187,finetuned,9,0.5294117647058824
3d5l_B,215,base,0,0.4511627906976744
3d5l_B,215,base,1,0.4511627906976744
3d5l_B,215,base,2,0.4883720930232558
3d5l_B,215,base,3,0.4790697674418605
3d5l_B,215,base,4,0.44651162790697674
3d5l_B,215,base,5,0.46511627906976744
3d5l_B,215,base,6,0.46511627906976744
3d5l_B,215,base,7,0.4558139534883721
3d5l_B,215,base,8,0.4232558139534884
3d5l_B,215,base,9,0.5069767441860465
3d5l_B,215,finetuned,0,0.44651162790697674
3d5l_B,215,finetuned,1,0.4232558139534884
3d5l_B,215,finetuned,2,0.4372093023255814
3d5l_B,215,finetuned,3,0.4325581395348837
3d5l_B,215,finetuned,4,0.4325581395348837
3d5l_B,215,finetuned,5,0.4418604651162791
3d5l_B,215,finetuned,6,0.4325581395348837
3d5l_B,215,finetuned,7,0.4604651162790698
3d5l_B,215,finetuned,8,0.4372093023255814
3d5l_B,215,finetuned,9,0.4372093023255814
1fw3_A,275,base,0,0.49818181818181817
1fw3_A,275,base,1,0.49454545454545457
1fw3_A,275,base,2,0.5054545454545455
1fw3_A,275,base,3,0.48
1fw3_A,275,base,4,0.48
1fw3_A,275,base,5,0.5236363636363637
1fw3_A,275,base,6,0.4909090909090909
1fw3_A,275,base,7,0.5054545454545455
1fw3_A,275,base,8,0.49454545454545457
1fw3_A,275,base,9,0.5163636363636364
1fw3_A,275,finetuned,0,0.43272727272727274
1fw3_A,275,finetuned,1,0.46545454545454545
1fw3_A,275,finetuned,2,0.48
1fw3_A,275,finetuned,3,0.48
1fw3_A,275,finetuned,4,0.4509090909090909
1fw3_A,275,finetuned,5,0.49454545454545457
1fw3_A,275,finetuned,6,0.4727272727272727
1fw3_A,275,finetuned,7,0.4727272727272727
1fw3_A,275,finetuned,8,0.48
1fw3_A,275,finetuned,9,0.44727272727272727
2wjq_A,215,base,0,0.34418604651162793
2wjq_A,215,base,1,0.3581395348837209
2wjq_A,215,base,2,0.3581395348837209
2wjq_A,215,base,3,0.3627906976744186
2wjq_A,215,base,4,0.30697674418604654
2wjq_A,215,base,5,0.32558139534883723
2wjq_A,215,base,6,0.37209302325581395
2wjq_A,215,base,7,0.3813953488372093
2wjq_A,215,base,8,0.3767441860465116
2wjq_A,215,base,9,0.3395348837209302
2wjq_A,215,finetuned,0,0.30697674418604654
2wjq_A,215,finetuned,1,0.3395348837209302
2wjq_A,215,finetuned,2,0.32558139534883723
2wjq_A,215,finetuned,3,0.34418604651162793
2wjq_A,215,finetuned,4,0.3488372093023256
2wjq_A,215,finetuned,5,0.32558139534883723
2wjq_A,215,finetuned,6,0.34418604651162793
2wjq_A,215,finetuned,7,0.37209302325581395
2wjq_A,215,finetuned,8,0.3767441860465116
2wjq_A,215,finetuned,9,0.32558139534883723
3bkh_A,268,base,0,0.4925373134328358
3bkh_A,268,base,1,0.48507462686567165
3bkh_A,268,base,2,0.47388059701492535
3bkh_A,268,base,3,0.5074626865671642
3bkh_A,268,base,4,0.4701492537313433
3bkh_A,268,base,5,0.48134328358208955
3bkh_A,268,base,6,0.47388059701492535
3bkh_A,268,base,7,0.48880597014925375
3bkh_A,268,base,8,0.5
3bkh_A,268,base,9,0.48880597014925375
3bkh_A,268,finetuned,0,0.44402985074626866
3bkh_A,268,finetuned,1,0.417910447761194
3bkh_A,268,finetuned,2,0.4925373134328358
3bkh_A,268,finetuned,3,0.44029850746268656
3bkh_A,268,finetuned,4,0.44402985074626866
3bkh_A,268,finetuned,5,0.458955223880597
3bkh_A,268,finetuned,6,0.4626865671641791
3bkh_A,268,finetuned,7,0.45149253731343286
3bkh_A,268,finetuned,8,0.4701492537313433
3bkh_A,268,finetuned,9,0.458955223880597
4n4u_B,319,base,0,0.48589341692789967
4n4u_B,319,base,1,0.4827586206896552
4n4u_B,319,base,2,0.5047021943573667
4n4u_B,319,base,3,0.5015673981191222
4n4u_B,319,base,4,0.5172413793103449
4n4u_B,319,base,5,0.5172413793103449
4n4u_B,319,base,6,0.4890282131661442
4n4u_B,319,base,7,0.5235109717868338
4n4u_B,319,base,8,0.5109717868338558
4n4u_B,319,base,9,0.5078369905956113
4n4u_B,319,finetuned,0,0.5078369905956113
4n4u_B,319,finetuned,1,0.4890282131661442
4n4u_B,319,finetuned,2,0.47962382445141066
4n4u_B,319,finetuned,3,0.49843260188087773
4n4u_B,319,finetuned,4,0.4952978056426332
4n4u_B,319,finetuned,5,0.49216300940438873
4n4u_B,319,finetuned,6,0.49843260188087773
4n4u_B,319,finetuned,7,0.4827586206896552
4n4u_B,319,finetuned,8,0.48589341692789967
4n4u_B,319,finetuned,9,0.4890282131661442
6zr7_A,302,base,0,0.5331125827814569
6zr7_A,302,base,1,0.5
6zr7_A,302,base,2,0.49337748344370863
6zr7_A,302,base,3,0.49337748344370863
6zr7_A,302,base,4,0.5231788079470199
6zr7_A,302,base,5,0.5165562913907285
6zr7_A,302,base,6,0.5331125827814569
6zr7_A,302,base,7,0.5264900662251656
6zr7_A,302,base,8,0.5033112582781457
6zr7_A,302,base,9,0.5
6zr7_A,302,finetuned,0,0.45364238410596025
6zr7_A,302,finetuned,1,0.46357615894039733
6zr7_A,302,finetuned,2,0.4867549668874172
6zr7_A,302,finetuned,3,0.4966887417218543
6zr7_A,302,finetuned,4,0.4867549668874172
6zr7_A,302,finetuned,5,0.49337748344370863
6zr7_A,302,finetuned,6,0.4867549668874172
6zr7_A,302,finetuned,7,0.49337748344370863
6zr7_A,302,finetuned,8,0.48344370860927155
6zr7_A,302,finetuned,9,0.4735099337748344
6jfw_D,154,base,0,0.5194805194805194
6jfw_D,154,base,1,0.525974025974026
6jfw_D,154,base,2,0.5714285714285714
6jfw_D,154,base,3,0.5454545454545454
6jfw_D,154,base,4,0.5194805194805194
6jfw_D,154,base,5,0.5064935064935064
6jfw_D,154,base,6,0.512987012987013
6jfw_D,154,base,7,0.5
6jfw_D,154,base,8,0.5584415584415584
6jfw_D,154,base,9,0.5454545454545454
6jfw_D,154,finetuned,0,0.4805194805194805
6jfw_D,154,finetuned,1,0.4805194805194805
6jfw_D,154,finetuned,2,0.4935064935064935
6jfw_D,154,finetuned,3,0.4675324675324675
6jfw_D,154,finetuned,4,0.474025974025974
6jfw_D,154,finetuned,5,0.4935064935064935
6jfw_D,154,finetuned,6,0.4675324675324675
6jfw_D,154,finetuned,7,0.474025974025974
6jfw_D,154,finetuned,8,0.4935064935064935
6jfw_D,154,finetuned,9,0.461038961038961
4a4k_E,256,base,0,0.41015625
4a4k_E,256,base,1,0.390625
4a4k_E,256,base,2,0.42578125
4a4k_E,256,base,3,0.4375
4a4k_E,256,base,4,0.43359375
4a4k_E,256,base,5,0.3984375
4a4k_E,256,base,6,0.453125
4a4k_E,256,base,7,0.41796875
4a4k_E,256,base,8,0.4296875
4a4k_E,256,base,9,0.41796875
4a4k_E,256,finetuned,0,0.4375
4a4k_E,256,finetuned,1,0.41796875
4a4k_E,256,finetuned,2,0.3828125
4a4k_E,256,finetuned,3,0.4375
4a4k_E,256,finetuned,4,0.4140625
4a4k_E,256,finetuned,5,0.41796875
4a4k_E,256,finetuned,6,0.375
4a4k_E,256,finetuned,7,0.44921875
4a4k_E,256,finetuned,8,0.44921875
4a4k_E,256,finetuned,9,0.4140625
3soj_A,115,base,0,0.4434782608695652
3soj_A,115,base,1,0.46956521739130436
3soj_A,115,base,2,0.4608695652173913
3soj_A,115,base,3,0.4956521739130435
3soj_A,115,base,4,0.46956521739130436
3soj_A,115,base,5,0.4434782608695652
3soj_A,115,base,6,0.5217391304347826
3soj_A,115,base,7,0.46956521739130436
3soj_A,115,base,8,0.45217391304347826
3soj_A,115,base,9,0.5217391304347826
3soj_A,115,finetuned,0,0.48695652173913045
3soj_A,115,finetuned,1,0.48695652173913045
3soj_A,115,finetuned,2,0.45217391304347826
3soj_A,115,finetuned,3,0.4434782608695652
3soj_A,115,finetuned,4,0.46956521739130436
3soj_A,115,finetuned,5,0.43478260869565216
3soj_A,115,finetuned,6,0.46956521739130436
3soj_A,115,finetuned,7,0.5043478260869565
3soj_A,115,finetuned,8,0.48695652173913045
3soj_A,115,finetuned,9,0.4782608695652174
3sqf_A,114,base,0,0.5526315789473685
3sqf_A,114,base,1,0.543859649122807
3sqf_A,114,base,2,0.5350877192982456
3sqf_A,114,base,3,0.5263157894736842
3sqf_A,114,base,4,0.5526315789473685
3sqf_A,114,base,5,0.5614035087719298
3sqf_A,114,base,6,0.5526315789473685
3sqf_A,114,base,7,0.5350877192982456
3sqf_A,114,base,8,0.5526315789473685
3sqf_A,114,base,9,0.5614035087719298
3sqf_A,114,finetuned,0,0.543859649122807
3sqf_A,114,finetuned,1,0.5789473684210527
3sqf_A,114,finetuned,2,0.5614035087719298
3sqf_A,114,finetuned,3,0.5175438596491229
3sqf_A,114,finetuned,4,0.5789473684210527
3sqf_A,114,finetuned,5,0.5526315789473685
3sqf_A,114,finetuned,6,0.543859649122807
3sqf_A,114,finetuned,7,0.5526315789473685
3sqf_A,114,finetuned,8,0.5175438596491229
3sqf_A,114,finetuned,9,0.5614035087719298
2ich_B,335,base,0,0.4417910447761194
2ich_B,335,base,1,0.4298507462686567
2ich_B,335,base,2,0.4597014925373134
2ich_B,335,base,3,0.4298507462686567
2ich_B,335,base,4,0.44477611940298506
2ich_B,335,base,5,0.4597014925373134
2ich_B,335,base,6,0.4059701492537313
2ich_B,335,base,7,0.47761194029850745
2ich_B,335,base,8,0.43582089552238806
2ich_B,335,base,9,0.46865671641791046
2ich_B,335,finetuned,0,0.3940298507462687
2ich_B,335,finetuned,1,0.4
2ich_B,335,finetuned,2,0.3940298507462687
2ich_B,335,finetuned,3,0.3880597014925373
2ich_B,335,finetuned,4,0.41194029850746267
2ich_B,335,finetuned,5,0.417910447761194
2ich_B,335,finetuned,6,0.41194029850746267
2ich_B,335,finetuned,7,0.41492537313432837
2ich_B,335,finetuned,8,0.40298507462686567
2ich_B,335,finetuned,9,0.44477611940298506
6ywo_C,363,base,0,0.4931129476584022
6ywo_C,363,base,1,0.4986225895316804
6ywo_C,363,base,2,0.4986225895316804
6ywo_C,363,base,3,0.4986225895316804
6ywo_C,363,base,4,0.5206611570247934
6ywo_C,363,base,5,0.559228650137741
6ywo_C,363,base,6,0.5151515151515151
6ywo_C,363,base,7,0.48760330578512395
6ywo_C,363,base,8,0.49586776859504134
6ywo_C,363,base,9,0.509641873278237
6ywo_C,363,finetuned,0,0.48484848484848486
6ywo_C,363,finetuned,1,0.465564738292011
6ywo_C,363,finetuned,2,0.48760330578512395
6ywo_C,363,finetuned,3,0.5041322314049587
6ywo_C,363,finetuned,4,0.4903581267217631
6ywo_C,363,finetuned,5,0.4986225895316804
6ywo_C,363,finetuned,6,0.47107438016528924
6ywo_C,363,finetuned,7,0.49586776859504134
6ywo_C,363,finetuned,8,0.5041322314049587
6ywo_C,363,finetuned,9,0.5013774104683195
1azo_A,232,base,0,0.521551724137931
1azo_A,232,base,1,0.5646551724137931
1azo_A,232,base,2,0.5086206896551724
1azo_A,232,base,3,0.5431034482758621
1azo_A,232,base,4,0.5258620689655172
1azo_A,232,base,5,0.5560344827586207
1azo_A,232,base,6,0.5517241379310345
1azo_A,232,base,7,0.5387931034482759
1azo_A,232,base,8,0.5732758620689655
1azo_A,232,base,9,0.521551724137931
1azo_A,232,finetuned,0,0.5301724137931034
1azo_A,232,finetuned,1,0.5043103448275862
1azo_A,232,finetuned,2,0.4827586206896552
1azo_A,232,finetuned,3,0.5
1azo_A,232,finetuned,4,0.5129310344827587
1azo_A,232,finetuned,5,0.5172413793103449
1azo_A,232,finetuned,6,0.5
1azo_A,232,finetuned,7,0.4870689655172414
1azo_A,232,finetuned,8,0.5387931034482759
1azo_A,232,finetuned,9,0.5431034482758621
4icx_C,162,base,0,0.4691358024691358
4icx_C,162,base,1,0.4876543209876543
4icx_C,162,base,2,0.5
4icx_C,162,base,3,0.5061728395061729
4icx_C,162,base,4,0.4382716049382716
4icx_C,162,base,5,0.48148148148148145
4icx_C,162,base,6,0.47530864197530864
4icx_C,162,base,7,0.5185185185185185
4icx_C,162,base,8,0.4876543209876543
4icx_C,162,base,9,0.49382716049382713
4icx_C,162,finetuned,0,0.4506172839506173
4icx_C,162,finetuned,1,0.47530864197530864
4icx_C,162,finetuned,2,0.4382716049382716
4icx_C,162,finetuned,3,0.4876543209876543
4icx_C,162,finetuned,4,0.42592592592592593
4icx_C,162,finetuned,5,0.4567901234567901
4icx_C,162,finetuned,6,0.42592592592592593
4icx_C,162,finetuned,7,0.4444444444444444
4icx_C,162,finetuned,8,0.43209876543209874
4icx_C,162,finetuned,9,0.4444444444444444
6ojb_A,284,base,0,0.528169014084507
6ojb_A,284,base,1,0.4859154929577465
6ojb_A,284,base,2,0.5
6ojb_A,284,base,3,0.4964788732394366
6ojb_A,284,base,4,0.5070422535211268
6ojb_A,284,base,5,0.4964788732394366
6ojb_A,284,base,6,0.5035211267605634
6ojb_A,284,base,7,0.5035211267605634
6ojb_A,284,base,8,0.5176056338028169
6ojb_A,284,base,9,0.5035211267605634
6ojb_A,284,finetuned,0,0.5
6ojb_A,284,finetuned,1,0.5
6ojb_A,284,finetuned,2,0.5140845070422535
6ojb_A,284,finetuned,3,0.5035211267605634
6ojb_A,284,finetuned,4,0.4894366197183099
6ojb_A,284,finetuned,5,0.4859154929577465
6ojb_A,284,finetuned,6,0.5
6ojb_A,284,finetuned,7,0.5246478873239436
6ojb_A,284,finetuned,8,0.5176056338028169
6ojb_A,284,finetuned,9,0.47183098591549294
5dbl_A,132,base,0,0.5075757575757576
5dbl_A,132,base,1,0.4772727272727273
5dbl_A,132,base,2,0.45454545454545453
5dbl_A,132,base,3,0.5075757575757576
5dbl_A,132,base,4,0.5606060606060606
5dbl_A,132,base,5,0.5303030303030303
5dbl_A,132,base,6,0.553030303030303
5dbl_A,132,base,7,0.45454545454545453
5dbl_A,132,base,8,0.5378787878787878
5dbl_A,132,base,9,0.4696969696969697
5dbl_A,132,finetuned,0,0.4166666666666667
5dbl_A,132,finetuned,1,0.5227272727272727
5dbl_A,132,finetuned,2,0.5378787878787878
5dbl_A,132,finetuned,3,0.4772727272727273
5dbl_A,132,finetuned,4,0.5075757575757576
5dbl_A,132,finetuned,5,0.44696969696969696
5dbl_A,132,finetuned,6,0.48484848484848486
5dbl_A,132,finetuned,7,0.5378787878787878
5dbl_A,132,finetuned,8,0.4166666666666667
5dbl_A,132,finetuned,9,0.5075757575757576
4gmq_A,95,base,0,0.5263157894736842
4gmq_A,95,base,1,0.5052631578947369
4gmq_A,95,base,2,0.4842105263157895
4gmq_A,95,base,3,0.49473684210526314
4gmq_A,95,base,4,0.49473684210526314
4gmq_A,95,base,5,0.45263157894736844
4gmq_A,95,base,6,0.5578947368421052
4gmq_A,95,base,7,0.5263157894736842
4gmq_A,95,base,8,0.5473684210526316
4gmq_A,95,base,9,0.5052631578947369
4gmq_A,95,finetuned,0,0.4631578947368421
4gmq_A,95,finetuned,1,0.47368421052631576
4gmq_A,95,finetuned,2,0.43157894736842106
4gmq_A,95,finetuned,3,0.45263157894736844
4gmq_A,95,finetuned,4,0.49473684210526314
4gmq_A,95,finetuned,5,0.5052631578947369
4gmq_A,95,finetuned,6,0.45263157894736844
4gmq_A,95,finetuned,7,0.45263157894736844
4gmq_A,95,finetuned,8,0.49473684210526314
4gmq_A,95,finetuned,9,0.47368421052631576
4pyr_A,305,base,0,0.5704918032786885
4pyr_A,305,base,1,0.5868852459016394
4pyr_A,305,base,2,0.5540983606557377
4pyr_A,305,base,3,0.5311475409836065
4pyr_A,305,base,4,0.5934426229508196
4pyr_A,305,base,5,0.5639344262295082
4pyr_A,305,base,6,0.580327868852459
4pyr_A,305,base,7,0.5704918032786885
4pyr_A,305,base,8,0.5901639344262295
4pyr_A,305,base,9,0.5967213114754099
4pyr_A,305,finetuned,0,0.5377049180327869
4pyr_A,305,finetuned,1,0.5278688524590164
4pyr_A,305,finetuned,2,0.5409836065573771
4pyr_A,305,finetuned,3,0.5245901639344263
4pyr_A,305,finetuned,4,0.5049180327868853
4pyr_A,305,finetuned,5,0.5311475409836065
4pyr_A,305,finetuned,6,0.5245901639344263
4pyr_A,305,finetuned,7,0.5311475409836065
4pyr_A,305,finetuned,8,0.5475409836065573
4pyr_A,305,finetuned,9,0.5442622950819672
3pms_A,320,base,0,0.515625
3pms_A,320,base,1,0.5125
3pms_A,320,base,2,0.521875
3pms_A,320,base,3,0.509375
3pms_A,320,base,4,0.5
3pms_A,320,base,5,0.521875
3pms_A,320,base,6,0.525
3pms_A,320,base,7,0.54375
3pms_A,320,base,8,0.5125
3pms_A,320,base,9,0.50625
3pms_A,320,finetuned,0,0.55625
3pms_A,320,finetuned,1,0.49375
3pms_A,320,finetuned,2,0.515625
3pms_A,320,finetuned,3,0.484375
3pms_A,320,finetuned,4,0.4875
3pms_A,320,finetuned,5,0.496875
3pms_A,320,finetuned,6,0.496875
3pms_A,320,finetuned,7,0.496875
3pms_A,320,finetuned,8,0.496875
3pms_A,320,finetuned,9,0.48125
5e1v_A,274,base,0,0.3795620437956204
5e1v_A,274,base,1,0.3905109489051095
5e1v_A,274,base,2,0.39416058394160586
5e1v_A,274,base,3,0.3759124087591241
5e1v_A,274,base,4,0.3722627737226277
5e1v_A,274,base,5,0.3759124087591241
5e1v_A,274,base,6,0.3795620437956204
5e1v_A,274,base,7,0.40145985401459855
5e1v_A,274,base,8,0.4051094890510949
5e1v_A,274,base,9,0.3795620437956204
5e1v_A,274,finetuned,0,0.36496350364963503
5e1v_A,274,finetuned,1,0.33211678832116787
5e1v_A,274,finetuned,2,0.35036496350364965
5e1v_A,274,finetuned,3,0.3686131386861314
5e1v_A,274,finetuned,4,0.35766423357664234
5e1v_A,274,finetuned,5,0.3357664233576642
5e1v_A,274,finetuned,6,0.36496350364963503
5e1v_A,274,finetuned,7,0.36496350364963503
5e1v_A,274,finetuned,8,0.34306569343065696
5e1v_A,274,finetuned,9,0.3686131386861314
2wjh_B,166,base,0,0.536144578313253
2wjh_B,166,base,1,0.4819277108433735
2wjh_B,166,base,2,0.5301204819277109
2wjh_B,166,base,3,0.5060240963855421
2wjh_B,166,base,4,0.5240963855421686
2wjh_B,166,base,5,0.5120481927710844
2wjh_B,166,base,6,0.5120481927710844
2wjh_B,166,base,7,0.46987951807228917
2wjh_B,166,base,8,0.5120481927710844
2wjh_B,166,base,9,0.5180722891566265
2wjh_B,166,finetuned,0,0.46987951807228917
2wjh_B,166,finetuned,1,0.4819277108433735
2wjh_B,166,finetuned,2,0.5
2wjh_B,166,finetuned,3,0.5120481927710844
2wjh_B,166,finetuned,4,0.5180722891566265
2wjh_B,166,finetuned,5,0.5240963855421686
2wjh_B,166,finetuned,6,0.5180722891566265
2wjh_B,166,finetuned,7,0.5180722891566265
2wjh_B,166,finetuned,8,0.4939759036144578
2wjh_B,166,finetuned,9,0.4819277108433735
3nz3_A,104,base,0,0.5576923076923077
3nz3_A,104,base,1,0.5576923076923077
3nz3_A,104,base,2,0.5865384615384616
3nz3_A,104,base,3,0.5961538461538461
3nz3_A,104,base,4,0.5288461538461539
3nz3_A,104,base,5,0.5576923076923077
3nz3_A,104,base,6,0.5576923076923077
3nz3_A,104,base,7,0.5865384615384616
3nz3_A,104,base,8,0.5288461538461539
3nz3_A,104,base,9,0.49038461538461536
3nz3_A,104,finetuned,0,0.5673076923076923
3nz3_A,104,finetuned,1,0.49038461538461536
3nz3_A,104,finetuned,2,0.5769230769230769
3nz3_A,104,finetuned,3,0.5384615384615384
3nz3_A,104,finetuned,4,0.49038461538461536
3nz3_A,104,finetuned,5,0.5192307692307693
3nz3_A,104,finetuned,6,0.5576923076923077
3nz3_A,104,finetuned,7,0.5288461538461539
3nz3_A,104,finetuned,8,0.5288461538461539
3nz3_A,104,finetuned,9,0.5288461538461539
4mup_A,302,base,0,0.6390728476821192
4mup_A,302,base,1,0.5960264900662252
4mup_A,302,base,2,0.6059602649006622
4mup_A,302,base,3,0.6158940397350994
4mup_A,302,base,4,0.5993377483443708
4mup_A,302,base,5,0.6192052980132451
4mup_A,302,base,6,0.5960264900662252
4mup_A,302,base,7,0.5993377483443708
4mup_A,302,base,8,0.5993377483443708
4mup_A,302,base,9,0.609271523178808
4mup_A,302,finetuned,0,0.5364238410596026
4mup_A,302,finetuned,1,0.5629139072847682
4mup_A,302,finetuned,2,0.5993377483443708
4mup_A,302,finetuned,3,0.5364238410596026
4mup_A,302,finetuned,4,0.5596026490066225
4mup_A,302,finetuned,5,0.5496688741721855
4mup_A,302,finetuned,6,0.5264900662251656
4mup_A,302,finetuned,7,0.5728476821192053
4mup_A,302,finetuned,8,0.5463576158940397
4mup_A,302,finetuned,9,0.5794701986754967
3svz_B,256,base,0,0.48046875
3svz_B,256,base,1,0.42578125
3svz_B,256,base,2,0.484375
3svz_B,256,base,3,0.42578125
3svz_B,256,base,4,0.421875
3svz_B,256,base,5,0.4453125
3svz_B,256,base,6,0.453125
3svz_B,256,base,7,0.44921875
3svz_B,256,base,8,0.41796875
3svz_B,256,base,9,0.453125
3svz_B,256,finetuned,0,0.3828125
3svz_B,256,finetuned,1,0.453125
3svz_B,256,finetuned,2,0.42578125
3svz_B,256,finetuned,3,0.4375
3svz_B,256,finetuned,4,0.3984375
3svz_B,256,finetuned,5,0.40234375
3svz_B,256,finetuned,6,0.4296875
3svz_B,256,finetuned,7,0.42578125
3svz_B,256,finetuned,8,0.4296875
3svz_B,256,finetuned,9,0.41796875
4i96_A,320,base,0,0.53125
4i96_A,320,base,1,0.490625
4i96_A,320,base,2,0.5
4i96_A,320,base,3,0.509375
4i96_A,320,base,4,0.5125
4i96_A,320,base,5,0.496875
4i96_A,320,base,6,0.503125
4i96_A,320,base,7,0.525
4i96_A,320,base,8,0.509375
4i96_A,320,base,9,0.50625
4i96_A,320,finetuned,0,0.48125
4i96_A,320,finetuned,1,0.5
4i96_A,320,finetuned,2,0.51875
4i96_A,320,finetuned,3,0.50625
4i96_A,320,finetuned,4,0.49375
4i96_A,320,finetuned,5,0.5125
4i96_A,320,finetuned,6,0.525
4i96_A,320,finetuned,7,0.484375
4i96_A,320,finetuned,8,0.4875
4i96_A,320,finetuned,9,0.490625
6ipe_A,356,base,0,0.5646067415730337
6ipe_A,356,base,1,0.5786516853932584
6ipe_A,356,base,2,0.5617977528089888
6ipe_A,356,base,3,0.5561797752808989
6ipe_A,356,base,4,0.5674157303370787
6ipe_A,356,base,5,0.5589887640449438
6ipe_A,356,base,6,0.550561797752809
6ipe_A,356,base,7,0.5702247191011236
6ipe_A,356,base,8,0.5646067415730337
6ipe_A,356,base,9,0.5730337078651685
6ipe_A,356,finetuned,0,0.5589887640449438
6ipe_A,356,finetuned,1,0.5308988764044944
6ipe_A,356,finetuned,2,0.5449438202247191
6ipe_A,356,finetuned,3,0.5308988764044944
6ipe_A,356,finetuned,4,0.5421348314606742
6ipe_A,356,finetuned,5,0.5449438202247191
6ipe_A,356,finetuned,6,0.5702247191011236
6ipe_A,356,finetuned,7,0.5337078651685393
6ipe_A,356,finetuned,8,0.5280898876404494
6ipe_A,356,finetuned,9,0.5393258426966292
3d8n_A,279,base,0,0.6415770609318996
3d8n_A,279,base,1,0.6344086021505376
3d8n_A,279,base,2,0.6057347670250897
3d8n_A,279,base,3,0.6415770609318996
3d8n_A,279,base,4,0.6451612903225806
3d8n_A,279,base,5,0.6164874551971327
3d8n_A,279,base,6,0.6415770609318996
3d8n_A,279,base,7,0.6236559139784946
3d8n_A,279,base,8,0.6308243727598566
3d8n_A,279,base,9,0.6129032258064516
3d8n_A,279,finetuned,0,0.5878136200716846
3d8n_A,279,finetuned,1,0.5842293906810035
3d8n_A,279,finetuned,2,0.6093189964157706
3d8n_A,279,finetuned,3,0.5698924731182796
3d8n_A,279,finetuned,4,0.5949820788530465
3d8n_A,279,finetuned,5,0.5985663082437276
3d8n_A,279,finetuned,6,0.6272401433691757
3d8n_A,279,finetuned,7,0.6021505376344086
3d8n_A,279,finetuned,8,0.6093189964157706
3d8n_A,279,finetuned,9,0.5842293906810035
6jkk_A,341,base,0,0.4750733137829912
6jkk_A,341,base,1,0.44574780058651026
6jkk_A,341,base,2,0.45454545454545453
6jkk_A,341,base,3,0.4281524926686217
6jkk_A,341,base,4,0.4398826979472141
6jkk_A,341,base,5,0.4574780058651026
6jkk_A,341,base,6,0.44868035190615835
6jkk_A,341,base,7,0.4398826979472141
6jkk_A,341,base,8,0.436950146627566
6jkk_A,341,base,9,0.44281524926686217
6jkk_A,341,finetuned,0,0.4604105571847507
6jkk_A,341,finetuned,1,0.4340175953079179
6jkk_A,341,finetuned,2,0.44281524926686217
6jkk_A,341,finetuned,3,0.41935483870967744
6jkk_A,341,finetuned,4,0.4222873900293255
6jkk_A,341,finetuned,5,0.45161290322580644
6jkk_A,341,finetuned,6,0.4310850439882698
6jkk_A,341,finetuned,7,0.44868035190615835
6jkk_A,341,finetuned,8,0.46920821114369504
6jkk_A,341,finetuned,9,0.44868035190615835
1s29_A,92,base,0,0.40217391304347827
1s29_A,92,base,1,0.4673913043478261
1s29_A,92,base,2,0.4782608695652174
1s29_A,92,base,3,0.43478260869565216
1s29_A,92,base,4,0.42391304347826086
1s29_A,92,base,5,0.5108695652173914
1s29_A,92,base,6,0.4782608695652174
1s29_A,92,base,7,0.44565217391304346
1s29_A,92,base,8,0.42391304347826086
1s29_A,92,base,9,0.4673913043478261
1s29_A,92,finetuned,0,0.43478260869565216
1s29_A,92,finetuned,1,0.42391304347826086
1s29_A,92,finetuned,2,0.5108695652173914
1s29_A,92,finetuned,3,0.532608695652174
1s29_A,92,finetuned,4,0.4673913043478261
1s29_A,92,finetuned,5,0.44565217391304346
1s29_A,92,finetuned,6,0.4673913043478261
1s29_A,92,finetuned,7,0.4782608695652174
1s29_A,92,finetuned,8,0.4673913043478261
1s29_A,92,finetuned,9,0.4673913043478261
3hj7_A,136,base,0,0.5147058823529411
3hj7_A,136,base,1,0.5073529411764706
3hj7_A,136,base,2,0.47794117647058826
3hj7_A,136,base,3,0.47058823529411764
3hj7_A,136,base,4,0.5514705882352942
3hj7_A,136,base,5,0.5
3hj7_A,136,base,6,0.45588235294117646
3hj7_A,136,base,7,0.5
3hj7_A,136,base,8,0.4852941176470588
3hj7_A,136,base,9,0.4632352941176471
3hj7_A,136,finetuned,0,0.47058823529411764
3hj7_A,136,finetuned,1,0.4632352941176471
3hj7_A,136,finetuned,2,0.47058823529411764
3hj7_A,136,finetuned,3,0.4852941176470588
3hj7_A,136,finetuned,4,0.47058823529411764
3hj7_A,136,finetuned,5,0.4632352941176471
3hj7_A,136,finetuned,6,0.47794117647058826
3hj7_A,136,finetuned,7,0.5073529411764706
3hj7_A,136,finetuned,8,0.47058823529411764
3hj7_A,136,finetuned,9,0.5073529411764706
3hyj_A,198,base,0,0.43434343434343436
3hyj_A,198,base,1,0.4595959595959596
3hyj_A,198,base,2,0.4393939393939394
3hyj_A,198,base,3,0.4797979797979798
3hyj_A,198,base,4,0.4292929292929293
3hyj_A,198,base,5,0.48484848484848486
3hyj_A,198,base,6,0.4797979797979798
3hyj_A,198,base,7,0.4797979797979798
3hyj_A,198,base,8,0.4797979797979798
3hyj_A,198,base,9,0.46464646464646464
3hyj_A,198,finetuned,0,0.4797979797979798
3hyj_A,198,finetuned,1,0.46464646464646464
3hyj_A,198,finetuned,2,0.4494949494949495
3hyj_A,198,finetuned,3,0.46464646464646464
3hyj_A,198,finetuned,4,0.4696969696969697
3hyj_A,198,finetuned,5,0.4292929292929293
3hyj_A,198,finetuned,6,0.4444444444444444
3hyj_A,198,finetuned,7,0.4444444444444444
3hyj_A,198,finetuned,8,0.4393939393939394
3hyj_A,198,finetuned,9,0.46464646464646464
3tov_B,349,base,0,0.4584527220630373
3tov_B,349,base,1,0.47277936962750716
3tov_B,349,base,2,0.4670487106017192
3tov_B,349,base,3,0.4785100286532951
3tov_B,349,base,4,0.5071633237822349
3tov_B,349,base,5,0.4584527220630373
3tov_B,349,base,6,0.5100286532951289
3tov_B,349,base,7,0.44412607449856734
3tov_B,349,base,8,0.47564469914040114
3tov_B,349,base,9,0.498567335243553
3tov_B,349,finetuned,0,0.4584527220630373
3tov_B,349,finetuned,1,0.4154727793696275
3tov_B,349,finetuned,2,0.4498567335243553
3tov_B,349,finetuned,3,0.48424068767908307
3tov_B,349,finetuned,4,0.46131805157593125
3tov_B,349,finetuned,5,0.4670487106017192
3tov_B,349,finetuned,6,0.44126074498567336
3tov_B,349,finetuned,7,0.4326647564469914
3tov_B,349,finetuned,8,0.42120343839541546
3tov_B,349,finetuned,9,0.4670487106017192
3hms_A,101,base,0,0.5445544554455446
3hms_A,101,base,1,0.49504950495049505
3hms_A,101,base,2,0.504950495049505
3hms_A,101,base,3,0.48514851485148514
3hms_A,101,base,4,0.5247524752475248
3hms_A,101,base,5,0.5148514851485149
3hms_A,101,base,6,0.5346534653465347
3hms_A,101,base,7,0.46534653465346537
3hms_A,101,base,8,0.5445544554455446
3hms_A,101,base,9,0.5445544554455446
3hms_A,101,finetuned,0,0.5247524752475248
3hms_A,101,finetuned,1,0.49504950495049505
3hms_A,101,finetuned,2,0.49504950495049505
3hms_A,101,finetuned,3,0.46534653465346537
3hms_A,101,finetuned,4,0.5148514851485149
3hms_A,101,finetuned,5,0.45544554455445546
3hms_A,101,finetuned,6,0.4752475247524752
3hms_A,101,finetuned,7,0.5148514851485149
3hms_A,101,finetuned,8,0.5148514851485149
3hms_A,101,finetuned,9,0.42574257425742573
4er8_A,165,base,0,0.3878787878787879
4er8_A,165,base,1,0.3393939393939394
4er8_A,165,base,2,0.38181818181818183
4er8_A,165,base,3,0.3575757575757576
4er8_A,165,base,4,0.3393939393939394
4er8_A,165,base,5,0.40606060606060607
4er8_A,165,base,6,0.38181818181818183
4er8_A,165,base,7,0.38181818181818183
4er8_A,165,base,8,0.40606060606060607
4er8_A,165,base,9,0.43636363636363634
4er8_A,165,finetuned,0,0.36363636363636365
4er8_A,165,finetuned,1,0.36363636363636365
4er8_A,165,finetuned,2,0.37575757575757573
4er8_A,165,finetuned,3,0.37575757575757573
4er8_A,165,finetuned,4,0.296969696969697
4er8_A,165,finetuned,5,0.3696969696969697
4er8_A,165,finetuned,6,0.3151515151515151
4er8_A,165,finetuned,7,0.3393939393939394
4er8_A,165,finetuned,8,0.3696969696969697
4er8_A,165,finetuned,9,0.2727272727272727
3qp3_C,103,base,0,0.47572815533980584
3qp3_C,103,base,1,0.5145631067961165
3qp3_C,103,base,2,0.5145631067961165
3qp3_C,103,base,3,0.5339805825242718
3qp3_C,103,base,4,0.5145631067961165
3qp3_C,103,base,5,0.47572815533980584
3qp3_C,103,base,6,0.5242718446601942
3qp3_C,103,base,7,0.47572815533980584
3qp3_C,103,base,8,0.5048543689320388
3qp3_C,103,base,9,0.4854368932038835
3qp3_C,103,finetuned,0,0.4174757281553398
3qp3_C,103,finetuned,1,0.4563106796116505
3qp3_C,103,finetuned,2,0.5048543689320388
3qp3_C,103,finetuned,3,0.46601941747572817
3qp3_C,103,finetuned,4,0.47572815533980584
3qp3_C,103,finetuned,5,0.47572815533980584
3qp3_C,103,finetuned,6,0.49514563106796117
3qp3_C,103,finetuned,7,0.49514563106796117
3qp3_C,103,finetuned,8,0.47572815533980584
3qp3_C,103,finetuned,9,0.4854368932038835
3elb_A,341,base,0,0.5689149560117303
3elb_A,341,base,1,0.5689149560117303
3elb_A,341,base,2,0.5630498533724341
3elb_A,341,base,3,0.5689149560117303
3elb_A,341,base,4,0.5395894428152492
3elb_A,341,base,5,0.5747800586510264
3elb_A,341,base,6,0.5513196480938416
3elb_A,341,base,7,0.5630498533724341
3elb_A,341,base,8,0.5630498533724341
3elb_A,341,base,9,0.5571847507331378
3elb_A,341,finetuned,0,0.5806451612903226
3elb_A,341,finetuned,1,0.5542521994134897
3elb_A,341,finetuned,2,0.5894428152492669
3elb_A,341,finetuned,3,0.5425219941348973
3elb_A,341,finetuned,4,0.5571847507331378
3elb_A,341,finetuned,5,0.5513196480938416
3elb_A,341,finetuned,6,0.5395894428152492
3elb_A,341,finetuned,7,0.5395894428152492
3elb_A,341,finetuned,8,0.5718475073313783
3elb_A,341,finetuned,9,0.5806451612903226
2v4u_A,282,base,0,0.49645390070921985
2v4u_A,282,base,1,0.5141843971631206
2v4u_A,282,base,2,0.5070921985815603
2v4u_A,282,base,3,0.5212765957446809
2v4u_A,282,base,4,0.49645390070921985
2v4u_A,282,base,5,0.48226950354609927
2v4u_A,282,base,6,0.49645390070921985
2v4u_A,282,base,7,0.4716312056737589
2v4u_A,282,base,8,0.5
2v4u_A,282,base,9,0.49645390070921985
2v4u_A,282,finetuned,0,0.48936170212765956
2v4u_A,282,finetuned,1,0.49645390070921985
2v4u_A,282,finetuned,2,0.4716312056737589
2v4u_A,282,finetuned,3,0.48226950354609927
2v4u_A,282,finetuned,4,0.4929078014184397
2v4u_A,282,finetuned,5,0.4929078014184397
2v4u_A,282,finetuned,6,0.49645390070921985
2v4u_A,282,finetuned,7,0.46808510638297873
2v4u_A,282,finetuned,8,0.4716312056737589
2v4u_A,282,finetuned,9,0.5319148936170213
