design_id,protein_name,model,seq_idx,protein_length,mhc2_total,plddt,ptm,fold_status,tm,rmsd,n_aligned,note
3idw_A|native|-1,3idw_A,native,-1,72,10,0.7777,0.7041,ok,0.9860931340930625,0.3421606924221365,66,
3idw_A|base|0,3idw_A,base,0,72,15,0.7625,0.688,ok,0.9618449796798441,0.5739005204973596,66,
3idw_A|base|1,3idw_A,base,1,72,21,0.7578,0.6797,ok,0.9512900013499497,0.6571130257428445,66,
3idw_A|base|2,3idw_A,base,2,72,16,0.7446,0.6653,ok,0.9485667011839988,0.7573408763192712,66,
3idw_A|ft_l0|0,3idw_A,finetuned,0,72,13,0.7651,0.6926,ok,0.9471157470016514,0.7930310830393927,66,
3idw_A|ft_l0|1,3idw_A,finetuned,1,72,11,0.7461,0.6724,ok,0.9438501422516219,0.7531418288668645,66,
3idw_A|ft_l0|2,3idw_A,finetuned,2,72,14,0.7553,0.6835,ok,0.9521542087576705,0.6694765874489461,66,
4erc_B|native|-1,4erc_B,native,-1,150,34,0.8803,0.8938,ok,0.9936442987898985,0.3776942123123682,150,
4erc_B|base|0,4erc_B,base,0,150,49,0.9505,0.9712,ok,0.9705341146008907,0.8385334754948733,150,
4erc_B|base|1,4erc_B,base,1,150,33,0.9585,0.9805,ok,0.9786867607504549,0.6861681766614643,150,
4erc_B|base|2,4erc_B,base,2,150,36,0.9519,0.9758,ok,0.9684270082628079,0.9395374092239013,150,
4erc_B|ft_l0|0,4erc_B,finetuned,0,150,29,0.9642,0.982,ok,0.9840232639789201,0.5863331374595793,150,
4erc_B|ft_l0|1,4erc_B,finetuned,1,150,51,0.9014,0.917,ok,0.9836358310939678,0.5944059176127063,150,
4erc_B|ft_l0|2,4erc_B,finetuned,2,150,37,0.8605,0.8701,ok,0.9800758053212739,0.6669739913876893,150,
3soj_A|native|-1,3soj_A,native,-1,115,39,0.7645,0.746,ok,0.9293882947709983,1.2258751708004458,114,
3soj_A|base|0,3soj_A,base,0,115,65,0.4972,0.4427,ok,0.42916403493423394,7.5840123129272925,114,
3soj_A|base|1,3soj_A,base,1,115,60,0.8084,0.8,ok,0.9723824519879504,0.6885652594452601,114,
3soj_A|base|2,3soj_A,base,2,115,34,0.8141,0.8156,ok,0.9621556241514568,0.9106921642254396,114,
3soj_A|ft_l0|0,3soj_A,finetuned,0,115,16,0.6719,0.6424,ok,0.6387678561647666,4.57185738653662,114,
3soj_A|ft_l0|1,3soj_A,finetuned,1,115,29,0.7972,0.7988,ok,0.981718906546042,0.5622628281856635,114,
3soj_A|ft_l0|2,3soj_A,finetuned,2,115,20,0.6785,0.6232,ok,0.6097102690907471,5.240980281486483,114,
3bfo_B|native|-1,3bfo_B,native,-1,91,5,0.8168,0.7774,ok,0.9909824793198211,0.31787924666567124,85,
3bfo_B|base|0,3bfo_B,base,0,91,22,0.8231,0.7659,ok,0.9673189894063895,0.6221506320447425,85,
3bfo_B|base|1,3bfo_B,base,1,91,31,0.8298,0.7633,ok,0.9838956730966281,0.4281824725638891,85,
3bfo_B|base|2,3bfo_B,base,2,91,36,0.8222,0.7616,ok,0.9773133929185324,0.5120408441540796,85,
3bfo_B|ft_l0|0,3bfo_B,finetuned,0,91,27,0.8066,0.7559,ok,0.9797465774745873,0.4831906459336623,85,
3bfo_B|ft_l0|1,3bfo_B,finetuned,1,91,21,0.8179,0.7613,ok,0.9821891328779951,0.45025966540427154,85,
3bfo_B|ft_l0|2,3bfo_B,finetuned,2,91,20,0.8083,0.755,ok,0.9754727810696072,0.5352957630543826,85,
5o75_A|native|-1,5o75_A,native,-1,78,10,0.7822,0.6921,ok,0.9313997404739426,1.0698396709079006,71,
5o75_A|base|0,5o75_A,base,0,78,9,0.7564,0.6517,ok,0.9281821512044164,0.9005455161896107,71,
5o75_A|base|1,5o75_A,base,1,78,21,0.7476,0.6372,ok,0.9427145110166107,0.8886530404890374,71,
5o75_A|base|2,5o75_A,base,2,78,12,0.7459,0.645,ok,0.8798800894404321,1.3877951049094985,71,
5o75_A|ft_l0|0,5o75_A,finetuned,0,78,10,0.7369,0.6211,ok,0.9255465909888527,0.950192321389716,71,
5o75_A|ft_l0|1,5o75_A,finetuned,1,78,4,0.744,0.6266,ok,0.9386908087430111,0.8680451706976394,71,
5o75_A|ft_l0|2,5o75_A,finetuned,2,78,3,0.7231,0.606,ok,0.9306594836389263,1.0187344408845596,71,
6iie_A|native|-1,6iie_A,native,-1,93,28,0.6834,0.6035,ok,0.9235346640165064,1.1372876243463557,87,
6iie_A|base|0,6iie_A,base,0,93,41,0.7673,0.7206,ok,0.9681340797017319,0.6173901058113241,87,
6iie_A|base|1,6iie_A,base,1,93,42,0.6778,0.5901,ok,0.794499362437446,1.9913061398247736,87,
6iie_A|base|2,6iie_A,base,2,93,16,0.6972,0.6298,ok,0.9057474266402781,1.1789413772047204,87,
6iie_A|ft_l0|0,6iie_A,finetuned,0,93,16,0.6657,0.5773,ok,0.9000514817118109,1.2606509764272666,87,
6iie_A|ft_l0|1,6iie_A,finetuned,1,93,29,0.7117,0.6576,ok,0.9521715263975515,0.775965291650643,87,
6iie_A|ft_l0|2,6iie_A,finetuned,2,93,17,0.6958,0.6059,ok,0.929715291181187,0.9650011977814332,87,
1y9l_A|native|-1,1y9l_A,native,-1,115,29,0.7493,0.7318,ok,0.9229918577054658,1.2842973588403699,110,
1y9l_A|base|0,1y9l_A,base,0,115,37,0.748,0.7011,ok,0.9418063797285313,1.0486780481465354,110,
1y9l_A|base|1,1y9l_A,base,1,115,31,0.772,0.7415,ok,0.9284345093468294,1.3010734761137235,110,
1y9l_A|base|2,1y9l_A,base,2,115,38,0.7772,0.732,ok,0.9237980436534318,1.2289047793588201,110,
1y9l_A|ft_l0|0,1y9l_A,finetuned,0,115,14,0.7744,0.7334,ok,0.9386966104412663,1.1661730917683382,110,
1y9l_A|ft_l0|1,1y9l_A,finetuned,1,115,14,0.7812,0.7321,ok,0.949190911075095,0.9945903712656465,110,
1y9l_A|ft_l0|2,1y9l_A,finetuned,2,115,15,0.7908,0.7624,ok,0.9312771560197265,1.2124409362052488,110,
3adl_A|native|-1,3adl_A,native,-1,82,23,0.7628,0.7069,ok,0.8698077202974019,2.4764406904664686,76,
3adl_A|base|0,3adl_A,base,0,82,31,0.7776,0.7148,ok,0.7079180367133069,4.20966943664298,76,
3adl_A|base|1,3adl_A,base,1,82,16,0.7869,0.7257,ok,0.7980586392479537,2.9036864298291527,76,
3adl_A|base|2,3adl_A,base,2,82,27,0.7754,0.7151,ok,0.774789602396613,3.9892595870073255,76,
3adl_A|ft_l0|0,3adl_A,finetuned,0,82,15,0.7603,0.7066,ok,0.7026797395242352,4.064891917315348,76,
3adl_A|ft_l0|1,3adl_A,finetuned,1,82,13,0.7861,0.7371,ok,0.9389295620384296,0.8568969219264985,76,
3adl_A|ft_l0|2,3adl_A,finetuned,2,82,11,0.7703,0.7172,ok,0.955934737793465,0.9080904811505685,76,
4ycs_B|native|-1,4ycs_B,native,-1,128,70,0.7693,0.7863,ok,0.9746869485917604,0.74263497621754,123,
4ycs_B|base|0,4ycs_B,base,0,128,42,0.8417,0.8618,ok,0.9800765544551535,0.6018806414799202,123,
4ycs_B|base|1,4ycs_B,base,1,128,62,0.8457,0.8679,ok,0.9699263860926696,0.7595564563343559,123,
4ycs_B|base|2,4ycs_B,base,2,128,46,0.8486,0.8638,ok,0.9855370566512739,0.5081564980762177,123,
4ycs_B|ft_l0|0,4ycs_B,finetuned,0,128,32,0.8345,0.8519,ok,0.9752188366917216,0.6662728556669472,123,
4ycs_B|ft_l0|1,4ycs_B,finetuned,1,128,21,0.8349,0.8454,ok,0.9829862525045016,0.5496906994916921,123,
4ycs_B|ft_l0|2,4ycs_B,finetuned,2,128,26,0.795,0.8154,ok,0.9741602576943321,0.7050235688351915,123,
2gmk_A|native|-1,2gmk_A,native,-1,104,21,0.9168,0.909,ok,0.9803192197683942,0.6059219910719759,104,
2gmk_A|base|0,2gmk_A,base,0,104,18,0.9221,0.9095,ok,0.9756939686923614,0.5971688373608656,104,
2gmk_A|base|1,2gmk_A,base,1,104,16,0.8625,0.8366,ok,0.9722769401139932,0.6430919764026448,104,
2gmk_A|base|2,2gmk_A,base,2,104,19,0.913,0.8976,ok,0.9697548819545132,0.9094953871753395,104,
2gmk_A|ft_l0|0,2gmk_A,finetuned,0,104,16,0.9014,0.8877,ok,0.966617117160967,0.7126689311977311,104,
2gmk_A|ft_l0|1,2gmk_A,finetuned,1,104,14,0.8372,0.7882,ok,0.9636022049290303,0.743557378386907,104,
2gmk_A|ft_l0|2,2gmk_A,finetuned,2,104,12,0.8858,0.8628,ok,0.957431793655283,1.0328618685769948,104,
5lbk_B|native|-1,5lbk_B,native,-1,136,38,0.7686,0.7893,ok,0.9627002021805314,0.8375865226923185,118,
5lbk_B|base|0,5lbk_B,base,0,136,34,0.7718,0.7737,ok,0.9798434316252128,0.6074764529208088,118,
5lbk_B|base|1,5lbk_B,base,1,136,47,0.8136,0.8249,ok,0.980162338053277,0.5907224088683303,118,
5lbk_B|base|2,5lbk_B,base,2,136,47,0.7673,0.7756,ok,0.9775300404561867,0.6377575374871647,118,
5lbk_B|ft_l0|0,5lbk_B,finetuned,0,136,21,0.7588,0.7716,ok,0.9554092455490949,0.9662074520791399,118,
5lbk_B|ft_l0|1,5lbk_B,finetuned,1,136,21,0.7753,0.7871,ok,0.9765553523230419,0.6414979860337997,118,
5lbk_B|ft_l0|2,5lbk_B,finetuned,2,136,18,0.7522,0.7551,ok,0.9531362086805021,1.0293621190573654,118,
3qp3_A|native|-1,3qp3_A,native,-1,103,35,0.8913,0.8743,ok,0.9546663679580859,1.076363010439813,101,
3qp3_A|base|0,3qp3_A,base,0,103,48,0.8743,0.8338,ok,0.9169867517346926,1.80014540374229,101,
3qp3_A|base|1,3qp3_A,base,1,103,31,0.8252,0.772,ok,0.9626676026017759,0.9676663001019385,101,
3qp3_A|base|2,3qp3_A,base,2,103,65,0.8361,0.7909,ok,0.9685454836002366,0.8010873044180841,101,
3qp3_A|ft_l0|0,3qp3_A,finetuned,0,103,16,0.8284,0.7806,ok,0.9605153686152077,1.1598610015996302,101,
3qp3_A|ft_l0|1,3qp3_A,finetuned,1,103,19,0.8428,0.7993,ok,0.9439113788512354,1.2586279541732284,101,
3qp3_A|ft_l0|2,3qp3_A,finetuned,2,103,48,0.8148,0.7658,ok,0.9651450868433535,1.0386309391869692,101,
5yz4_A|native|-1,5yz4_A,native,-1,133,46,0.7986,0.8193,ok,0.9303941049922508,2.6343858845374344,133,
5yz4_A|base|0,5yz4_A,base,0,133,51,0.7614,0.7631,ok,0.8625003543845245,3.5911590365985075,133,
5yz4_A|base|1,5yz4_A,base,1,133,62,0.7744,0.7894,ok,0.8832933468094067,2.9388972635771906,133,
5yz4_A|base|2,5yz4_A,base,2,133,45,0.787,0.7925,ok,0.8445909053691883,3.6681856160016753,133,
5yz4_A|ft_l0|0,5yz4_A,finetuned,0,133,31,0.7501,0.7535,ok,0.9000294764193193,2.475469108474914,133,
5yz4_A|ft_l0|1,5yz4_A,finetuned,1,133,40,0.7665,0.7776,ok,0.8757079312196057,2.8989614773326533,133,
5yz4_A|ft_l0|2,5yz4_A,finetuned,2,133,43,0.7879,0.8035,ok,0.8914096317349228,2.7558685279246133,133,
6fpr_A|native|-1,6fpr_A,native,-1,62,21,0.7076,0.5732,ok,0.04083325442366493,20.727386454803426,54,
6fpr_A|base|0,6fpr_A,base,0,62,123,0.7054,0.3736,ok,0.11613181501869937,9.276863352237736,54,
6fpr_A|base|1,6fpr_A,base,1,62,132,0.5445,0.2776,ok,0.024624568988704916,21.28397620043455,54,
6fpr_A|base|2,6fpr_A,base,2,62,103,0.815,0.5181,ok,0.7752632511675592,1.7037281069358385,54,
6fpr_A|ft_l0|0,6fpr_A,finetuned,0,62,2,0.7047,0.3436,ok,0.6846566090832429,2.1499907201671618,54,
6fpr_A|ft_l0|1,6fpr_A,finetuned,1,62,14,0.7359,0.4327,ok,0.6746075931492124,2.284073346889224,54,
6fpr_A|ft_l0|2,6fpr_A,finetuned,2,62,15,0.7502,0.4298,ok,0.7161546147907519,2.029542908347487,54,
2g7r_A|native|-1,2g7r_A,native,-1,107,11,0.7308,0.7226,ok,0.47862189097125946,6.949284935236185,86,
2g7r_A|base|0,2g7r_A,base,0,107,23,0.6869,0.6381,ok,0.9396510853757196,0.8950573444086636,86,
2g7r_A|base|1,2g7r_A,base,1,107,20,0.7445,0.7019,ok,0.9498105675080603,0.7927538276070366,86,
2g7r_A|base|2,2g7r_A,base,2,107,29,0.646,0.5794,ok,0.6960816563930285,2.979386553650872,86,
2g7r_A|ft_l0|0,2g7r_A,finetuned,0,107,7,0.6944,0.6587,ok,0.7665163190935991,2.4538944740219013,86,
2g7r_A|ft_l0|1,2g7r_A,finetuned,1,107,18,0.6537,0.5748,ok,0.8367601717871579,1.821847511080819,86,
2g7r_A|ft_l0|2,2g7r_A,finetuned,2,107,21,0.6968,0.6451,ok,0.8718439923478942,1.4077548616465656,86,
3hmr_A|native|-1,3hmr_A,native,-1,99,23,0.7532,0.7393,ok,0.9683545291607513,0.7174607772492174,90,
3hmr_A|base|0,3hmr_A,base,0,99,26,0.763,0.7414,ok,0.9478739907527899,0.9520740299197896,90,
3hmr_A|base|1,3hmr_A,base,1,99,21,0.7535,0.7327,ok,0.9679680976546101,0.6705355496429146,90,
3hmr_A|base|2,3hmr_A,base,2,99,26,0.7641,0.7485,ok,0.9514838982160226,0.9062816878126266,90,
3hmr_A|ft_l0|0,3hmr_A,finetuned,0,99,21,0.7705,0.7519,ok,0.9244178783063574,1.2286775672648722,90,
3hmr_A|ft_l0|1,3hmr_A,finetuned,1,99,18,0.7849,0.7726,ok,0.9216176763338442,1.3406839985882657,90,
3hmr_A|ft_l0|2,3hmr_A,finetuned,2,99,29,0.7905,0.7701,ok,0.9275546204133317,1.2470215004526877,90,
4lhf_A|native|-1,4lhf_A,native,-1,91,35,0.6726,0.5042,ok,0.8258174955561388,1.951944840559454,79,
4lhf_A|base|0,4lhf_A,base,0,91,38,0.5903,0.4034,ok,0.4259695523916485,7.2669897106827035,79,
4lhf_A|base|1,4lhf_A,base,1,91,47,0.619,0.4002,ok,0.576419428515199,4.477194780771226,79,
4lhf_A|base|2,4lhf_A,base,2,91,35,0.6291,0.4256,ok,0.48263575996393776,5.238732023571953,79,
4lhf_A|ft_l0|0,4lhf_A,finetuned,0,91,16,0.6195,0.4408,ok,0.7579695601350959,2.5707296354177274,79,
4lhf_A|ft_l0|1,4lhf_A,finetuned,1,91,23,0.6005,0.4165,ok,0.3120005675761492,8.146337746634163,79,
4lhf_A|ft_l0|2,4lhf_A,finetuned,2,91,26,0.6361,0.4637,ok,0.4910136458897096,6.213501732393789,79,
3g74_C|native|-1,3g74_C,native,-1,100,34,0.7858,0.7255,ok,0.9450181499898879,1.0031385938479962,88,
3g74_C|base|0,3g74_C,base,0,100,42,0.4606,0.3409,ok,0.1653609480085933,13.71217482856426,88,
3g74_C|base|1,3g74_C,base,1,100,43,0.772,0.7038,ok,0.9345741735273957,1.0267014272564061,88,
3g74_C|base|2,3g74_C,base,2,100,42,0.744,0.6625,ok,0.9217850728691233,1.1691065181138516,88,
3g74_C|ft_l0|0,3g74_C,finetuned,0,100,25,0.7353,0.6642,ok,0.9290605528703214,1.0917401145871113,88,
3g74_C|ft_l0|1,3g74_C,finetuned,1,100,27,0.4455,0.2822,ok,0.24531984204180715,9.646485702037376,88,
3g74_C|ft_l0|2,3g74_C,finetuned,2,100,43,0.6753,0.5863,ok,0.8422431527520179,2.094723753006569,88,
4id3_A|native|-1,4id3_A,native,-1,92,40,0.8354,0.8282,ok,0.9469203965016012,1.256344185274159,87,
4id3_A|base|0,4id3_A,base,0,92,44,0.7907,0.7534,ok,0.9401512224008559,1.2735906100197438,87,
4id3_A|base|1,4id3_A,base,1,92,43,0.7981,0.7549,ok,0.9629282367299354,0.6995183168637849,87,
4id3_A|base|2,4id3_A,base,2,92,45,0.7942,0.7474,ok,0.9831890354673328,0.44916786876400694,87,
4id3_A|ft_l0|0,4id3_A,finetuned,0,92,38,0.8017,0.7693,ok,0.9473821734399616,0.86044570416017,87,
4id3_A|ft_l0|1,4id3_A,finetuned,1,92,28,0.7972,0.754,ok,0.9617069972279746,0.7344866073108536,87,
4id3_A|ft_l0|2,4id3_A,finetuned,2,92,41,0.7963,0.7637,ok,0.9668745695196248,0.6910438083588379,87,
3hj7_A|native|-1,3hj7_A,native,-1,136,63,0.852,0.864,ok,0.9634779136150796,0.9738415829254492,130,
3hj7_A|base|0,3hj7_A,base,0,136,47,0.7787,0.7671,ok,0.9805576742356881,0.6270510881406979,130,
3hj7_A|base|1,3hj7_A,base,1,136,43,0.7474,0.7219,ok,0.9738225184572449,0.7586611538888962,130,
3hj7_A|base|2,3hj7_A,base,2,136,25,0.7558,0.7462,ok,0.9709634648513011,0.7921716018150232,130,
3hj7_A|ft_l0|0,3hj7_A,finetuned,0,136,36,0.7703,0.778,ok,0.9624028921887756,0.9478640953517676,130,
3hj7_A|ft_l0|1,3hj7_A,finetuned,1,136,24,0.7412,0.7406,ok,0.9632999757058951,0.933437754950614,130,
3hj7_A|ft_l0|2,3hj7_A,finetuned,2,136,35,0.7514,0.7488,ok,0.9706758388366209,0.8352301440641238,130,
3eud_B|native|-1,3eud_B,native,-1,107,33,0.7197,0.6932,ok,0.932037151325284,1.1661282169197074,98,
3eud_B|base|0,3eud_B,base,0,107,47,0.7109,0.6846,ok,0.9452690526851381,0.9237465151775403,98,
3eud_B|base|1,3eud_B,base,1,107,26,0.7512,0.7247,ok,0.9403942282805423,1.0442640716700198,98,
3eud_B|base|2,3eud_B,base,2,107,54,0.7474,0.7307,ok,0.9763391683618036,0.584214156154399,98,
3eud_B|ft_l0|0,3eud_B,finetuned,0,107,46,0.7328,0.7227,ok,0.9684635567120388,0.6685109730940696,98,
3eud_B|ft_l0|1,3eud_B,finetuned,1,107,31,0.7122,0.689,ok,0.9641054650590702,0.7239002671977217,98,
3eud_B|ft_l0|2,3eud_B,finetuned,2,107,43,0.7494,0.7378,ok,0.9710068119884953,0.659416321153473,98,
3ipj_B|native|-1,3ipj_B,native,-1,95,44,0.788,0.7534,ok,0.7513566254101753,3.764413182267868,95,
3ipj_B|base|0,3ipj_B,base,0,95,48,0.7371,0.6918,ok,0.7555676316153862,4.495867060928234,95,
3ipj_B|base|1,3ipj_B,base,1,95,48,0.758,0.7102,ok,0.7971405782421322,2.7575063977184517,95,
3ipj_B|base|2,3ipj_B,base,2,95,48,0.7652,0.725,ok,0.6892086820984875,4.423329165274013,95,
3ipj_B|ft_l0|0,3ipj_B,finetuned,0,95,32,0.7604,0.7135,ok,0.802588983242466,2.8962033652576116,95,
3ipj_B|ft_l0|1,3ipj_B,finetuned,1,95,41,0.7572,0.7122,ok,0.6817316277812256,4.255189139349879,95,
3ipj_B|ft_l0|2,3ipj_B,finetuned,2,95,29,0.7433,0.6938,ok,0.6361069393305123,5.000794454675461,95,
2bk8_A|native|-1,2bk8_A,native,-1,97,17,0.7813,0.7551,ok,0.9376285777812974,1.2998693544258741,97,
2bk8_A|base|0,2bk8_A,base,0,97,24,0.7979,0.7403,ok,0.9197157322064435,1.6038155122194377,97,
2bk8_A|base|1,2bk8_A,base,1,97,9,0.8067,0.7598,ok,0.8995962581090524,2.094412748123044,97,
2bk8_A|base|2,2bk8_A,base,2,97,14,0.8158,0.7722,ok,0.9292577312559789,1.452449795783102,97,
2bk8_A|ft_l0|0,2bk8_A,finetuned,0,97,11,0.817,0.7668,ok,0.8672212114262249,2.8493259761487293,97,
2bk8_A|ft_l0|1,2bk8_A,finetuned,1,97,17,0.8279,0.7796,ok,0.8718940576820197,2.8287957841373244,97,
2bk8_A|ft_l0|2,2bk8_A,finetuned,2,97,16,0.8063,0.7499,ok,0.9309774465510865,1.4043113790969797,97,
2bl8_B|native|-1,2bl8_B,native,-1,103,25,0.713,0.6768,ok,0.9248885918731207,1.373520803096415,81,
2bl8_B|base|0,2bl8_B,base,0,103,23,0.6931,0.6193,ok,0.9573607500116936,0.7188942352695914,81,
2bl8_B|base|1,2bl8_B,base,1,103,26,0.6927,0.6299,ok,0.9556088068647719,0.7398416477223079,81,
2bl8_B|base|2,2bl8_B,base,2,103,23,0.677,0.6006,ok,0.9548106151055176,0.8966312475719783,81,
2bl8_B|ft_l0|0,2bl8_B,finetuned,0,103,21,0.6815,0.616,ok,0.9337171444449799,1.322374430761897,81,
2bl8_B|ft_l0|1,2bl8_B,finetuned,1,103,9,0.6825,0.6044,ok,0.9336584926748359,1.1475844720560984,81,
2bl8_B|ft_l0|2,2bl8_B,finetuned,2,103,17,0.6841,0.6126,ok,0.956576564037728,0.8326478148535343,81,
4i4x_C|native|-1,4i4x_C,native,-1,146,67,0.9488,0.964,ok,0.9939629891763989,0.3517768142176165,146,
4i4x_C|base|0,4i4x_C,base,0,146,74,0.8604,0.8733,ok,0.9870013514276145,0.5269902336625627,146,
4i4x_C|base|1,4i4x_C,base,1,146,87,0.844,0.8589,ok,0.9867652487976798,0.5350972468268055,146,
4i4x_C|base|2,4i4x_C,base,2,146,69,0.861,0.8876,ok,0.9738002069885228,0.7633552717541324,146,
4i4x_C|ft_l0|0,4i4x_C,finetuned,0,146,72,0.8523,0.8749,ok,0.9777833028713785,0.7465154309219176,146,
4i4x_C|ft_l0|1,4i4x_C,finetuned,1,146,65,0.8243,0.8385,ok,0.9760012638593258,0.726158804307359,146,
4i4x_C|ft_l0|2,4i4x_C,finetuned,2,146,46,0.8216,0.8355,ok,0.9814780472191549,0.6444379302524151,146,
3nz3_A|native|-1,3nz3_A,native,-1,104,41,0.7891,0.6563,ok,0.9551397966632509,0.8234075988507993,100,
3nz3_A|base|0,3nz3_A,base,0,104,38,0.7778,0.6265,ok,0.9562341745009165,0.8922889244923766,100,
3nz3_A|base|1,3nz3_A,base,1,104,31,0.7807,0.6259,ok,0.9662194812120243,0.8094253482138333,100,
3nz3_A|base|2,3nz3_A,base,2,104,47,0.7855,0.6354,ok,0.9248791721626016,1.1866606228330159,100,
3nz3_A|ft_l0|0,3nz3_A,finetuned,0,104,27,0.7838,0.6495,ok,0.9580552531142444,0.8035894815922927,100,
3nz3_A|ft_l0|1,3nz3_A,finetuned,1,104,31,0.7852,0.6443,ok,0.9765142216495248,0.5928517649545283,100,
3nz3_A|ft_l0|2,3nz3_A,finetuned,2,104,22,0.793,0.6631,ok,0.9734139558691588,0.663858908177731,100,
4gmq_A|native|-1,4gmq_A,native,-1,95,47,0.7117,0.6317,ok,0.9048003698268591,1.601432700068159,92,
4gmq_A|base|0,4gmq_A,base,0,95,45,0.7316,0.6479,ok,0.8770087701322393,1.5228410682215068,92,
4gmq_A|base|1,4gmq_A,base,1,95,35,0.7144,0.6535,ok,0.9168850230758514,1.195343858536752,92,
4gmq_A|base|2,4gmq_A,base,2,95,38,0.7284,0.6553,ok,0.8750971280618483,1.5396813463327648,92,
4gmq_A|ft_l0|0,4gmq_A,finetuned,0,95,21,0.7033,0.639,ok,0.9002849031057413,1.5329032253878927,92,
4gmq_A|ft_l0|1,4gmq_A,finetuned,1,95,23,0.7891,0.7409,ok,0.9278073197224298,1.1325321718493695,92,
4gmq_A|ft_l0|2,4gmq_A,finetuned,2,95,23,0.6844,0.6076,ok,0.8301876978692345,1.8313397979642476,92,
3cbn_A|native|-1,3cbn_A,native,-1,145,34,0.9609,0.9789,ok,0.9944781412924276,0.3347681974126851,142,
3cbn_A|base|0,3cbn_A,base,0,145,83,0.897,0.8877,ok,0.9929320959065293,0.3773101685625303,142,
3cbn_A|base|1,3cbn_A,base,1,145,77,0.8716,0.8626,ok,0.9897547358796692,0.4604907039425992,142,
3cbn_A|base|2,3cbn_A,base,2,145,73,0.8624,0.8538,ok,0.9908711672369972,0.42955522151710074,142,
3cbn_A|ft_l0|0,3cbn_A,finetuned,0,145,62,0.8747,0.8715,ok,0.9881588368457078,0.49616755924940686,142,
3cbn_A|ft_l0|1,3cbn_A,finetuned,1,145,56,0.8756,0.8621,ok,0.9866325858886403,0.5326217161504169,142,
3cbn_A|ft_l0|2,3cbn_A,finetuned,2,145,90,0.8811,0.8845,ok,0.9930437641277351,0.3738683077054782,142,
1s29_A|native|-1,1s29_A,native,-1,92,37,0.8061,0.7755,ok,0.9357715893486002,1.468633039706247,92,
1s29_A|base|0,1s29_A,base,0,92,32,0.8541,0.8233,ok,0.9505082959495957,0.8851719819797537,92,
1s29_A|base|1,1s29_A,base,1,92,43,0.8043,0.752,ok,0.9451063759881047,1.465806156483047,92,
1s29_A|base|2,1s29_A,base,2,92,35,0.8198,0.7888,ok,0.9483464555269813,0.9145497044538825,92,
1s29_A|ft_l0|0,1s29_A,finetuned,0,92,17,0.7578,0.7034,ok,0.956132854795454,0.8737697852269269,92,
1s29_A|ft_l0|1,1s29_A,finetuned,1,92,21,0.8413,0.8252,ok,0.9553913705547419,0.9928666905546948,92,
1s29_A|ft_l0|2,1s29_A,finetuned,2,92,24,0.7557,0.7015,ok,0.9269976423317191,1.41456583648728,92,
5u6z_A|native|-1,5u6z_A,native,-1,75,13,0.682,0.517,ok,0.586950657524333,3.4596056052071016,67,
5u6z_A|base|0,5u6z_A,base,0,75,10,0.7137,0.5401,ok,0.4398507299503769,5.010762414513574,67,
5u6z_A|base|1,5u6z_A,base,1,75,12,0.7084,0.5247,ok,0.6158889539885026,3.397114414094309,67,
5u6z_A|base|2,5u6z_A,base,2,75,12,0.702,0.521,ok,0.36128151841084977,5.633045850216128,67,
5u6z_A|ft_l0|0,5u6z_A,finetuned,0,75,22,0.6988,0.5376,ok,0.5084117256971368,5.954774617513745,67,
5u6z_A|ft_l0|1,5u6z_A,finetuned,1,75,8,0.6951,0.4886,ok,0.5749002821130142,3.205585802146506,67,
5u6z_A|ft_l0|2,5u6z_A,finetuned,2,75,6,0.716,0.5323,ok,0.703928140816065,2.192916575475634,67,
4b6d_F|native|-1,4b6d_F,native,-1,61,3,0.8189,0.734,ok,0.877608552433635,1.8805061963401748,60,
4b6d_F|base|0,4b6d_F,base,0,61,2,0.7837,0.6585,ok,0.7969973786226145,2.2180082246014883,60,
4b6d_F|base|1,4b6d_F,base,1,61,1,0.7615,0.6354,ok,0.8099999816135122,2.270233489983366,60,
4b6d_F|base|2,4b6d_F,base,2,61,1,0.7645,0.634,ok,0.7668726893792327,2.2241623313027254,60,
4b6d_F|ft_l0|0,4b6d_F,finetuned,0,61,0,0.7274,0.5918,ok,0.8663908470417836,1.9154294645369554,60,
4b6d_F|ft_l0|1,4b6d_F,finetuned,1,61,0,0.7408,0.6065,ok,0.7092709455551546,2.9398737225009075,60,
4b6d_F|ft_l0|2,4b6d_F,finetuned,2,61,4,0.7397,0.604,ok,0.9011849188855453,1.1564462534607691,60,
