model_id,beta,lr,mhc2_reduction_pct,n_prot,base_tm,ft_tm,delta_ft_minus_base,delta_std,paired_t_p,ft_better
005c9a50,0.01,1e-7,23.3,32,0.68,0.643,-0.037,0.09,0.0297,9/32
35842f8a,0.01,3e-7,81.0,32,0.683,0.375,-0.308,0.227,0.0,1/32
45cc9026,0.02,3e-7,58.8,32,0.688,0.602,-0.086,0.114,0.0002,9/32
4de4315e,0.02,1e-7,20.6,32,0.673,0.651,-0.023,0.122,0.307,15/32
52f726b6,0.1,1e-6,28.3,32,0.67,0.679,0.008,0.138,0.7377,18/32
72757141,0.2,1e-6,24.1,32,0.688,0.684,-0.004,0.099,0.8408,20/32
7379f298,0.05,1e-7,17.0,32,0.675,0.69,0.015,0.143,0.5574,19/32
7e908919,0.05,3e-7,30.2,32,0.675,0.657,-0.018,0.144,0.4856,12/32
9d8808b4,0.02,1e-6,76.9,32,0.689,0.39,-0.298,0.251,0.0,2/32
b3e54f2f,0.1,3e-7,21.7,32,0.711,0.716,0.005,0.092,0.7723,17/32
b4d73ff2,0.2,1e-7,10.6,32,0.711,0.726,0.015,0.126,0.5049,19/32
e842a798,0.01,1e-6,95.8,32,0.726,0.172,-0.554,0.195,0.0,0/32
ea3c3424,0.1,1e-7,12.5,32,0.698,0.672,-0.026,0.111,0.2057,12/32
f16b51e6,0.05,1e-6,37.9,32,0.703,0.69,-0.013,0.109,0.5033,12/32
fdbace08,0.2,3e-7,18.0,32,0.749,0.721,-0.028,0.103,0.1353,14/32
